order_id,customer_id,category,order_value,discount_pct,payment_method,prior_orders,prior_returns,prior_return_ratio,category_return_rate,days_since_last_order,order_freq_30d,returned
100000,1027,Footwear,1797.69,42.5,UPI,14,2,0.143,0.24,47,1,0
100001,279,Apparel - Mens,2858.51,30.1,COD,20,0,0.0,0.19,27,1,1
100002,1393,Footwear,3177.56,17.2,UPI,11,1,0.091,0.24,86,1,0
100003,261,Furniture,7441.85,2.0,Credit Card,6,1,0.167,0.11,115,0,0
100004,872,Home & Kitchen,2959.69,20.9,Credit Card,14,4,0.286,0.07,3,4,0
100005,1795,Electronics,5525.88,5.5,Debit Card,16,3,0.188,0.09,62,0,0
100006,878,Footwear,2705.08,2.5,UPI,17,1,0.059,0.24,15,1,0
100007,485,Apparel - Mens,946.99,3.8,Credit Card,16,5,0.312,0.19,25,0,0
100008,1484,Electronics,4554.87,23.0,COD,6,1,0.167,0.09,0,0,0
100009,2117,Apparel - Mens,1679.18,10.5,Debit Card,16,3,0.188,0.19,79,1,0
100010,2022,Footwear,3026.36,8.2,UPI,17,1,0.059,0.24,163,1,0
100011,2194,Footwear,880.39,2.0,COD,7,1,0.143,0.24,9,1,0
100012,1935,Home & Kitchen,952.53,16.5,Credit Card,14,0,0.0,0.07,108,0,0
100013,592,Home & Kitchen,3609.87,26.5,COD,15,3,0.2,0.07,6,1,0
100014,1105,Apparel - Womens,1388.07,14.5,COD,11,1,0.091,0.28,97,2,0
100015,1005,Electronics,9515.37,4.9,UPI,9,2,0.222,0.09,10,1,0
100016,1740,Furniture,4975.56,26.6,UPI,8,1,0.125,0.11,3,1,1
100017,641,Footwear,2933.3,12.7,UPI,7,2,0.286,0.24,41,0,0
100018,546,Beauty,1044.14,32.2,Credit Card,14,6,0.429,0.05,10,0,0
100019,2174,Footwear,3223.65,7.6,Credit Card,19,5,0.263,0.24,10,0,1
100020,1176,Mobile Accessories,1496.12,22.7,Debit Card,14,2,0.143,0.06,3,1,0
100021,1302,Footwear,1194.6,20.0,Netbanking,15,7,0.467,0.24,5,0,0
100022,1859,Home & Kitchen,2399.77,27.2,Credit Card,11,2,0.182,0.07,47,1,0
100023,523,Home & Kitchen,3013.0,18.4,COD,18,5,0.278,0.07,8,3,1
100024,1662,Apparel - Mens,666.9,1.5,UPI,13,8,0.615,0.19,85,0,1
100025,1982,Footwear,560.45,33.0,UPI,9,1,0.111,0.24,6,3,1
100026,1213,Beauty,701.5,11.1,COD,10,0,0.0,0.05,43,3,0
100027,1725,Mobile Accessories,819.66,15.1,Credit Card,7,0,0.0,0.06,3,4,0
100028,993,Home & Kitchen,1736.88,5.0,COD,9,1,0.111,0.07,40,2,1
100029,1850,Mobile Accessories,539.61,6.3,COD,11,1,0.091,0.06,40,1,0
100030,2156,Apparel - Womens,2518.23,1.2,Credit Card,10,2,0.2,0.28,6,1,1
100031,1502,Electronics,6124.78,19.0,Debit Card,9,1,0.111,0.09,5,1,1
100032,697,Beauty,835.22,3.9,Debit Card,10,0,0.0,0.05,4,1,0
100033,1955,Furniture,8185.21,17.1,UPI,12,0,0.0,0.11,5,0,0
100034,600,Beauty,1512.59,33.8,Credit Card,14,0,0.0,0.05,33,0,0
100035,2048,Apparel - Mens,1353.33,26.4,Credit Card,14,7,0.5,0.19,0,1,1
100036,398,Electronics,3366.47,4.8,Debit Card,16,2,0.125,0.09,192,2,0
100037,477,Footwear,2764.15,2.4,UPI,13,0,0.0,0.24,53,1,0
100038,1454,Footwear,1953.93,20.0,Credit Card,10,2,0.2,0.24,10,0,1
100039,2042,Footwear,1000.19,6.8,Credit Card,10,3,0.3,0.24,28,1,0
100040,724,Furniture,10415.42,17.1,Debit Card,14,0,0.0,0.11,1,1,0
100041,1187,Mobile Accessories,812.65,22.1,UPI,8,0,0.0,0.06,69,3,0
100042,699,Beauty,796.82,17.6,Credit Card,11,3,0.273,0.05,17,1,1
100043,644,Footwear,3362.33,3.4,UPI,11,4,0.364,0.24,33,2,0
100044,1405,Electronics,8037.58,13.5,UPI,11,1,0.091,0.09,88,0,1
100045,708,Footwear,3272.81,15.4,Debit Card,10,1,0.1,0.24,13,2,0
100046,1428,Furniture,8674.28,23.8,Credit Card,16,3,0.188,0.11,3,2,0
100047,1562,Apparel - Womens,1141.08,4.4,Netbanking,12,5,0.417,0.28,53,0,0
100048,1593,Home & Kitchen,2062.78,18.2,Netbanking,8,3,0.375,0.07,61,0,0
100049,1161,Beauty,150.0,2.1,COD,13,1,0.077,0.05,8,0,0
100050,1125,Home & Kitchen,3339.34,26.4,COD,7,0,0.0,0.07,17,0,0
100051,1296,Footwear,2394.27,3.4,UPI,9,1,0.111,0.24,54,1,0
100052,774,Furniture,13892.64,10.2,UPI,9,4,0.444,0.11,14,3,0
100053,107,Apparel - Womens,1091.78,15.0,COD,12,4,0.333,0.28,121,1,0
100054,2020,Home & Kitchen,2052.46,8.0,Credit Card,9,0,0.0,0.07,55,2,1
100055,1997,Furniture,18166.83,26.6,UPI,19,0,0.0,0.11,18,0,0
100056,438,Electronics,3899.08,16.8,Credit Card,9,3,0.333,0.09,36,2,0
100057,42,Home & Kitchen,2438.65,20.3,Debit Card,11,3,0.273,0.07,4,3,0
100058,2081,Electronics,5257.78,4.1,UPI,8,1,0.125,0.09,28,2,0
100059,1579,Home & Kitchen,2061.07,8.5,Debit Card,15,1,0.067,0.07,60,3,1
100060,138,Footwear,1731.45,2.1,UPI,11,1,0.091,0.24,33,2,0
100061,1211,Beauty,1136.65,8.9,COD,11,5,0.455,0.05,52,1,0
100062,244,Electronics,5506.15,9.1,COD,8,1,0.125,0.09,6,1,0
100063,1769,Apparel - Mens,628.05,13.2,Debit Card,18,4,0.222,0.19,73,1,0
100064,709,Footwear,3260.24,29.5,UPI,13,6,0.462,0.24,6,2,1
100065,310,Footwear,3491.08,5.4,Credit Card,13,0,0.0,0.24,4,0,0
100066,2081,Apparel - Mens,1531.78,4.0,COD,8,1,0.125,0.19,31,1,0
100067,2131,Apparel - Womens,2132.34,21.9,COD,11,1,0.091,0.28,15,3,0
100068,923,Footwear,2116.41,19.2,UPI,11,0,0.0,0.24,31,0,0
100069,690,Apparel - Mens,1398.6,13.6,UPI,9,6,0.667,0.19,9,3,1
100070,160,Apparel - Womens,1799.86,8.5,COD,13,0,0.0,0.28,134,0,0
100071,1198,Mobile Accessories,687.38,1.8,COD,15,0,0.0,0.06,57,1,0
100072,412,Apparel - Womens,1675.99,9.9,COD,13,1,0.077,0.28,5,1,0
100073,1629,Electronics,6570.89,4.9,UPI,14,2,0.143,0.09,15,1,0
100074,1683,Apparel - Womens,3346.16,9.9,UPI,19,2,0.105,0.28,19,1,0
100075,2194,Footwear,1907.56,6.4,Credit Card,7,1,0.143,0.24,17,2,0
100076,1546,Furniture,2893.25,18.8,UPI,7,0,0.0,0.11,55,0,0
100077,852,Mobile Accessories,1028.98,13.6,UPI,13,0,0.0,0.06,29,3,0
100078,1610,Apparel - Mens,1312.37,4.8,Debit Card,11,1,0.091,0.19,18,1,0
100079,140,Home & Kitchen,3096.2,9.8,COD,7,1,0.143,0.07,5,1,0
100080,1589,Electronics,10034.97,20.2,COD,13,1,0.077,0.09,119,0,0
100081,1665,Apparel - Mens,2949.13,7.5,UPI,11,1,0.091,0.19,16,0,0
100082,39,Beauty,445.62,9.1,UPI,15,1,0.067,0.05,42,0,0
100083,2020,Apparel - Mens,1140.07,2.2,COD,9,0,0.0,0.19,16,1,0
100084,1338,Footwear,2851.64,43.1,COD,7,2,0.286,0.24,2,4,0
100085,1550,Apparel - Mens,736.87,5.4,UPI,20,6,0.3,0.19,9,2,0
100086,1447,Beauty,651.19,12.5,COD,14,0,0.0,0.05,5,3,0
100087,1963,Mobile Accessories,183.36,10.8,COD,12,3,0.25,0.06,55,1,1
100088,1511,Apparel - Womens,257.96,2.5,Debit Card,10,1,0.1,0.28,5,1,0
100089,946,Apparel - Mens,2775.55,4.4,UPI,14,6,0.429,0.19,15,1,0
100090,1670,Home & Kitchen,4262.33,14.9,Debit Card,16,1,0.062,0.07,151,2,0
100091,2016,Furniture,13133.37,14.5,UPI,12,1,0.083,0.11,21,0,0
100092,863,Home & Kitchen,2423.67,2.4,UPI,12,5,0.417,0.07,32,2,0
100093,1941,Mobile Accessories,1041.63,7.7,UPI,13,2,0.154,0.06,41,1,0
100094,1884,Mobile Accessories,577.1,20.9,UPI,13,5,0.385,0.06,93,0,1
100095,1872,Apparel - Mens,2222.82,6.7,Debit Card,11,1,0.091,0.19,1,0,0
100096,1986,Home & Kitchen,2811.44,12.2,Netbanking,9,2,0.222,0.07,64,0,0
100097,1352,Home & Kitchen,2829.64,6.0,Credit Card,16,5,0.312,0.07,146,2,0
100098,1585,Home & Kitchen,2787.5,10.6,Credit Card,13,3,0.231,0.07,11,0,0
100099,1533,Mobile Accessories,424.66,8.3,COD,13,2,0.154,0.06,97,1,0
100100,1994,Mobile Accessories,760.59,5.7,Credit Card,18,3,0.167,0.06,29,0,0
100101,1948,Home & Kitchen,1912.84,22.7,UPI,11,0,0.0,0.07,43,0,0
100102,773,Apparel - Mens,500.43,11.6,Credit Card,15,3,0.2,0.19,58,3,1
100103,1562,Furniture,8374.39,10.9,UPI,12,5,0.417,0.11,6,3,1
100104,8,Electronics,6431.23,7.4,UPI,16,0,0.0,0.09,10,0,0
100105,421,Beauty,1064.67,0.7,COD,16,3,0.188,0.05,16,2,0
100106,1946,Mobile Accessories,734.73,3.1,Netbanking,12,3,0.25,0.06,25,0,0
100107,327,Electronics,7165.36,3.9,UPI,14,1,0.071,0.09,129,0,0
100108,2164,Mobile Accessories,671.21,12.0,Credit Card,9,1,0.111,0.06,55,0,0
100109,599,Furniture,12246.56,19.2,COD,9,3,0.333,0.11,25,1,0
100110,1071,Mobile Accessories,538.64,5.7,Credit Card,10,1,0.1,0.06,41,0,0
100111,1693,Apparel - Womens,1492.31,2.3,COD,11,1,0.091,0.28,3,2,0
100112,1415,Apparel - Mens,1908.26,14.0,Credit Card,12,3,0.25,0.19,15,1,0
100113,1011,Footwear,2745.07,10.9,Credit Card,10,0,0.0,0.24,7,1,0
100114,645,Furniture,15165.46,7.2,COD,13,6,0.462,0.11,10,0,1
100115,1987,Furniture,10557.5,9.2,COD,7,2,0.286,0.11,0,0,0
100116,728,Home & Kitchen,2737.9,18.7,UPI,18,3,0.167,0.07,30,0,0
100117,1694,Home & Kitchen,3403.73,9.5,Credit Card,9,2,0.222,0.07,24,0,0
100118,1892,Apparel - Mens,1320.72,1.7,COD,9,3,0.333,0.19,43,3,0
100119,992,Furniture,12616.96,10.5,Debit Card,14,2,0.143,0.11,22,0,0
100120,1071,Home & Kitchen,2286.28,6.4,UPI,10,1,0.1,0.07,21,2,0
100121,388,Apparel - Mens,2728.29,2.5,UPI,13,5,0.385,0.19,17,0,0
100122,1037,Furniture,10403.55,11.0,COD,12,3,0.25,0.11,3,1,0
100123,1559,Footwear,2178.82,11.1,COD,10,2,0.2,0.24,12,3,1
100124,1318,Furniture,4369.36,15.1,COD,13,0,0.0,0.11,22,4,0
100125,628,Apparel - Womens,1561.07,11.8,COD,10,2,0.2,0.28,28,1,0
100126,1156,Apparel - Womens,2084.84,24.1,UPI,9,2,0.222,0.28,23,2,0
100127,2053,Beauty,857.11,17.2,UPI,14,3,0.214,0.05,102,1,0
100128,1087,Mobile Accessories,1036.47,13.6,Debit Card,14,5,0.357,0.06,32,1,1
100129,1251,Electronics,6321.44,6.9,Credit Card,15,1,0.067,0.09,12,3,0
100130,1119,Electronics,5783.23,22.0,UPI,18,1,0.056,0.09,0,4,0
100131,31,Beauty,662.28,10.9,Netbanking,8,1,0.125,0.05,139,0,0
100132,115,Home & Kitchen,2896.99,20.2,Credit Card,8,2,0.25,0.07,98,3,0
100133,106,Apparel - Womens,1745.42,15.2,COD,13,3,0.231,0.28,30,1,0
100134,595,Apparel - Womens,1669.98,5.9,UPI,15,0,0.0,0.28,59,0,1
100135,176,Apparel - Mens,2570.75,10.0,Credit Card,11,0,0.0,0.19,47,0,0
100136,1978,Apparel - Womens,2589.11,17.2,Debit Card,16,2,0.125,0.28,9,0,0
100137,227,Apparel - Womens,1787.42,15.9,COD,18,3,0.167,0.28,6,1,1
100138,815,Furniture,11346.53,19.1,Debit Card,14,2,0.143,0.11,5,0,0
100139,1540,Beauty,763.92,25.1,UPI,7,1,0.143,0.05,90,3,0
100140,159,Mobile Accessories,411.14,10.5,Credit Card,15,3,0.2,0.06,27,1,0
100141,741,Home & Kitchen,3311.67,15.7,COD,10,1,0.1,0.07,29,0,0
100142,1257,Home & Kitchen,3069.23,23.9,UPI,12,3,0.25,0.07,73,0,0
100143,99,Apparel - Womens,1892.77,5.8,UPI,9,4,0.444,0.28,16,1,0
100144,1480,Mobile Accessories,745.08,28.6,Credit Card,9,2,0.222,0.06,10,2,0
100145,1186,Home & Kitchen,3358.87,8.5,Credit Card,9,5,0.556,0.07,9,0,1
100146,722,Beauty,900.45,6.2,UPI,10,1,0.1,0.05,6,0,0
100147,1059,Electronics,10056.6,2.6,UPI,11,0,0.0,0.09,150,1,0
100148,1482,Furniture,6559.21,4.7,UPI,9,0,0.0,0.11,9,1,0
100149,957,Mobile Accessories,326.88,37.2,COD,13,2,0.154,0.06,6,3,0
100150,1073,Electronics,6207.29,23.2,COD,12,5,0.417,0.09,22,1,0
100151,1169,Mobile Accessories,1007.96,5.4,UPI,9,1,0.111,0.06,2,3,0
100152,133,Mobile Accessories,150.0,2.7,COD,15,3,0.2,0.06,89,2,1
100153,1545,Apparel - Womens,2061.01,9.6,UPI,21,8,0.381,0.28,40,0,0
100154,683,Electronics,12740.21,15.1,UPI,11,1,0.091,0.09,63,1,1
100155,1902,Apparel - Womens,1406.28,0.1,UPI,13,1,0.077,0.28,23,0,0
100156,1495,Footwear,2324.45,1.0,UPI,17,5,0.294,0.24,16,3,1
100157,14,Beauty,1425.13,27.8,Credit Card,10,0,0.0,0.05,8,1,0
100158,881,Beauty,510.3,5.7,Credit Card,13,2,0.154,0.05,2,2,0
100159,486,Beauty,800.34,10.4,Debit Card,12,0,0.0,0.05,13,0,0
100160,671,Home & Kitchen,1821.51,8.6,Credit Card,11,0,0.0,0.07,7,1,0
100161,1972,Mobile Accessories,1265.07,4.8,UPI,10,2,0.2,0.06,44,1,0
100162,608,Mobile Accessories,1404.99,3.3,UPI,11,3,0.273,0.06,26,0,0
100163,1174,Beauty,829.63,3.5,Credit Card,18,6,0.333,0.05,0,1,0
100164,454,Electronics,7091.46,26.0,UPI,12,0,0.0,0.09,2,2,0
100165,926,Home & Kitchen,1262.29,5.0,COD,12,2,0.167,0.07,17,1,0
100166,394,Mobile Accessories,840.84,8.9,COD,16,5,0.312,0.06,6,2,0
100167,138,Mobile Accessories,968.05,12.3,Credit Card,11,1,0.091,0.06,26,1,0
100168,649,Apparel - Mens,2463.38,15.8,Debit Card,17,2,0.118,0.19,85,0,1
100169,283,Apparel - Womens,1408.71,2.4,UPI,9,2,0.222,0.28,3,1,0
100170,1933,Footwear,1255.58,15.4,UPI,14,4,0.286,0.24,1,1,1
100171,1627,Furniture,13286.7,13.1,UPI,13,1,0.077,0.11,0,3,0
100172,2133,Electronics,8680.77,18.0,Debit Card,16,0,0.0,0.09,10,1,0
100173,1310,Beauty,1467.6,4.2,UPI,12,3,0.25,0.05,2,0,0
100174,1346,Apparel - Mens,2029.25,15.9,Credit Card,13,0,0.0,0.19,36,0,0
100175,1569,Electronics,7567.55,23.0,UPI,11,1,0.091,0.09,52,1,0
100176,2012,Beauty,930.03,28.4,UPI,11,3,0.273,0.05,26,2,0
100177,1717,Apparel - Womens,2579.81,4.5,Credit Card,7,1,0.143,0.28,6,1,0
100178,2192,Apparel - Womens,1726.7,1.8,COD,7,1,0.143,0.28,5,1,0
100179,2000,Electronics,11752.77,7.4,UPI,16,2,0.125,0.09,12,1,0
100180,1567,Apparel - Mens,1230.16,18.7,UPI,16,2,0.125,0.19,61,1,0
100181,956,Apparel - Womens,673.97,21.2,Credit Card,7,1,0.143,0.28,109,1,0
100182,2063,Home & Kitchen,2044.4,7.4,COD,5,0,0.0,0.07,143,0,0
100183,1475,Home & Kitchen,2952.06,8.8,UPI,8,0,0.0,0.07,60,2,0
100184,1453,Beauty,1114.45,13.3,COD,6,1,0.167,0.05,0,1,0
100185,1251,Furniture,4109.47,2.9,COD,15,1,0.067,0.11,7,3,0
100186,1058,Electronics,3976.73,5.2,UPI,13,3,0.231,0.09,31,0,0
100187,2061,Furniture,7531.36,11.1,Credit Card,21,2,0.095,0.11,0,1,0
100188,1873,Furniture,4585.74,19.8,UPI,13,3,0.231,0.11,11,1,1
100189,709,Furniture,10881.8,7.5,Credit Card,13,6,0.462,0.11,11,0,0
100190,768,Beauty,936.63,21.1,COD,10,3,0.3,0.05,17,2,0
100191,1522,Mobile Accessories,739.21,12.6,UPI,12,1,0.083,0.06,2,2,0
100192,33,Beauty,1603.82,2.7,UPI,15,0,0.0,0.05,6,1,0
100193,151,Footwear,2237.5,11.7,Netbanking,11,3,0.273,0.24,68,2,0
100194,1164,Furniture,9322.96,26.0,Debit Card,15,2,0.133,0.11,8,0,0
100195,1812,Mobile Accessories,615.65,4.1,Debit Card,18,3,0.167,0.06,23,0,0
100196,629,Electronics,5849.91,2.5,Debit Card,13,0,0.0,0.09,41,1,1
100197,2179,Furniture,9627.15,24.4,Credit Card,14,3,0.214,0.11,18,1,0
100198,679,Beauty,347.33,7.8,COD,13,0,0.0,0.05,35,1,0
100199,891,Mobile Accessories,362.77,39.8,Credit Card,15,5,0.333,0.06,103,1,0
100200,1724,Mobile Accessories,895.77,11.3,Debit Card,14,3,0.214,0.06,22,2,0
100201,1952,Apparel - Womens,150.0,10.0,Debit Card,16,3,0.188,0.28,151,2,0
100202,1943,Apparel - Womens,1802.23,13.9,UPI,12,0,0.0,0.28,18,2,0
100203,1448,Furniture,7695.79,25.1,UPI,17,1,0.059,0.11,0,4,0
100204,135,Beauty,1204.47,1.5,COD,9,1,0.111,0.05,22,0,0
100205,1061,Footwear,3161.89,11.5,COD,8,1,0.125,0.24,19,2,0
100206,1251,Apparel - Mens,2235.13,28.4,Debit Card,15,1,0.067,0.19,180,0,0
100207,642,Furniture,6264.45,3.5,Debit Card,12,5,0.417,0.11,89,1,0
100208,952,Electronics,9531.84,3.3,COD,10,0,0.0,0.09,44,3,1
100209,1700,Furniture,9679.46,13.2,UPI,11,1,0.091,0.11,30,1,0
100210,750,Electronics,6494.67,19.2,Credit Card,15,1,0.067,0.09,17,1,0
100211,1864,Apparel - Mens,3566.94,2.0,COD,14,7,0.5,0.19,72,0,0
100212,600,Electronics,4419.31,2.9,Credit Card,14,0,0.0,0.09,32,1,0
100213,1735,Apparel - Womens,1323.11,19.8,COD,12,2,0.167,0.28,17,0,1
100214,2195,Apparel - Womens,2051.11,11.4,UPI,9,4,0.444,0.28,32,1,1
100215,683,Beauty,150.0,14.0,UPI,11,1,0.091,0.05,19,2,0
100216,1416,Furniture,14159.68,3.0,COD,19,4,0.211,0.11,26,2,0
100217,2119,Home & Kitchen,2711.39,7.3,UPI,10,0,0.0,0.07,15,2,0
100218,559,Footwear,2050.34,13.9,Credit Card,11,2,0.182,0.24,2,1,0
100219,1414,Furniture,9949.8,16.4,Credit Card,11,3,0.273,0.11,4,4,1
100220,1139,Beauty,712.3,2.1,Credit Card,10,1,0.1,0.05,34,0,0
100221,648,Apparel - Mens,1598.3,5.5,COD,12,2,0.167,0.19,23,1,1
100222,1516,Mobile Accessories,684.16,9.5,Netbanking,10,0,0.0,0.06,88,1,0
100223,1771,Home & Kitchen,3055.39,12.2,UPI,15,0,0.0,0.07,9,2,0
100224,1232,Furniture,13002.97,11.8,Credit Card,14,5,0.357,0.11,27,1,1
100225,282,Mobile Accessories,510.65,1.4,Credit Card,14,1,0.071,0.06,11,2,0
100226,1299,Beauty,755.47,9.3,Debit Card,16,6,0.375,0.05,26,1,0
100227,1716,Electronics,5978.13,20.4,Credit Card,11,1,0.091,0.09,142,0,0
100228,186,Furniture,1228.08,12.2,Credit Card,12,4,0.333,0.11,5,1,0
100229,1162,Apparel - Mens,1354.24,0.3,COD,11,0,0.0,0.19,5,2,0
100230,1143,Beauty,794.2,1.0,Debit Card,12,3,0.25,0.05,67,1,0
100231,1747,Electronics,3176.45,17.3,COD,16,2,0.125,0.09,28,1,0
100232,641,Furniture,2273.39,27.3,Netbanking,7,2,0.286,0.11,87,2,0
100233,1602,Beauty,610.48,7.6,Credit Card,15,0,0.0,0.05,14,2,1
100234,544,Footwear,1306.16,15.7,Credit Card,13,7,0.538,0.24,72,3,0
100235,1973,Apparel - Womens,482.52,10.1,Credit Card,10,5,0.5,0.28,36,2,0
100236,2,Beauty,807.89,15.2,COD,11,2,0.182,0.05,33,1,0
100237,1063,Home & Kitchen,2897.57,4.3,COD,12,2,0.167,0.07,5,0,0
100238,793,Apparel - Mens,847.36,10.4,UPI,9,0,0.0,0.19,28,0,0
100239,647,Apparel - Womens,1401.88,7.6,Credit Card,14,5,0.357,0.28,53,1,0
100240,716,Footwear,2217.49,7.3,Credit Card,12,2,0.167,0.24,24,0,0
100241,1108,Apparel - Womens,1762.64,12.0,UPI,12,2,0.167,0.28,1,3,0
100242,770,Home & Kitchen,1487.88,9.4,Debit Card,16,0,0.0,0.07,160,2,0
100243,1364,Footwear,5428.16,12.8,UPI,13,0,0.0,0.24,25,1,0
100244,1379,Furniture,4792.67,6.3,COD,10,1,0.1,0.11,108,1,0
100245,1394,Furniture,7507.88,4.3,Debit Card,8,2,0.25,0.11,23,2,1
100246,1567,Footwear,2966.32,18.5,UPI,16,2,0.125,0.24,66,0,0
100247,24,Home & Kitchen,925.17,2.6,UPI,12,2,0.167,0.07,31,1,0
100248,1786,Home & Kitchen,3136.67,13.6,Credit Card,18,8,0.444,0.07,159,1,0
100249,1577,Furniture,1007.17,11.6,UPI,7,3,0.429,0.11,0,2,1
100250,565,Home & Kitchen,1338.0,2.6,COD,11,3,0.273,0.07,19,0,0
100251,2112,Mobile Accessories,776.55,6.8,Debit Card,11,2,0.182,0.06,30,0,0
100252,179,Mobile Accessories,517.43,13.9,Debit Card,11,0,0.0,0.06,29,0,0
100253,1531,Furniture,9789.54,28.5,COD,11,0,0.0,0.11,14,2,0
100254,34,Mobile Accessories,619.54,24.7,Debit Card,13,1,0.077,0.06,4,1,0
100255,583,Furniture,12385.26,24.1,UPI,8,2,0.25,0.11,30,0,1
100256,726,Furniture,7814.11,2.0,Credit Card,10,3,0.3,0.11,26,1,0
100257,1480,Apparel - Mens,2063.89,0.5,UPI,9,2,0.222,0.19,32,0,0
100258,1845,Home & Kitchen,1892.17,10.4,Debit Card,11,4,0.364,0.07,12,0,1
100259,1141,Mobile Accessories,640.73,19.6,COD,18,3,0.167,0.06,15,1,0
100260,372,Home & Kitchen,3102.28,18.3,Netbanking,12,3,0.25,0.07,18,3,1
100261,76,Apparel - Womens,1692.65,8.5,UPI,9,2,0.222,0.28,100,0,0
100262,1498,Apparel - Mens,2323.2,0.7,Netbanking,13,1,0.077,0.19,9,2,0
100263,932,Furniture,15079.78,12.6,Credit Card,6,0,0.0,0.11,4,0,0
100264,1711,Electronics,4639.44,6.5,UPI,13,1,0.077,0.09,52,1,0
100265,1435,Electronics,3605.62,33.4,Credit Card,9,0,0.0,0.09,89,0,0
100266,2023,Mobile Accessories,585.33,12.9,Credit Card,11,4,0.364,0.06,2,2,0
100267,1676,Apparel - Mens,1097.75,20.8,UPI,11,5,0.455,0.19,40,0,0
100268,835,Footwear,150.0,17.6,UPI,19,0,0.0,0.24,8,1,0
100269,695,Footwear,3979.77,5.6,COD,14,5,0.357,0.24,34,3,0
100270,846,Beauty,691.45,10.9,UPI,13,6,0.462,0.05,34,4,0
100271,1127,Beauty,1347.82,4.1,COD,15,0,0.0,0.05,68,3,0
100272,742,Footwear,3189.52,16.4,UPI,13,0,0.0,0.24,37,1,0
100273,405,Beauty,263.16,15.6,COD,11,2,0.182,0.05,10,0,0
100274,2134,Mobile Accessories,627.52,7.6,Credit Card,8,2,0.25,0.06,34,2,0
100275,1029,Home & Kitchen,2912.99,5.5,Debit Card,15,1,0.067,0.07,0,1,0
100276,1185,Electronics,5384.6,19.9,Credit Card,12,1,0.083,0.09,42,1,0
100277,590,Apparel - Mens,828.24,6.9,Credit Card,9,0,0.0,0.19,51,1,0
100278,1883,Electronics,2477.81,10.5,UPI,13,5,0.385,0.09,29,2,0
100279,1232,Furniture,3669.38,4.2,UPI,14,5,0.357,0.11,31,0,0
100280,1600,Apparel - Mens,1437.01,7.7,Credit Card,13,3,0.231,0.19,7,0,1
100281,2071,Mobile Accessories,886.75,3.6,UPI,11,0,0.0,0.06,32,3,0
100282,1263,Beauty,1378.04,13.4,UPI,13,2,0.154,0.05,63,1,0
100283,763,Electronics,10505.8,4.3,UPI,12,0,0.0,0.09,23,1,0
100284,1249,Beauty,858.9,22.7,UPI,10,2,0.2,0.05,67,2,0
100285,805,Apparel - Mens,2045.04,1.5,COD,13,1,0.077,0.19,63,0,0
100286,343,Footwear,1632.56,7.0,UPI,15,4,0.267,0.24,26,0,0
100287,1713,Electronics,6720.22,14.2,Credit Card,13,2,0.154,0.09,13,0,1
100288,608,Beauty,1015.04,23.3,UPI,11,3,0.273,0.05,0,1,0
100289,1751,Electronics,5684.78,24.4,UPI,16,2,0.125,0.09,40,1,0
100290,514,Footwear,2078.95,5.6,UPI,14,2,0.143,0.24,2,0,0
100291,125,Home & Kitchen,1942.2,26.0,Credit Card,13,1,0.077,0.07,6,3,0
100292,703,Home & Kitchen,2649.14,20.7,Netbanking,11,5,0.455,0.07,53,1,1
100293,2103,Electronics,3494.38,14.6,Netbanking,11,4,0.364,0.09,9,2,1
100294,314,Home & Kitchen,2948.06,20.2,COD,8,0,0.0,0.07,2,0,0
100295,204,Furniture,12883.36,19.0,Credit Card,9,0,0.0,0.11,50,1,0
100296,1854,Furniture,14153.13,4.3,Credit Card,16,0,0.0,0.11,28,2,0
100297,945,Apparel - Womens,809.18,6.1,UPI,13,1,0.077,0.28,25,2,0
100298,1024,Footwear,2251.75,3.0,Credit Card,14,2,0.143,0.24,17,3,0
100299,1565,Furniture,9873.84,9.0,Netbanking,9,0,0.0,0.11,12,2,0
100300,47,Electronics,4961.43,21.8,Credit Card,8,1,0.125,0.09,13,1,0
100301,1416,Furniture,12463.09,10.3,Credit Card,19,4,0.211,0.11,22,2,1
100302,627,Home & Kitchen,2830.18,5.5,Credit Card,9,2,0.222,0.07,95,0,0
100303,1698,Footwear,3515.01,3.0,COD,15,3,0.2,0.24,6,3,0
100304,119,Beauty,1082.87,4.5,UPI,9,1,0.111,0.05,6,2,0
100305,1401,Apparel - Mens,1360.21,4.9,COD,12,4,0.333,0.19,8,2,1
100306,2119,Mobile Accessories,1030.8,14.8,COD,10,0,0.0,0.06,2,0,0
100307,1551,Furniture,3731.42,34.3,UPI,17,1,0.059,0.11,82,0,0
100308,1284,Mobile Accessories,231.56,14.0,Credit Card,11,5,0.455,0.06,34,3,0
100309,307,Furniture,7383.3,2.3,UPI,11,3,0.273,0.11,10,2,0
100310,615,Mobile Accessories,644.78,4.4,Credit Card,12,4,0.333,0.06,2,1,0
100311,379,Footwear,2376.09,8.8,UPI,12,4,0.333,0.24,42,0,0
100312,2091,Apparel - Womens,1063.01,25.7,COD,13,4,0.308,0.28,14,1,0
100313,51,Home & Kitchen,2386.38,14.5,Credit Card,12,4,0.333,0.07,31,1,1
100314,1805,Home & Kitchen,1914.63,10.7,UPI,19,2,0.105,0.07,37,0,0
100315,2094,Beauty,668.08,16.8,UPI,18,5,0.278,0.05,30,1,0
100316,334,Home & Kitchen,2452.48,12.9,COD,13,0,0.0,0.07,4,3,0
100317,2117,Beauty,1013.22,20.0,UPI,16,3,0.188,0.05,32,4,0
100318,2100,Apparel - Mens,1959.64,3.6,COD,9,1,0.111,0.19,11,2,0
100319,1370,Electronics,4544.87,17.4,Debit Card,6,2,0.333,0.09,12,2,1
100320,821,Electronics,5362.73,17.2,Debit Card,13,2,0.154,0.09,82,1,0
100321,1571,Home & Kitchen,3570.57,18.5,UPI,13,0,0.0,0.07,57,1,1
100322,2140,Electronics,9030.46,8.3,Credit Card,13,2,0.154,0.09,3,1,0
100323,2059,Footwear,1630.93,22.5,Credit Card,16,0,0.0,0.24,27,1,0
100324,665,Beauty,946.83,14.5,COD,14,3,0.214,0.05,6,0,1
100325,1810,Beauty,1254.43,17.2,Debit Card,15,6,0.4,0.05,229,3,0
100326,1302,Apparel - Mens,833.4,3.9,UPI,15,7,0.467,0.19,17,1,1
100327,2075,Apparel - Womens,2127.38,22.9,UPI,14,0,0.0,0.28,19,3,0
100328,640,Apparel - Mens,389.23,9.2,Credit Card,11,3,0.273,0.19,32,4,0
100329,1841,Electronics,9014.65,4.5,Credit Card,13,2,0.154,0.09,85,0,0
100330,1144,Home & Kitchen,1468.35,20.4,COD,15,0,0.0,0.07,0,1,0
100331,1736,Furniture,6963.5,9.4,Debit Card,18,5,0.278,0.11,41,2,0
100332,1452,Furniture,9213.31,8.4,Credit Card,8,3,0.375,0.11,19,0,0
100333,1418,Furniture,7739.46,2.0,Debit Card,8,3,0.375,0.11,23,2,0
100334,673,Apparel - Mens,1331.38,20.3,COD,9,0,0.0,0.19,21,0,0
100335,810,Beauty,499.06,5.8,Credit Card,11,2,0.182,0.05,57,0,0
100336,78,Footwear,1498.57,9.8,COD,6,1,0.167,0.24,44,1,0
100337,627,Apparel - Womens,2268.54,5.1,Credit Card,9,2,0.222,0.28,38,0,0
100338,53,Furniture,13183.2,3.1,COD,9,2,0.222,0.11,10,2,1
100339,1763,Apparel - Womens,1807.71,18.9,Netbanking,16,2,0.125,0.28,15,3,0
100340,602,Footwear,2252.68,20.1,Debit Card,14,4,0.286,0.24,1,2,1
100341,1131,Home & Kitchen,1537.88,1.9,Debit Card,10,3,0.3,0.07,23,2,0
100342,2140,Apparel - Mens,1421.25,11.8,UPI,13,2,0.154,0.19,68,1,0
100343,1249,Beauty,705.79,8.7,Credit Card,10,2,0.2,0.05,5,3,0
100344,705,Electronics,10307.8,17.3,Credit Card,9,1,0.111,0.09,26,3,0
100345,1309,Home & Kitchen,2986.25,10.8,Credit Card,10,3,0.3,0.07,41,1,0
100346,1373,Home & Kitchen,2334.57,2.9,Credit Card,18,4,0.222,0.07,121,0,0
100347,81,Apparel - Womens,2268.75,4.4,UPI,14,2,0.143,0.28,56,1,1
100348,1170,Footwear,1464.14,2.9,Debit Card,18,9,0.5,0.24,18,1,0
100349,1609,Footwear,2343.49,3.9,Credit Card,11,0,0.0,0.24,8,0,0
100350,2140,Footwear,1673.36,16.5,COD,13,2,0.154,0.24,18,2,0
100351,1745,Furniture,12479.14,5.1,Debit Card,10,0,0.0,0.11,61,4,0
100352,1574,Beauty,538.45,6.1,Credit Card,9,0,0.0,0.05,19,0,0
100353,557,Apparel - Mens,1882.26,8.9,Credit Card,17,0,0.0,0.19,111,1,0
100354,1593,Beauty,874.78,1.7,Credit Card,8,3,0.375,0.05,33,0,1
100355,1009,Home & Kitchen,418.32,6.9,COD,11,1,0.091,0.07,22,0,0
100356,130,Apparel - Womens,1467.04,7.2,Credit Card,12,1,0.083,0.28,16,2,0
100357,216,Mobile Accessories,1068.52,9.1,Credit Card,8,0,0.0,0.06,2,1,0
100358,583,Beauty,473.74,7.3,UPI,8,2,0.25,0.05,51,1,0
100359,1162,Mobile Accessories,229.91,6.8,COD,11,0,0.0,0.06,50,1,0
100360,1498,Electronics,7585.16,9.5,Credit Card,13,1,0.077,0.09,38,1,0
100361,367,Electronics,9612.28,4.1,Credit Card,17,2,0.118,0.09,6,1,0
100362,443,Apparel - Womens,1947.81,4.7,Credit Card,14,9,0.643,0.28,18,2,1
100363,991,Beauty,1447.7,21.4,UPI,15,0,0.0,0.05,1,0,0
100364,306,Mobile Accessories,584.08,6.7,UPI,17,1,0.059,0.06,13,0,0
100365,115,Electronics,9319.39,3.0,Credit Card,8,2,0.25,0.09,56,1,0
100366,1649,Mobile Accessories,1106.76,2.1,UPI,13,1,0.077,0.06,7,0,0
100367,1049,Apparel - Womens,2798.3,11.6,COD,11,3,0.273,0.28,31,1,1
100368,1667,Apparel - Mens,1669.22,8.7,Credit Card,13,4,0.308,0.19,10,1,1
100369,566,Electronics,8673.12,33.1,Debit Card,13,4,0.308,0.09,27,2,0
100370,1029,Apparel - Womens,1689.24,15.9,UPI,15,1,0.067,0.28,107,1,0
100371,1547,Furniture,11489.36,5.8,COD,17,2,0.118,0.11,84,0,0
100372,202,Beauty,1060.16,10.5,Credit Card,13,0,0.0,0.05,7,1,0
100373,206,Beauty,611.86,4.3,Credit Card,11,3,0.273,0.05,33,1,1
100374,1126,Footwear,2251.98,8.6,Debit Card,9,1,0.111,0.24,36,2,1
100375,1474,Apparel - Mens,802.09,31.1,Credit Card,11,0,0.0,0.19,15,0,1
100376,706,Mobile Accessories,759.39,4.2,Debit Card,16,6,0.375,0.06,22,0,1
100377,87,Electronics,5351.67,6.1,Credit Card,10,2,0.2,0.09,42,0,1
100378,2046,Electronics,5932.07,2.9,Debit Card,11,1,0.091,0.09,125,0,0
100379,302,Apparel - Mens,1849.22,19.5,Credit Card,14,0,0.0,0.19,17,0,0
100380,655,Apparel - Mens,1430.29,22.9,Credit Card,10,1,0.1,0.19,3,1,1
100381,959,Apparel - Mens,1588.07,6.2,Credit Card,10,3,0.3,0.19,18,3,1
100382,895,Electronics,7977.64,25.4,Credit Card,11,0,0.0,0.09,37,1,0
100383,803,Mobile Accessories,362.73,2.7,Credit Card,7,0,0.0,0.06,1,2,0
100384,171,Home & Kitchen,2268.61,32.3,COD,9,2,0.222,0.07,56,1,0
100385,2111,Home & Kitchen,2190.07,20.7,COD,8,1,0.125,0.07,2,2,1
100386,1808,Home & Kitchen,1082.29,6.0,Credit Card,11,1,0.091,0.07,27,0,0
100387,1981,Mobile Accessories,283.85,15.2,Credit Card,17,5,0.294,0.06,13,1,0
100388,1098,Footwear,1342.64,29.0,Credit Card,13,6,0.462,0.24,0,1,1
100389,1690,Mobile Accessories,630.41,24.2,Debit Card,13,0,0.0,0.06,37,0,1
100390,551,Home & Kitchen,1802.5,33.7,Credit Card,17,5,0.294,0.07,2,2,0
100391,1343,Mobile Accessories,150.0,20.7,Credit Card,17,0,0.0,0.06,18,1,0
100392,1562,Furniture,9813.07,6.2,UPI,12,5,0.417,0.11,44,3,0
100393,1312,Mobile Accessories,618.99,13.3,Credit Card,11,4,0.364,0.06,8,1,0
100394,1926,Mobile Accessories,743.33,17.8,COD,8,5,0.625,0.06,40,2,1
100395,2016,Furniture,13389.85,6.4,UPI,12,1,0.083,0.11,8,1,0
100396,1625,Home & Kitchen,2694.77,6.8,COD,13,1,0.077,0.07,5,3,0
100397,897,Beauty,1226.76,3.7,UPI,16,4,0.25,0.05,4,0,1
100398,190,Mobile Accessories,765.28,4.2,Netbanking,16,7,0.438,0.06,34,0,1
100399,573,Home & Kitchen,2301.25,16.3,Credit Card,8,0,0.0,0.07,8,1,0
100400,1844,Apparel - Womens,1620.94,0.5,Debit Card,10,3,0.3,0.28,11,2,0
100401,1936,Apparel - Womens,3745.71,21.4,UPI,12,3,0.25,0.28,31,2,1
100402,557,Beauty,823.85,14.2,COD,17,0,0.0,0.05,14,1,0
100403,630,Mobile Accessories,827.55,4.6,Netbanking,6,2,0.333,0.06,34,1,0
100404,1028,Apparel - Mens,1360.04,24.3,UPI,7,2,0.286,0.19,3,0,0
100405,73,Electronics,4307.75,2.1,UPI,13,1,0.077,0.09,44,0,0
100406,1262,Footwear,416.79,18.7,Credit Card,14,2,0.143,0.24,11,1,0
100407,12,Apparel - Womens,2501.42,0.9,UPI,12,2,0.167,0.28,157,1,0
100408,1060,Apparel - Mens,1326.03,9.5,UPI,16,4,0.25,0.19,26,1,0
100409,448,Mobile Accessories,893.96,0.7,Credit Card,10,0,0.0,0.06,17,2,0
100410,1919,Apparel - Womens,367.51,10.2,COD,11,2,0.182,0.28,9,3,0
100411,778,Electronics,150.0,16.4,UPI,15,4,0.267,0.09,14,1,1
100412,707,Furniture,9404.37,7.6,COD,13,3,0.231,0.11,5,2,0
100413,454,Footwear,3895.67,15.6,COD,12,0,0.0,0.24,91,2,0
100414,1419,Furniture,9672.42,10.6,Credit Card,17,5,0.294,0.11,118,2,0
100415,471,Home & Kitchen,2467.48,26.0,Debit Card,9,1,0.111,0.07,8,1,0
100416,1137,Furniture,9600.75,3.2,UPI,13,9,0.692,0.11,19,0,0
100417,1027,Apparel - Mens,1147.6,14.3,Credit Card,14,2,0.143,0.19,21,2,0
100418,577,Home & Kitchen,3505.39,8.4,Netbanking,8,2,0.25,0.07,2,2,1
100419,1698,Apparel - Mens,731.3,16.2,UPI,15,3,0.2,0.19,19,0,0
100420,865,Electronics,4332.43,8.3,Debit Card,9,0,0.0,0.09,21,1,0
100421,1792,Home & Kitchen,1992.7,9.4,UPI,9,1,0.111,0.07,4,3,0
100422,1080,Mobile Accessories,723.76,8.5,Credit Card,11,0,0.0,0.06,4,1,0
100423,1162,Furniture,10356.5,7.1,Credit Card,11,0,0.0,0.11,39,1,0
100424,1521,Mobile Accessories,415.87,23.5,Credit Card,7,3,0.429,0.06,33,1,1
100425,805,Furniture,7794.15,7.4,Credit Card,13,1,0.077,0.11,45,3,1
100426,2060,Furniture,7867.09,13.6,UPI,11,1,0.091,0.11,123,2,0
100427,1034,Home & Kitchen,1630.68,16.2,Credit Card,10,3,0.3,0.07,19,1,0
100428,1959,Beauty,464.21,17.6,Credit Card,8,0,0.0,0.05,14,2,0
100429,1186,Beauty,481.63,8.1,Credit Card,9,5,0.556,0.05,10,2,1
100430,734,Beauty,595.75,8.3,UPI,14,6,0.429,0.05,5,0,0
100431,2037,Mobile Accessories,868.46,6.8,COD,13,4,0.308,0.06,108,2,0
100432,1095,Mobile Accessories,525.11,8.4,Credit Card,15,3,0.2,0.06,2,0,0
100433,1214,Footwear,3388.89,21.7,UPI,16,0,0.0,0.24,3,1,0
100434,1567,Beauty,485.25,16.4,Credit Card,16,2,0.125,0.05,46,2,0
100435,137,Beauty,1017.17,6.9,COD,19,1,0.053,0.05,54,1,0
100436,1915,Beauty,1123.51,15.6,COD,11,4,0.364,0.05,53,1,1
100437,2121,Furniture,9374.69,25.7,UPI,15,1,0.067,0.11,34,1,0
100438,436,Apparel - Womens,2245.54,17.7,Credit Card,17,6,0.353,0.28,87,3,1
100439,394,Beauty,889.27,10.6,Debit Card,16,5,0.312,0.05,18,0,0
100440,1344,Home & Kitchen,2263.55,9.6,COD,12,2,0.167,0.07,74,3,0
100441,1833,Footwear,752.22,12.1,UPI,16,2,0.125,0.24,1,1,0
100442,1723,Beauty,1067.25,4.6,COD,14,1,0.071,0.05,24,2,0
100443,2105,Electronics,7492.52,1.9,UPI,16,12,0.75,0.09,73,4,0
100444,1431,Mobile Accessories,735.06,13.2,Netbanking,12,0,0.0,0.06,37,1,0
100445,2106,Mobile Accessories,683.71,9.4,Credit Card,9,4,0.444,0.06,1,1,1
100446,928,Beauty,452.07,9.8,Debit Card,11,2,0.182,0.05,125,0,0
100447,562,Apparel - Womens,1803.49,7.8,Credit Card,13,2,0.154,0.28,72,0,0
100448,13,Furniture,13269.58,17.0,UPI,12,4,0.333,0.11,33,1,0
100449,19,Electronics,3420.01,3.3,Credit Card,17,0,0.0,0.09,35,0,0
100450,859,Apparel - Mens,2041.28,24.4,UPI,10,3,0.3,0.19,65,2,1
100451,560,Beauty,1200.58,4.5,COD,9,3,0.333,0.05,18,0,0
100452,1898,Furniture,5742.26,9.5,UPI,13,1,0.077,0.11,2,2,0
100453,1734,Beauty,1144.25,3.3,UPI,8,2,0.25,0.05,69,0,0
100454,1785,Electronics,9336.79,29.7,COD,9,1,0.111,0.09,11,1,0
100455,2096,Footwear,2761.79,9.2,Debit Card,11,3,0.273,0.24,32,0,1
100456,1356,Mobile Accessories,209.7,7.8,UPI,12,0,0.0,0.06,27,0,0
100457,1654,Apparel - Mens,618.25,1.7,COD,16,1,0.062,0.19,6,0,0
100458,1765,Apparel - Womens,2286.25,9.7,Credit Card,15,1,0.067,0.28,6,1,0
100459,1822,Footwear,1451.07,18.7,COD,11,2,0.182,0.24,33,1,1
100460,1820,Furniture,13493.52,9.6,Credit Card,7,1,0.143,0.11,3,0,0
100461,843,Beauty,577.9,8.8,Netbanking,9,2,0.222,0.05,1,1,1
100462,2121,Apparel - Mens,1782.15,20.9,UPI,15,1,0.067,0.19,62,4,0
100463,149,Electronics,7912.0,5.7,UPI,10,0,0.0,0.09,17,1,0
100464,1468,Footwear,4893.52,12.4,Debit Card,11,0,0.0,0.24,4,1,0
100465,520,Apparel - Mens,445.92,17.8,Debit Card,8,0,0.0,0.19,116,2,1
100466,1195,Beauty,199.28,8.0,UPI,17,10,0.588,0.05,29,3,1
100467,339,Furniture,7360.12,6.7,Credit Card,16,0,0.0,0.11,9,0,0
100468,750,Home & Kitchen,3091.58,10.6,UPI,15,1,0.067,0.07,56,2,0
100469,1336,Mobile Accessories,877.97,15.4,Credit Card,12,2,0.167,0.06,0,1,0
100470,1273,Apparel - Mens,1434.85,18.0,UPI,12,5,0.417,0.19,1,1,0
100471,31,Mobile Accessories,726.69,5.4,Debit Card,8,1,0.125,0.06,3,0,0
100472,1470,Electronics,9654.66,17.3,Netbanking,13,6,0.462,0.09,82,0,0
100473,1371,Apparel - Womens,1203.41,5.4,Credit Card,13,3,0.231,0.28,49,3,0
100474,394,Apparel - Mens,798.87,15.9,COD,16,5,0.312,0.19,3,1,0
100475,1541,Apparel - Mens,2204.43,5.2,UPI,8,1,0.125,0.19,7,0,0
100476,1268,Electronics,8391.03,16.0,UPI,18,2,0.111,0.09,19,4,1
100477,2131,Electronics,9655.29,1.0,Debit Card,11,1,0.091,0.09,52,1,0
100478,966,Footwear,2551.63,7.0,UPI,12,4,0.333,0.24,19,1,1
100479,1430,Apparel - Womens,1731.99,0.6,Debit Card,10,0,0.0,0.28,5,1,0
100480,359,Apparel - Womens,2065.9,13.1,UPI,12,3,0.25,0.28,1,2,0
100481,1569,Mobile Accessories,827.22,5.4,Credit Card,11,1,0.091,0.06,6,0,0
100482,2147,Apparel - Mens,2320.95,31.1,Netbanking,15,2,0.133,0.19,0,1,0
100483,1928,Footwear,3070.04,2.4,Netbanking,18,1,0.056,0.24,32,1,0
100484,215,Electronics,11922.78,4.4,COD,9,6,0.667,0.09,61,3,1
100485,508,Beauty,512.26,25.9,UPI,12,2,0.167,0.05,53,2,0
100486,1669,Apparel - Womens,514.95,39.9,Credit Card,10,5,0.5,0.28,10,2,1
100487,1446,Home & Kitchen,2189.22,12.1,Credit Card,11,6,0.545,0.07,57,1,1
100488,922,Footwear,4566.8,12.9,COD,14,0,0.0,0.24,50,2,0
100489,636,Beauty,1631.64,17.2,Credit Card,8,1,0.125,0.05,31,0,0
100490,516,Apparel - Womens,1647.94,10.6,UPI,11,3,0.273,0.28,10,0,0
100491,406,Apparel - Womens,1586.77,8.2,COD,11,2,0.182,0.28,29,2,1
100492,134,Furniture,12981.77,5.6,COD,6,1,0.167,0.11,29,1,1
100493,902,Furniture,10274.47,3.7,COD,17,11,0.647,0.11,21,1,1
100494,1258,Beauty,727.31,10.7,UPI,10,0,0.0,0.05,14,0,0
100495,1149,Mobile Accessories,1315.88,10.8,UPI,14,4,0.286,0.06,18,0,0
100496,391,Home & Kitchen,827.57,14.9,Credit Card,9,2,0.222,0.07,15,0,0
100497,1337,Apparel - Mens,2412.99,6.8,Debit Card,7,2,0.286,0.19,23,0,0
100498,254,Beauty,150.0,15.2,UPI,11,1,0.091,0.05,56,0,0
100499,1583,Furniture,16319.9,12.9,COD,10,2,0.2,0.11,9,2,0
100500,69,Beauty,738.17,6.4,Netbanking,8,0,0.0,0.05,67,1,0
100501,262,Electronics,15055.81,11.8,Credit Card,11,5,0.455,0.09,29,3,1
100502,1761,Electronics,7895.12,3.6,Debit Card,14,3,0.214,0.09,6,1,0
100503,2002,Beauty,633.58,10.1,UPI,12,5,0.417,0.05,82,1,0
100504,70,Footwear,2657.01,10.8,UPI,16,6,0.375,0.24,38,1,0
100505,1783,Furniture,9473.2,11.9,COD,8,1,0.125,0.11,3,2,0
100506,784,Mobile Accessories,714.48,1.5,COD,10,2,0.2,0.06,78,1,0
100507,516,Furniture,150.0,19.6,Credit Card,11,3,0.273,0.11,8,0,1
100508,1121,Apparel - Womens,2084.26,13.4,Credit Card,12,1,0.083,0.28,5,0,0
100509,1731,Beauty,1250.45,3.9,Credit Card,10,2,0.2,0.05,29,3,1
100510,542,Apparel - Womens,1485.02,2.0,Credit Card,10,0,0.0,0.28,3,2,1
100511,352,Mobile Accessories,350.07,6.9,Credit Card,12,1,0.083,0.06,49,4,0
100512,1482,Electronics,11058.42,3.8,UPI,9,0,0.0,0.09,34,1,0
100513,1754,Beauty,1120.16,13.2,Debit Card,14,8,0.571,0.05,132,1,1
100514,1434,Apparel - Womens,2092.39,17.1,Credit Card,7,2,0.286,0.28,11,0,0
100515,1103,Beauty,1343.71,5.0,UPI,11,1,0.091,0.05,1,1,0
100516,1564,Beauty,1246.94,8.6,Credit Card,16,2,0.125,0.05,9,3,0
100517,1145,Furniture,8630.98,4.4,UPI,18,3,0.167,0.11,23,1,0
100518,820,Footwear,2001.59,1.4,UPI,13,2,0.154,0.24,40,1,0
100519,1164,Beauty,278.95,18.2,Netbanking,15,2,0.133,0.05,61,0,0
100520,695,Apparel - Mens,1801.24,10.4,Credit Card,14,5,0.357,0.19,11,0,0
100521,852,Apparel - Mens,1159.98,6.6,UPI,13,0,0.0,0.19,17,4,1
100522,272,Apparel - Womens,2234.75,6.1,Credit Card,17,3,0.176,0.28,53,1,0
100523,2072,Furniture,9138.91,21.8,UPI,9,1,0.111,0.11,10,0,0
100524,897,Mobile Accessories,336.86,14.0,COD,16,4,0.25,0.06,12,5,1
100525,401,Apparel - Mens,1113.06,1.8,COD,7,0,0.0,0.19,40,3,0
100526,582,Electronics,7428.75,7.3,Credit Card,14,6,0.429,0.09,24,1,1
100527,1744,Mobile Accessories,359.69,10.3,Credit Card,15,0,0.0,0.06,5,4,0
100528,1076,Apparel - Mens,2169.54,2.1,UPI,8,2,0.25,0.19,30,2,1
100529,311,Electronics,7808.54,8.0,COD,15,1,0.067,0.09,37,0,0
100530,563,Home & Kitchen,3446.36,0.5,UPI,11,1,0.091,0.07,14,2,0
100531,60,Beauty,682.44,20.4,Debit Card,14,0,0.0,0.05,9,0,0
100532,1330,Beauty,799.19,5.3,COD,11,2,0.182,0.05,45,0,0
100533,1500,Home & Kitchen,2738.57,11.2,UPI,13,0,0.0,0.07,55,1,0
100534,1747,Apparel - Mens,770.83,0.9,Debit Card,16,2,0.125,0.19,53,0,1
100535,405,Electronics,4818.05,10.9,COD,11,2,0.182,0.09,11,0,0
100536,1511,Home & Kitchen,1972.36,12.7,UPI,10,1,0.1,0.07,55,0,0
100537,250,Apparel - Mens,2208.52,19.9,UPI,9,2,0.222,0.19,106,3,0
100538,419,Furniture,5955.79,13.0,COD,9,2,0.222,0.11,53,1,0
100539,849,Apparel - Womens,1145.26,6.6,Debit Card,13,0,0.0,0.28,131,1,0
100540,800,Mobile Accessories,812.64,0.9,COD,10,2,0.2,0.06,27,0,1
100541,649,Home & Kitchen,441.46,5.0,COD,17,2,0.118,0.07,22,2,0
100542,1616,Apparel - Womens,961.79,9.7,UPI,18,9,0.5,0.28,80,2,1
100543,2153,Apparel - Womens,1323.17,0.9,Netbanking,12,5,0.417,0.28,14,2,1
100544,1758,Apparel - Mens,150.0,28.8,UPI,8,1,0.125,0.19,15,2,0
100545,1072,Furniture,11329.1,6.8,Credit Card,14,4,0.286,0.11,4,1,0
100546,737,Apparel - Mens,1145.72,8.8,COD,15,3,0.2,0.19,19,1,0
100547,1939,Apparel - Mens,2208.14,1.6,UPI,10,0,0.0,0.19,133,2,0
100548,1548,Beauty,602.17,6.5,UPI,12,0,0.0,0.05,28,2,0
100549,1389,Mobile Accessories,920.87,5.2,Netbanking,9,4,0.444,0.06,117,2,1
100550,260,Mobile Accessories,884.21,10.3,COD,11,5,0.455,0.06,38,0,1
100551,405,Home & Kitchen,1632.69,8.5,Credit Card,11,2,0.182,0.07,2,1,1
100552,945,Electronics,1205.01,5.5,Credit Card,13,1,0.077,0.09,13,1,0
100553,1185,Beauty,456.7,6.4,COD,12,1,0.083,0.05,13,1,0
100554,667,Apparel - Womens,1491.74,31.7,Credit Card,14,0,0.0,0.28,25,1,0
100555,1951,Mobile Accessories,516.6,22.8,UPI,12,1,0.083,0.06,9,2,0
100556,694,Furniture,9315.29,17.4,UPI,10,1,0.1,0.11,25,0,0
100557,1991,Apparel - Mens,1463.66,0.6,Netbanking,8,0,0.0,0.19,32,3,0
100558,1020,Beauty,1339.27,4.0,Credit Card,10,3,0.3,0.05,7,0,1
100559,552,Electronics,6790.6,16.0,COD,9,1,0.111,0.09,36,4,0
100560,737,Apparel - Mens,2296.74,19.4,UPI,15,3,0.2,0.19,16,0,0
100561,1730,Apparel - Womens,3146.18,21.3,Debit Card,9,4,0.444,0.28,7,2,1
100562,1682,Furniture,13901.38,9.6,Credit Card,14,1,0.071,0.11,91,1,0
100563,1214,Furniture,9442.08,11.8,UPI,16,0,0.0,0.11,119,2,0
100564,246,Electronics,6672.35,19.5,UPI,5,0,0.0,0.09,49,1,0
100565,2018,Mobile Accessories,578.66,15.5,Debit Card,14,1,0.071,0.06,17,2,0
100566,2170,Home & Kitchen,3149.51,19.7,Netbanking,11,0,0.0,0.07,16,2,0
100567,586,Beauty,1298.85,17.2,COD,13,4,0.308,0.05,88,4,0
100568,1225,Apparel - Womens,1348.7,17.0,COD,7,1,0.143,0.28,60,1,0
100569,302,Apparel - Mens,1515.15,6.8,UPI,14,0,0.0,0.19,5,1,0
100570,1169,Apparel - Womens,1761.5,23.8,Credit Card,9,1,0.111,0.28,87,0,0
100571,648,Home & Kitchen,3050.41,9.4,Debit Card,12,2,0.167,0.07,19,4,0
100572,399,Apparel - Mens,2550.9,13.4,UPI,14,3,0.214,0.19,32,3,0
100573,1166,Mobile Accessories,242.27,28.1,Credit Card,16,1,0.062,0.06,67,0,0
100574,947,Apparel - Womens,1273.92,5.8,COD,18,6,0.333,0.28,134,0,0
100575,449,Beauty,1227.56,7.4,Credit Card,13,4,0.308,0.05,8,1,0
100576,938,Furniture,9326.4,6.5,COD,10,5,0.5,0.11,17,0,0
100577,1566,Footwear,1535.97,25.8,COD,11,1,0.091,0.24,74,0,0
100578,2010,Furniture,8581.2,0.3,UPI,10,1,0.1,0.11,9,1,0
100579,2176,Home & Kitchen,3439.72,18.0,Credit Card,10,2,0.2,0.07,7,2,0
100580,1668,Furniture,10229.1,11.0,Credit Card,15,0,0.0,0.11,57,0,0
100581,1617,Footwear,2385.6,8.0,Debit Card,11,1,0.091,0.24,41,2,0
100582,1762,Footwear,1977.28,17.8,Credit Card,8,2,0.25,0.24,32,5,0
100583,350,Beauty,1130.19,7.6,UPI,11,7,0.636,0.05,12,0,0
100584,1900,Furniture,11007.23,9.1,COD,10,1,0.1,0.11,8,0,0
100585,2109,Beauty,634.45,21.6,Debit Card,14,1,0.071,0.05,172,0,0
100586,1296,Apparel - Womens,1199.76,4.4,UPI,9,1,0.111,0.28,8,1,0
100587,2114,Electronics,6854.16,16.5,COD,11,2,0.182,0.09,58,0,0
100588,1254,Mobile Accessories,354.1,9.3,Debit Card,10,3,0.3,0.06,13,0,0
100589,1443,Beauty,955.67,6.9,Debit Card,8,2,0.25,0.05,114,1,0
100590,796,Footwear,150.0,24.9,UPI,8,2,0.25,0.24,102,1,0
100591,132,Home & Kitchen,2943.4,8.5,COD,17,6,0.353,0.07,30,1,0
100592,1008,Electronics,4525.67,6.8,UPI,7,3,0.429,0.09,76,0,0
100593,1908,Beauty,859.8,11.6,UPI,12,2,0.167,0.05,46,0,0
100594,1868,Electronics,5896.67,20.8,UPI,18,1,0.056,0.09,23,1,0
100595,1329,Mobile Accessories,328.54,27.3,COD,14,1,0.071,0.06,21,2,0
100596,1053,Electronics,4957.49,5.0,UPI,8,1,0.125,0.09,57,0,0
100597,1041,Beauty,803.0,7.9,Credit Card,12,1,0.083,0.05,7,0,0
100598,1101,Apparel - Mens,911.91,13.6,UPI,12,1,0.083,0.19,31,0,0
100599,698,Mobile Accessories,808.56,19.4,COD,20,1,0.05,0.06,6,0,0
100600,1137,Home & Kitchen,1192.08,19.7,UPI,13,9,0.692,0.07,99,1,1
100601,372,Beauty,902.2,7.2,UPI,12,3,0.25,0.05,49,3,0
100602,1497,Apparel - Mens,1654.84,6.5,UPI,17,3,0.176,0.19,15,0,0
100603,1214,Mobile Accessories,1108.48,17.3,UPI,16,0,0.0,0.06,86,1,1
100604,1412,Beauty,1506.41,7.2,COD,10,2,0.2,0.05,37,4,0
100605,1500,Home & Kitchen,2872.95,13.3,COD,13,0,0.0,0.07,27,1,0
100606,76,Mobile Accessories,932.83,11.9,Debit Card,9,2,0.222,0.06,19,0,0
100607,1504,Furniture,10568.9,2.6,UPI,11,3,0.273,0.11,77,0,0
100608,1430,Apparel - Womens,1208.24,18.4,COD,10,0,0.0,0.28,11,1,0
100609,53,Electronics,11188.07,1.6,Netbanking,9,2,0.222,0.09,37,2,0
100610,882,Footwear,2495.75,8.7,Debit Card,11,0,0.0,0.24,4,3,0
100611,1782,Furniture,9819.81,13.7,Debit Card,13,0,0.0,0.11,72,0,0
100612,192,Footwear,4117.65,19.5,UPI,19,6,0.316,0.24,88,2,0
100613,564,Beauty,551.68,5.3,Credit Card,12,0,0.0,0.05,64,1,0
100614,1793,Apparel - Mens,1624.13,10.6,COD,12,1,0.083,0.19,33,2,0
100615,1482,Apparel - Womens,1774.23,16.8,Credit Card,9,0,0.0,0.28,63,0,0
100616,60,Electronics,11450.52,27.6,UPI,14,0,0.0,0.09,7,0,0
100617,1328,Apparel - Mens,1761.23,9.6,Credit Card,17,2,0.118,0.19,19,1,0
100618,1518,Apparel - Womens,2074.23,15.0,Credit Card,11,7,0.636,0.28,65,0,1
100619,1314,Beauty,994.44,27.0,Credit Card,12,2,0.167,0.05,10,1,0
100620,870,Mobile Accessories,916.58,10.0,Credit Card,12,2,0.167,0.06,5,1,1
100621,134,Home & Kitchen,150.0,4.3,Netbanking,6,1,0.167,0.07,41,0,0
100622,1949,Apparel - Womens,568.3,10.9,COD,14,2,0.143,0.28,16,0,0
100623,206,Furniture,11608.76,6.6,Debit Card,11,3,0.273,0.11,81,0,0
100624,437,Mobile Accessories,685.74,9.4,COD,8,1,0.125,0.06,48,1,0
100625,895,Apparel - Mens,1966.19,2.9,UPI,11,0,0.0,0.19,30,0,0
100626,706,Electronics,6037.65,2.0,COD,16,6,0.375,0.09,33,0,0
100627,128,Footwear,2998.27,7.6,UPI,14,8,0.571,0.24,17,2,1
100628,932,Footwear,4068.64,17.3,UPI,6,0,0.0,0.24,2,1,0
100629,1717,Furniture,7410.23,11.1,UPI,7,1,0.143,0.11,23,3,1
100630,595,Furniture,2816.92,21.1,Debit Card,15,0,0.0,0.11,8,0,0
100631,1671,Electronics,6792.65,4.6,UPI,12,2,0.167,0.09,16,2,0
100632,1138,Home & Kitchen,3033.77,13.5,COD,10,2,0.2,0.07,127,1,0
100633,1775,Apparel - Womens,2335.12,9.9,UPI,13,2,0.154,0.28,29,1,0
100634,573,Electronics,4602.26,5.4,COD,8,0,0.0,0.09,30,2,1
100635,299,Beauty,688.53,7.0,UPI,11,2,0.182,0.05,29,1,0
100636,1132,Apparel - Mens,1017.88,14.1,COD,11,2,0.182,0.19,32,2,0
100637,184,Electronics,3102.67,2.7,UPI,15,0,0.0,0.09,25,2,0
100638,1972,Apparel - Mens,1538.52,9.0,UPI,10,2,0.2,0.19,8,2,0
100639,255,Apparel - Womens,720.3,24.7,Credit Card,14,0,0.0,0.28,14,1,0
100640,1657,Apparel - Mens,1445.92,8.3,Credit Card,13,2,0.154,0.19,14,0,0
100641,647,Electronics,6883.27,9.0,Credit Card,14,5,0.357,0.09,105,4,1
100642,255,Beauty,699.53,3.9,UPI,14,0,0.0,0.05,57,1,0
100643,456,Mobile Accessories,556.76,7.2,Credit Card,13,0,0.0,0.06,22,1,0
100644,1070,Beauty,822.18,4.7,Credit Card,13,1,0.077,0.05,9,1,0
100645,1812,Mobile Accessories,592.53,12.2,COD,18,3,0.167,0.06,67,0,0
100646,119,Beauty,736.28,32.6,COD,9,1,0.111,0.05,12,2,0
100647,460,Furniture,8531.85,15.9,Debit Card,13,2,0.154,0.11,25,0,0
100648,2147,Furniture,3756.39,3.9,UPI,15,2,0.133,0.11,6,1,0
100649,1995,Home & Kitchen,1820.5,13.9,Credit Card,13,0,0.0,0.07,19,1,0
100650,784,Apparel - Womens,1869.52,18.7,Credit Card,10,2,0.2,0.28,14,0,1
100651,413,Mobile Accessories,857.33,5.0,UPI,8,0,0.0,0.06,23,0,0
100652,1609,Footwear,2531.81,11.6,Netbanking,11,0,0.0,0.24,5,1,0
100653,560,Footwear,2968.67,41.3,UPI,9,3,0.333,0.24,2,2,0
100654,395,Mobile Accessories,1032.34,6.1,Credit Card,9,1,0.111,0.06,84,1,0
100655,1121,Beauty,866.11,11.3,Credit Card,12,1,0.083,0.05,128,1,0
100656,584,Footwear,1644.65,7.9,Credit Card,11,5,0.455,0.24,26,2,0
100657,1813,Home & Kitchen,1017.65,16.5,UPI,8,3,0.375,0.07,146,2,0
100658,680,Footwear,2992.25,4.4,Debit Card,12,2,0.167,0.24,3,0,0
100659,165,Home & Kitchen,3350.41,18.6,UPI,16,0,0.0,0.07,4,1,0
100660,1818,Apparel - Womens,1892.16,11.1,Credit Card,14,7,0.5,0.28,3,2,0
100661,2040,Apparel - Mens,1987.3,16.5,Debit Card,9,3,0.333,0.19,55,0,0
100662,297,Beauty,605.83,3.1,Credit Card,12,3,0.25,0.05,3,0,0
100663,392,Home & Kitchen,1514.55,1.2,UPI,16,2,0.125,0.07,12,0,0
100664,708,Beauty,727.96,14.8,COD,10,1,0.1,0.05,102,1,0
100665,730,Home & Kitchen,2133.04,3.4,COD,14,6,0.429,0.07,140,0,0
100666,1746,Mobile Accessories,648.89,5.7,UPI,12,0,0.0,0.06,9,0,0
100667,1928,Home & Kitchen,2510.49,9.2,COD,18,1,0.056,0.07,21,1,0
100668,720,Home & Kitchen,2203.85,12.0,Debit Card,12,1,0.083,0.07,31,1,0
100669,2009,Beauty,544.03,9.3,Credit Card,17,1,0.059,0.05,6,1,1
100670,979,Beauty,1539.44,6.3,Credit Card,15,4,0.267,0.05,9,2,0
100671,1700,Apparel - Womens,862.61,14.1,UPI,11,1,0.091,0.28,80,3,0
100672,658,Apparel - Womens,318.87,7.1,COD,12,0,0.0,0.28,31,0,0
100673,876,Footwear,205.94,6.7,COD,12,0,0.0,0.24,36,2,0
100674,1246,Mobile Accessories,881.08,5.9,Netbanking,20,4,0.2,0.06,38,1,0
100675,1727,Furniture,20769.66,3.7,Debit Card,9,1,0.111,0.11,17,3,1
100676,194,Footwear,2516.04,8.7,Credit Card,16,5,0.312,0.24,31,1,0
100677,2054,Apparel - Womens,3115.07,22.5,Credit Card,5,1,0.2,0.28,34,1,0
100678,561,Furniture,12718.07,6.5,COD,16,2,0.125,0.11,147,2,0
100679,573,Beauty,959.99,5.5,UPI,8,0,0.0,0.05,4,3,0
100680,414,Apparel - Womens,1765.91,6.5,Debit Card,10,1,0.1,0.28,35,0,0
100681,1204,Home & Kitchen,2237.95,3.9,UPI,8,1,0.125,0.07,20,1,0
100682,1396,Beauty,639.7,0.8,COD,11,3,0.273,0.05,39,2,0
100683,2001,Apparel - Mens,3047.89,22.0,Debit Card,11,1,0.091,0.19,104,0,1
100684,1728,Footwear,320.43,3.0,Netbanking,12,2,0.167,0.24,28,1,0
100685,1556,Apparel - Womens,2251.17,16.4,COD,12,2,0.167,0.28,42,1,1
100686,1525,Furniture,6583.29,19.3,Credit Card,12,2,0.167,0.11,7,0,0
100687,729,Electronics,11598.23,17.5,Credit Card,10,6,0.6,0.09,16,0,0
100688,1228,Beauty,1296.03,23.3,UPI,13,4,0.308,0.05,2,2,0
100689,100,Apparel - Womens,739.56,13.5,Credit Card,10,3,0.3,0.28,1,1,0
100690,1544,Apparel - Mens,2013.21,12.5,Credit Card,10,6,0.6,0.19,56,1,1
100691,532,Apparel - Mens,2565.47,22.7,UPI,16,3,0.188,0.19,6,2,0
100692,693,Furniture,6412.12,9.8,Credit Card,14,0,0.0,0.11,16,0,0
100693,707,Apparel - Womens,1496.85,20.8,Credit Card,13,3,0.231,0.28,37,0,0
100694,269,Apparel - Mens,1611.25,21.0,COD,10,0,0.0,0.19,22,2,0
100695,1105,Beauty,1179.72,6.6,Credit Card,11,1,0.091,0.05,9,0,0
100696,1729,Electronics,6397.99,32.1,Debit Card,17,0,0.0,0.09,14,1,0
100697,2046,Mobile Accessories,435.36,2.0,COD,11,1,0.091,0.06,38,0,0
100698,639,Beauty,943.42,23.9,COD,14,2,0.143,0.05,15,0,0
100699,1505,Mobile Accessories,377.45,9.1,COD,8,1,0.125,0.06,44,2,1
100700,1627,Apparel - Mens,1545.89,14.3,Credit Card,13,1,0.077,0.19,4,2,0
100701,1467,Apparel - Mens,1093.36,2.0,UPI,13,3,0.231,0.19,38,1,0
100702,1042,Electronics,10189.18,5.2,Debit Card,12,3,0.25,0.09,24,2,1
100703,1976,Furniture,9067.63,9.3,COD,9,0,0.0,0.11,9,1,0
100704,714,Beauty,1032.04,19.6,Credit Card,9,0,0.0,0.05,4,1,0
100705,66,Home & Kitchen,371.88,15.1,COD,12,2,0.167,0.07,35,1,0
100706,1701,Apparel - Mens,1258.66,11.0,Credit Card,12,1,0.083,0.19,7,0,0
100707,1600,Furniture,12338.41,11.4,Debit Card,13,3,0.231,0.11,14,1,1
100708,1950,Mobile Accessories,1215.58,3.1,Netbanking,14,0,0.0,0.06,19,0,0
100709,48,Apparel - Womens,1956.81,7.7,UPI,15,4,0.267,0.28,3,0,0
100710,1478,Apparel - Womens,2476.53,12.2,UPI,10,2,0.2,0.28,66,0,0
100711,1224,Furniture,9379.29,1.6,COD,15,3,0.2,0.11,25,1,0
100712,1434,Footwear,3124.08,3.2,Credit Card,7,2,0.286,0.24,21,3,0
100713,970,Footwear,2051.3,16.1,Debit Card,10,0,0.0,0.24,28,3,1
100714,1808,Apparel - Womens,2859.94,10.6,Debit Card,11,1,0.091,0.28,117,3,0
100715,1043,Footwear,2859.24,9.1,Debit Card,12,3,0.25,0.24,24,1,0
100716,3,Beauty,683.83,21.8,COD,16,6,0.375,0.05,32,3,0
100717,287,Electronics,9592.83,5.1,COD,12,5,0.417,0.09,22,3,0
100718,415,Footwear,2942.17,2.1,Credit Card,12,2,0.167,0.24,14,4,0
100719,68,Apparel - Mens,1071.08,12.6,UPI,15,0,0.0,0.19,28,1,0
100720,654,Electronics,5635.13,5.1,Credit Card,8,3,0.375,0.09,17,3,0
100721,301,Furniture,9423.77,9.4,COD,11,4,0.364,0.11,3,1,1
100722,816,Electronics,6083.02,8.0,COD,15,2,0.133,0.09,60,0,0
100723,1346,Beauty,646.09,5.6,Credit Card,13,0,0.0,0.05,60,0,0
100724,1924,Mobile Accessories,554.26,42.3,Credit Card,11,6,0.545,0.06,22,2,0
100725,1576,Apparel - Mens,1697.78,16.4,Credit Card,11,1,0.091,0.19,22,1,0
100726,1522,Apparel - Womens,259.21,3.2,COD,12,1,0.083,0.28,2,3,0
100727,709,Beauty,648.33,18.0,UPI,13,6,0.462,0.05,4,3,0
100728,1598,Mobile Accessories,169.26,1.5,Credit Card,12,4,0.333,0.06,40,3,0
100729,1300,Mobile Accessories,887.1,23.6,Debit Card,12,0,0.0,0.06,11,0,0
100730,41,Beauty,1200.41,19.1,UPI,9,3,0.333,0.05,14,1,1
100731,738,Mobile Accessories,1045.24,10.7,Debit Card,14,3,0.214,0.06,9,1,0
100732,2183,Footwear,2396.1,3.9,UPI,17,5,0.294,0.24,4,0,1
100733,1468,Footwear,2795.54,15.6,Debit Card,11,0,0.0,0.24,4,2,0
100734,963,Electronics,2042.66,9.8,Credit Card,13,3,0.231,0.09,0,1,0
100735,120,Apparel - Mens,739.14,9.0,UPI,11,1,0.091,0.19,25,1,1
100736,2102,Home & Kitchen,2517.05,5.1,COD,8,0,0.0,0.07,3,1,0
100737,1644,Footwear,1819.33,1.9,Credit Card,12,4,0.333,0.24,8,3,1
100738,1925,Apparel - Womens,2525.38,7.5,Debit Card,10,6,0.6,0.28,47,2,1
100739,132,Electronics,4679.21,8.6,UPI,17,6,0.353,0.09,29,0,0
100740,1537,Furniture,5059.43,5.0,UPI,9,8,0.889,0.11,7,0,0
100741,1162,Beauty,985.93,10.5,Netbanking,11,0,0.0,0.05,5,1,0
100742,1866,Mobile Accessories,581.95,10.0,COD,14,2,0.143,0.06,14,0,0
100743,1970,Beauty,612.9,15.5,COD,17,11,0.647,0.05,45,2,0
100744,1928,Footwear,2278.16,10.7,COD,18,1,0.056,0.24,50,2,0
100745,283,Furniture,946.91,2.7,COD,9,2,0.222,0.11,30,2,0
100746,1641,Mobile Accessories,1227.59,14.5,Credit Card,17,2,0.118,0.06,12,2,0
100747,1200,Footwear,2422.79,0.7,Credit Card,11,2,0.182,0.24,3,1,0
100748,951,Apparel - Womens,1923.3,21.5,Credit Card,15,0,0.0,0.28,20,1,1
100749,874,Home & Kitchen,1961.35,5.5,COD,14,4,0.286,0.07,81,2,0
100750,705,Footwear,4511.27,7.1,Debit Card,9,1,0.111,0.24,4,1,0
100751,800,Apparel - Mens,2399.83,9.4,UPI,10,2,0.2,0.19,30,0,0
100752,2010,Footwear,2144.07,11.7,UPI,10,1,0.1,0.24,56,1,0
100753,2187,Electronics,5901.56,3.2,Credit Card,14,1,0.071,0.09,0,3,1
100754,268,Furniture,11371.98,18.4,Credit Card,15,2,0.133,0.11,46,2,1
100755,23,Footwear,2025.61,8.4,Credit Card,16,3,0.188,0.24,24,1,0
100756,384,Footwear,3016.01,11.3,UPI,10,2,0.2,0.24,12,3,1
100757,277,Footwear,1004.93,38.2,UPI,11,1,0.091,0.24,29,0,0
100758,912,Footwear,1254.85,10.1,UPI,12,1,0.083,0.24,7,0,0
100759,1633,Apparel - Womens,2597.58,30.9,Credit Card,12,1,0.083,0.28,6,2,1
100760,1630,Footwear,1778.1,3.3,UPI,16,2,0.125,0.24,5,4,1
100761,1873,Mobile Accessories,763.76,8.0,UPI,13,3,0.231,0.06,14,1,0
100762,1122,Home & Kitchen,1748.65,38.5,Debit Card,10,0,0.0,0.07,85,0,0
100763,849,Apparel - Womens,2445.29,6.1,Credit Card,13,0,0.0,0.28,27,2,1
100764,587,Furniture,12381.46,2.7,Credit Card,11,1,0.091,0.11,45,3,0
100765,1109,Furniture,5145.87,7.4,Debit Card,10,5,0.5,0.11,4,1,0
100766,12,Home & Kitchen,1328.71,14.6,Credit Card,12,2,0.167,0.07,39,0,0
100767,1124,Beauty,1109.06,18.8,Credit Card,12,4,0.333,0.05,3,0,0
100768,162,Apparel - Mens,874.79,24.8,COD,17,3,0.176,0.19,37,0,0
100769,481,Home & Kitchen,1287.55,4.3,UPI,10,0,0.0,0.07,11,1,0
100770,1349,Mobile Accessories,870.9,29.0,Debit Card,10,0,0.0,0.06,12,1,0
100771,711,Electronics,6480.34,5.9,UPI,13,1,0.077,0.09,10,3,0
100772,1199,Home & Kitchen,150.0,2.6,Credit Card,11,0,0.0,0.07,58,2,0
100773,1054,Apparel - Womens,2119.54,28.4,Debit Card,16,1,0.062,0.28,22,0,1
100774,966,Home & Kitchen,150.0,5.6,UPI,12,4,0.333,0.07,24,1,0
100775,1242,Mobile Accessories,865.54,9.3,Credit Card,11,2,0.182,0.06,128,2,1
100776,1157,Footwear,3959.61,1.9,UPI,7,1,0.143,0.24,3,3,0
100777,1579,Electronics,5961.22,10.3,Credit Card,15,1,0.067,0.09,9,0,0
100778,467,Apparel - Mens,996.85,23.9,UPI,14,2,0.143,0.19,38,2,0
100779,418,Mobile Accessories,949.16,0.7,UPI,12,1,0.083,0.06,10,1,1
100780,1506,Mobile Accessories,633.33,13.8,Netbanking,13,1,0.077,0.06,42,0,0
100781,1652,Mobile Accessories,282.44,40.2,UPI,11,2,0.182,0.06,48,0,0
100782,1845,Furniture,9049.01,15.6,UPI,11,4,0.364,0.11,27,1,0
100783,17,Home & Kitchen,2601.27,11.2,UPI,9,0,0.0,0.07,104,1,0
100784,926,Electronics,7464.01,1.3,UPI,12,2,0.167,0.09,19,2,0
100785,322,Mobile Accessories,1046.06,5.6,COD,16,3,0.188,0.06,15,0,0
100786,1857,Mobile Accessories,762.05,9.4,Credit Card,7,1,0.143,0.06,14,2,0
100787,592,Footwear,1009.55,29.4,Credit Card,15,3,0.2,0.24,16,1,0
100788,1842,Electronics,3538.92,12.3,Credit Card,15,1,0.067,0.09,6,0,0
100789,1914,Furniture,10427.25,15.0,COD,15,2,0.133,0.11,36,1,0
100790,1579,Beauty,779.52,4.3,COD,15,1,0.067,0.05,14,1,0
100791,389,Furniture,11393.56,15.5,Credit Card,13,4,0.308,0.11,47,2,0
100792,202,Home & Kitchen,2906.94,6.1,COD,13,0,0.0,0.07,70,0,0
100793,1371,Beauty,880.42,6.0,Credit Card,13,3,0.231,0.05,17,2,0
100794,245,Home & Kitchen,2073.4,10.0,Credit Card,15,3,0.2,0.07,10,3,0
100795,1931,Footwear,1100.39,19.1,Credit Card,9,0,0.0,0.24,20,1,1
100796,1746,Footwear,1694.42,11.9,Credit Card,12,0,0.0,0.24,38,0,1
100797,640,Apparel - Womens,2289.52,1.4,COD,11,3,0.273,0.28,20,0,0
100798,265,Apparel - Mens,1675.9,17.7,COD,14,0,0.0,0.19,11,1,0
100799,1931,Mobile Accessories,663.82,19.0,COD,9,0,0.0,0.06,8,2,1
100800,783,Footwear,1172.95,8.1,Debit Card,10,1,0.1,0.24,19,2,0
100801,255,Beauty,343.25,3.3,COD,14,0,0.0,0.05,13,0,0
100802,1468,Electronics,5737.46,9.6,UPI,11,0,0.0,0.09,31,1,1
100803,284,Electronics,7614.36,24.2,Credit Card,16,6,0.375,0.09,19,2,0
100804,1949,Furniture,7135.52,5.2,Credit Card,14,2,0.143,0.11,32,0,0
100805,932,Electronics,2213.08,4.8,Credit Card,6,0,0.0,0.09,12,0,0
100806,1015,Footwear,2498.94,9.2,Credit Card,15,3,0.2,0.24,11,0,0
100807,256,Home & Kitchen,3460.62,13.7,Netbanking,14,0,0.0,0.07,48,1,0
100808,1001,Apparel - Womens,1628.48,13.1,COD,8,1,0.125,0.28,20,1,0
100809,2126,Beauty,916.64,22.7,Debit Card,11,0,0.0,0.05,22,1,0
100810,1973,Apparel - Womens,1137.18,8.8,COD,10,5,0.5,0.28,20,1,0
100811,1647,Home & Kitchen,3321.08,12.4,UPI,9,0,0.0,0.07,28,0,0
100812,1829,Apparel - Womens,1228.88,12.5,COD,7,2,0.286,0.28,21,0,1
100813,1448,Apparel - Womens,2093.29,14.0,Credit Card,17,1,0.059,0.28,0,1,0
100814,881,Furniture,4045.73,4.3,COD,13,2,0.154,0.11,1,4,0
100815,1044,Footwear,1282.67,3.4,Debit Card,12,3,0.25,0.24,27,0,0
100816,436,Mobile Accessories,972.35,15.7,UPI,17,6,0.353,0.06,20,1,0
100817,1599,Furniture,17305.93,6.5,Credit Card,15,0,0.0,0.11,24,1,0
100818,1561,Beauty,1009.59,3.7,UPI,9,2,0.222,0.05,7,2,0
100819,339,Apparel - Mens,1911.35,6.9,UPI,16,0,0.0,0.19,21,1,1
100820,507,Beauty,1022.38,4.1,Credit Card,15,2,0.133,0.05,69,0,1
100821,1898,Apparel - Womens,1572.82,23.3,COD,13,1,0.077,0.28,49,1,0
100822,1562,Footwear,2327.79,4.9,UPI,12,5,0.417,0.24,22,0,0
100823,1570,Apparel - Womens,1239.18,10.9,UPI,16,5,0.312,0.28,9,0,0
100824,818,Beauty,964.89,14.2,Credit Card,15,4,0.267,0.05,30,1,0
100825,175,Furniture,12821.27,4.9,Debit Card,14,6,0.429,0.11,22,0,1
100826,1848,Apparel - Womens,1805.96,10.6,COD,14,3,0.214,0.28,3,3,0
100827,843,Home & Kitchen,3111.97,14.7,Credit Card,9,2,0.222,0.07,59,1,0
100828,1662,Furniture,8030.97,4.4,Credit Card,13,8,0.615,0.11,2,1,0
100829,1441,Apparel - Womens,2641.88,4.2,Credit Card,13,5,0.385,0.28,39,2,0
100830,1095,Beauty,1077.68,7.8,Debit Card,15,3,0.2,0.05,9,2,0
100831,51,Electronics,8344.53,3.5,Credit Card,12,4,0.333,0.09,59,2,0
100832,1183,Apparel - Womens,584.05,22.3,Credit Card,14,1,0.071,0.28,29,2,0
100833,2155,Home & Kitchen,1458.79,13.2,Debit Card,15,1,0.067,0.07,15,0,0
100834,2032,Apparel - Womens,608.85,10.2,UPI,16,5,0.312,0.28,0,2,0
100835,606,Electronics,9149.08,7.5,UPI,12,0,0.0,0.09,23,2,0
100836,1012,Beauty,1089.65,6.7,Debit Card,12,3,0.25,0.05,1,0,0
100837,227,Furniture,7119.53,7.9,COD,18,3,0.167,0.11,39,2,0
100838,1314,Electronics,8339.1,3.3,Debit Card,12,2,0.167,0.09,3,0,0
100839,927,Beauty,635.74,4.6,UPI,7,0,0.0,0.05,13,0,0
100840,1418,Electronics,7401.0,27.3,UPI,8,3,0.375,0.09,114,4,0
100841,894,Home & Kitchen,2321.77,6.3,Credit Card,7,2,0.286,0.07,8,0,0
100842,545,Apparel - Mens,2580.19,17.8,COD,19,1,0.053,0.19,16,1,0
100843,1127,Mobile Accessories,348.26,8.3,Credit Card,15,0,0.0,0.06,58,0,0
100844,1474,Footwear,2137.51,24.1,COD,11,0,0.0,0.24,16,0,1
100845,1619,Apparel - Womens,689.82,7.5,Debit Card,13,4,0.308,0.28,37,0,0
100846,379,Mobile Accessories,566.99,12.8,COD,12,4,0.333,0.06,19,1,0
100847,1583,Beauty,629.67,1.7,Debit Card,10,2,0.2,0.05,17,2,0
100848,2072,Home & Kitchen,2109.75,17.3,Credit Card,9,1,0.111,0.07,36,0,0
100849,1055,Home & Kitchen,1237.3,16.8,Debit Card,9,3,0.333,0.07,144,0,0
100850,719,Apparel - Mens,606.06,2.2,UPI,17,2,0.118,0.19,30,3,0
100851,515,Electronics,4659.81,1.7,UPI,15,2,0.133,0.09,9,1,0
100852,1962,Apparel - Womens,1696.24,24.5,COD,8,0,0.0,0.28,40,1,0
100853,1235,Beauty,403.23,3.9,COD,10,4,0.4,0.05,30,0,0
100854,683,Mobile Accessories,1263.41,17.7,UPI,11,1,0.091,0.06,18,1,1
100855,1688,Home & Kitchen,1835.57,12.0,UPI,10,0,0.0,0.07,8,3,0
100856,837,Electronics,5960.57,6.3,COD,10,1,0.1,0.09,44,4,0
100857,458,Beauty,759.08,7.1,UPI,12,3,0.25,0.05,6,0,0
100858,2131,Electronics,8841.46,5.2,UPI,11,1,0.091,0.09,15,0,0
100859,1526,Mobile Accessories,1446.75,1.6,COD,14,3,0.214,0.06,50,0,1
100860,1114,Apparel - Mens,1463.05,20.4,Credit Card,14,4,0.286,0.19,8,1,0
100861,1486,Mobile Accessories,642.5,1.0,Credit Card,15,0,0.0,0.06,13,1,0
100862,1563,Footwear,2949.43,23.0,UPI,14,1,0.071,0.24,122,1,1
100863,1075,Footwear,1033.54,7.2,UPI,6,0,0.0,0.24,34,0,0
100864,824,Furniture,11558.58,2.7,UPI,8,2,0.25,0.11,2,2,0
100865,1413,Mobile Accessories,428.36,20.0,UPI,17,4,0.235,0.06,57,0,0
100866,726,Electronics,7975.35,26.9,UPI,10,3,0.3,0.09,28,0,1
100867,2142,Apparel - Womens,1591.95,25.1,COD,10,2,0.2,0.28,28,1,0
100868,753,Footwear,2565.42,5.2,UPI,10,0,0.0,0.24,24,2,0
100869,540,Furniture,13178.08,7.4,Debit Card,14,0,0.0,0.11,57,2,0
100870,1805,Beauty,695.47,1.5,Credit Card,19,2,0.105,0.05,68,1,0
100871,1687,Mobile Accessories,1072.28,28.9,COD,14,0,0.0,0.06,21,0,0
100872,98,Home & Kitchen,2986.22,2.8,UPI,10,0,0.0,0.07,41,0,0
100873,844,Apparel - Womens,1801.3,2.0,COD,12,1,0.083,0.28,11,0,0
100874,232,Electronics,3100.72,12.4,Credit Card,11,4,0.364,0.09,27,1,0
100875,129,Beauty,1090.19,4.6,Credit Card,13,7,0.538,0.05,6,0,0
100876,2092,Beauty,663.6,7.6,UPI,7,1,0.143,0.05,35,4,0
100877,395,Home & Kitchen,1048.68,3.2,COD,9,1,0.111,0.07,21,1,1
100878,1403,Footwear,1602.38,5.4,UPI,7,2,0.286,0.24,51,3,1
100879,946,Footwear,1943.79,5.1,UPI,14,6,0.429,0.24,88,2,0
100880,2109,Beauty,671.61,14.6,Debit Card,14,1,0.071,0.05,119,1,0
100881,1839,Furniture,6999.19,36.9,UPI,13,0,0.0,0.11,26,2,0
100882,526,Footwear,2683.87,16.0,Credit Card,9,1,0.111,0.24,51,1,0
100883,1789,Apparel - Womens,562.01,26.7,UPI,13,0,0.0,0.28,86,0,1
100884,921,Home & Kitchen,2434.2,12.9,Credit Card,11,1,0.091,0.07,5,0,0
100885,1030,Apparel - Mens,1977.29,17.1,Debit Card,12,1,0.083,0.19,29,1,1
100886,2148,Apparel - Mens,679.16,3.0,UPI,12,3,0.25,0.19,26,1,0
100887,491,Furniture,12793.87,4.3,UPI,11,1,0.091,0.11,9,3,0
100888,239,Footwear,1458.44,17.1,COD,13,2,0.154,0.24,13,3,0
100889,896,Apparel - Mens,869.48,16.6,COD,15,4,0.267,0.19,27,1,0
100890,1161,Apparel - Womens,2000.5,11.7,Credit Card,13,1,0.077,0.28,71,1,0
100891,1640,Furniture,3656.94,17.4,UPI,11,2,0.182,0.11,1,1,0
100892,1056,Home & Kitchen,2135.69,7.5,Netbanking,9,1,0.111,0.07,13,3,0
100893,506,Furniture,13526.74,17.5,Credit Card,10,1,0.1,0.11,56,1,1
100894,494,Apparel - Womens,1419.3,5.2,UPI,14,3,0.214,0.28,38,0,0
100895,1936,Mobile Accessories,1188.5,9.2,Credit Card,12,3,0.25,0.06,40,1,0
100896,854,Footwear,1674.58,3.8,Credit Card,7,1,0.143,0.24,14,0,0
100897,1851,Electronics,8443.6,11.5,COD,8,3,0.375,0.09,58,0,0
100898,419,Apparel - Womens,1642.28,12.8,Credit Card,9,2,0.222,0.28,48,2,1
100899,573,Apparel - Mens,1200.17,7.1,Credit Card,8,0,0.0,0.19,9,3,0
100900,1988,Furniture,7020.23,18.7,Netbanking,9,0,0.0,0.11,29,0,0
100901,521,Apparel - Mens,2360.3,2.8,UPI,6,1,0.167,0.19,24,3,0
100902,482,Home & Kitchen,2435.42,29.0,UPI,11,2,0.182,0.07,4,0,1
100903,1745,Furniture,12555.58,11.0,Debit Card,10,0,0.0,0.11,23,2,0
100904,1722,Electronics,8487.48,30.2,UPI,15,2,0.133,0.09,24,3,0
100905,1925,Beauty,1001.76,21.6,UPI,10,6,0.6,0.05,67,1,0
100906,1439,Home & Kitchen,1286.84,7.8,UPI,17,1,0.059,0.07,36,0,0
100907,2017,Home & Kitchen,1831.87,23.3,Debit Card,12,2,0.167,0.07,7,1,0
100908,1619,Home & Kitchen,1173.62,16.7,Credit Card,13,4,0.308,0.07,6,1,0
100909,262,Home & Kitchen,2686.42,12.3,UPI,11,5,0.455,0.07,6,2,0
100910,2152,Beauty,1020.41,15.5,Debit Card,9,3,0.333,0.05,146,3,0
100911,1108,Furniture,11016.22,22.0,COD,12,2,0.167,0.11,11,1,0
100912,1818,Apparel - Womens,1832.91,16.2,Credit Card,14,7,0.5,0.28,21,1,1
100913,1832,Apparel - Womens,2330.5,1.4,COD,17,2,0.118,0.28,22,2,0
100914,141,Furniture,8294.23,10.6,Credit Card,15,2,0.133,0.11,131,1,0
100915,2188,Home & Kitchen,1967.11,0.8,UPI,9,1,0.111,0.07,47,1,0
100916,1807,Mobile Accessories,235.04,9.2,UPI,14,3,0.214,0.06,141,2,0
100917,1000,Footwear,1134.55,24.8,COD,12,1,0.083,0.24,5,2,1
100918,2073,Footwear,1562.09,1.3,COD,16,8,0.5,0.24,8,0,0
100919,812,Mobile Accessories,837.95,15.1,Netbanking,9,2,0.222,0.06,20,0,0
100920,1586,Furniture,150.0,11.4,Debit Card,16,2,0.125,0.11,13,1,1
100921,726,Footwear,2858.49,9.3,COD,10,3,0.3,0.24,112,0,1
100922,515,Mobile Accessories,664.69,5.2,Netbanking,15,2,0.133,0.06,6,1,1
100923,1082,Apparel - Womens,1454.07,7.2,UPI,18,6,0.333,0.28,17,1,0
100924,1399,Electronics,6019.68,22.2,Debit Card,12,5,0.417,0.09,19,3,0
100925,1230,Electronics,3741.43,1.5,COD,8,1,0.125,0.09,23,2,0
100926,1151,Apparel - Mens,2139.66,5.9,COD,10,6,0.6,0.19,2,0,1
100927,689,Beauty,1493.25,12.8,COD,9,1,0.111,0.05,23,2,0
100928,972,Mobile Accessories,1082.04,12.4,Credit Card,10,7,0.7,0.06,28,1,0
100929,1751,Footwear,2512.25,11.6,UPI,16,2,0.125,0.24,38,0,0
100930,1167,Home & Kitchen,1899.04,5.3,UPI,19,2,0.105,0.07,24,2,0
100931,1118,Footwear,3283.58,3.4,COD,13,2,0.154,0.24,21,0,0
100932,330,Electronics,10095.27,12.6,Credit Card,15,1,0.067,0.09,46,2,0
100933,479,Apparel - Womens,2425.83,6.1,Credit Card,12,3,0.25,0.28,30,2,0
100934,842,Apparel - Mens,1173.84,16.3,UPI,12,5,0.417,0.19,30,1,0
100935,1515,Footwear,3037.34,14.3,Netbanking,10,4,0.4,0.24,45,0,0
100936,1427,Apparel - Mens,3254.05,9.8,UPI,9,0,0.0,0.19,104,0,1
100937,1108,Electronics,4463.13,5.3,UPI,12,2,0.167,0.09,4,0,0
100938,2010,Mobile Accessories,677.6,1.7,UPI,10,1,0.1,0.06,16,0,0
100939,2054,Apparel - Mens,2740.46,12.0,UPI,5,1,0.2,0.19,11,0,0
100940,1466,Electronics,3675.77,9.3,Netbanking,12,3,0.25,0.09,16,2,0
100941,360,Home & Kitchen,3193.12,13.8,COD,16,1,0.062,0.07,36,0,0
100942,917,Beauty,172.81,5.9,UPI,13,3,0.231,0.05,101,2,0
100943,1243,Beauty,1103.82,4.7,Debit Card,13,0,0.0,0.05,95,3,0
100944,2006,Furniture,16207.45,17.1,Debit Card,14,0,0.0,0.11,18,2,1
100945,926,Home & Kitchen,3210.95,11.2,Debit Card,12,2,0.167,0.07,72,0,0
100946,1362,Beauty,280.19,10.0,UPI,13,2,0.154,0.05,8,1,0
100947,359,Apparel - Mens,165.23,6.1,UPI,12,3,0.25,0.19,36,2,0
100948,532,Electronics,8514.35,8.1,COD,16,3,0.188,0.09,1,1,0
100949,1558,Home & Kitchen,2096.57,5.6,Credit Card,14,0,0.0,0.07,4,3,0
100950,1532,Electronics,2489.14,9.1,UPI,13,4,0.308,0.09,10,0,0
100951,335,Electronics,2677.55,10.0,Debit Card,14,1,0.071,0.09,81,1,0
100952,1832,Apparel - Womens,1201.83,4.3,COD,17,2,0.118,0.28,16,1,0
100953,1114,Home & Kitchen,2600.62,0.2,UPI,14,4,0.286,0.07,6,0,0
100954,1895,Beauty,1213.62,7.1,UPI,16,0,0.0,0.05,33,0,0
100955,1568,Beauty,1031.7,9.8,COD,9,2,0.222,0.05,0,1,1
100956,986,Apparel - Mens,703.88,3.8,COD,14,0,0.0,0.19,28,0,0
100957,1915,Beauty,552.29,17.1,Credit Card,11,4,0.364,0.05,59,1,0
100958,1628,Furniture,9372.46,22.1,Credit Card,11,2,0.182,0.11,29,0,1
100959,724,Electronics,3536.08,27.1,Debit Card,14,0,0.0,0.09,17,3,0
100960,439,Beauty,714.36,7.9,UPI,13,1,0.077,0.05,54,0,0
100961,1587,Mobile Accessories,681.64,6.8,Credit Card,12,1,0.083,0.06,2,1,1
100962,623,Home & Kitchen,150.0,16.6,Credit Card,9,1,0.111,0.07,25,1,1
100963,613,Footwear,2612.5,25.0,Debit Card,13,1,0.077,0.24,12,0,0
100964,670,Mobile Accessories,917.1,5.4,Credit Card,10,3,0.3,0.06,17,2,0
100965,1569,Mobile Accessories,847.61,19.7,Debit Card,11,1,0.091,0.06,1,1,0
100966,682,Beauty,469.2,19.2,UPI,14,0,0.0,0.05,26,2,0
100967,1125,Footwear,1676.88,10.0,Credit Card,7,0,0.0,0.24,21,0,0
100968,637,Home & Kitchen,2739.87,9.3,Debit Card,10,2,0.2,0.07,1,1,0
100969,202,Home & Kitchen,1356.3,31.7,Credit Card,13,0,0.0,0.07,26,1,0
100970,1893,Electronics,5358.58,24.8,UPI,19,3,0.158,0.09,29,0,0
100971,438,Mobile Accessories,1071.41,7.6,COD,9,3,0.333,0.06,10,0,0
100972,1718,Mobile Accessories,822.68,17.0,Credit Card,13,0,0.0,0.06,7,1,0
100973,874,Mobile Accessories,742.38,10.6,Debit Card,14,4,0.286,0.06,43,4,0
100974,1330,Footwear,2433.21,14.3,UPI,11,2,0.182,0.24,6,1,0
100975,2154,Home & Kitchen,2631.49,11.5,COD,12,1,0.083,0.07,96,0,0
100976,1829,Beauty,1126.78,4.4,UPI,7,2,0.286,0.05,3,4,0
100977,1087,Furniture,13908.83,0.7,UPI,14,5,0.357,0.11,32,2,0
100978,1975,Furniture,11160.2,11.7,COD,10,0,0.0,0.11,2,0,0
100979,439,Footwear,3880.99,2.5,UPI,13,1,0.077,0.24,19,0,1
100980,390,Electronics,3608.08,6.7,COD,14,3,0.214,0.09,67,1,0
100981,645,Apparel - Mens,2416.04,11.7,UPI,13,6,0.462,0.19,12,0,1
100982,363,Apparel - Womens,3091.98,1.0,COD,13,4,0.308,0.28,47,1,0
100983,1111,Furniture,17362.4,9.0,Netbanking,11,1,0.091,0.11,2,1,1
100984,1409,Apparel - Womens,1113.36,8.6,COD,10,1,0.1,0.28,40,0,0
100985,613,Mobile Accessories,886.29,35.6,COD,13,1,0.077,0.06,14,1,0
100986,176,Footwear,2043.25,9.3,UPI,11,0,0.0,0.24,15,1,0
100987,2155,Home & Kitchen,2457.52,7.6,UPI,15,1,0.067,0.07,53,1,0
100988,176,Home & Kitchen,2061.26,5.3,Credit Card,11,0,0.0,0.07,68,2,1
100989,397,Home & Kitchen,1844.5,28.1,Credit Card,12,4,0.333,0.07,10,1,0
100990,590,Furniture,14788.74,11.8,UPI,9,0,0.0,0.11,5,1,0
100991,406,Electronics,5941.72,0.2,UPI,11,2,0.182,0.09,70,0,0
100992,2192,Electronics,3649.53,9.9,Debit Card,7,1,0.143,0.09,18,0,0
100993,810,Furniture,11937.09,27.0,Debit Card,11,2,0.182,0.11,47,0,0
100994,1462,Electronics,8128.74,10.0,COD,15,0,0.0,0.09,51,2,0
100995,1386,Mobile Accessories,1169.22,19.9,Credit Card,11,1,0.091,0.06,15,2,0
100996,738,Apparel - Mens,741.19,7.6,Debit Card,14,3,0.214,0.19,32,5,1
100997,1423,Apparel - Mens,1530.55,7.4,Netbanking,13,0,0.0,0.19,3,0,0
100998,1487,Furniture,7860.62,12.9,Credit Card,15,1,0.067,0.11,17,1,0
100999,118,Apparel - Mens,2166.23,12.3,Netbanking,11,1,0.091,0.19,125,1,0
101000,487,Apparel - Womens,3499.48,4.5,Credit Card,13,7,0.538,0.28,45,1,1
101001,708,Footwear,1919.63,7.5,UPI,10,1,0.1,0.24,17,1,1
101002,1980,Furniture,8810.04,20.3,UPI,11,1,0.091,0.11,9,3,0
101003,1247,Electronics,4447.78,6.6,UPI,8,2,0.25,0.09,108,3,0
101004,474,Footwear,3163.9,7.8,UPI,10,0,0.0,0.24,28,3,0
101005,69,Apparel - Mens,1658.4,14.2,UPI,8,0,0.0,0.19,20,0,0
101006,741,Home & Kitchen,1061.26,26.8,COD,10,1,0.1,0.07,8,1,0
101007,1449,Footwear,1650.49,23.0,Credit Card,12,3,0.25,0.24,6,1,1
101008,338,Mobile Accessories,805.05,0.2,UPI,9,2,0.222,0.06,390,3,0
101009,1083,Apparel - Mens,150.0,15.6,Debit Card,18,5,0.278,0.19,156,3,1
101010,770,Furniture,8195.71,2.3,Credit Card,16,0,0.0,0.11,32,2,0
101011,1403,Beauty,1063.76,19.5,Credit Card,7,2,0.286,0.05,107,0,1
101012,1807,Apparel - Womens,1349.72,8.0,Credit Card,14,3,0.214,0.28,18,1,0
101013,1059,Home & Kitchen,1508.06,10.8,UPI,11,0,0.0,0.07,24,0,0
101014,324,Mobile Accessories,816.19,6.5,Credit Card,7,1,0.143,0.06,6,0,0
101015,1500,Furniture,5817.52,11.8,COD,13,0,0.0,0.11,17,0,0
101016,2004,Apparel - Mens,2154.19,14.5,UPI,9,2,0.222,0.19,6,3,0
101017,586,Beauty,523.15,10.2,COD,13,4,0.308,0.05,40,4,0
101018,1288,Apparel - Mens,2287.26,49.2,UPI,11,5,0.455,0.19,40,1,0
101019,175,Home & Kitchen,2698.52,10.1,COD,14,6,0.429,0.07,9,2,0
101020,182,Furniture,15303.44,28.1,Netbanking,12,4,0.333,0.11,101,2,1
101021,1337,Footwear,1236.67,1.4,Credit Card,7,2,0.286,0.24,114,2,1
101022,913,Footwear,1579.4,9.6,UPI,12,1,0.083,0.24,28,0,1
101023,360,Furniture,13117.63,2.2,Credit Card,16,1,0.062,0.11,10,0,0
101024,1489,Apparel - Womens,1874.38,2.9,Netbanking,9,4,0.444,0.28,65,1,0
101025,253,Footwear,2860.65,3.9,Debit Card,9,1,0.111,0.24,1,2,1
101026,431,Mobile Accessories,671.56,16.4,COD,9,0,0.0,0.06,18,2,0
101027,1367,Footwear,4350.93,14.1,UPI,14,5,0.357,0.24,5,3,0
101028,1845,Footwear,1012.1,16.4,COD,11,4,0.364,0.24,4,0,1
101029,2023,Home & Kitchen,1896.6,8.8,UPI,11,4,0.364,0.07,23,0,0
101030,1143,Mobile Accessories,458.49,8.5,Netbanking,12,3,0.25,0.06,12,1,0
101031,982,Footwear,906.45,12.2,UPI,16,1,0.062,0.24,12,0,0
101032,1076,Mobile Accessories,405.17,6.7,Credit Card,8,2,0.25,0.06,65,1,0
101033,1906,Furniture,12447.45,9.6,COD,10,2,0.2,0.11,164,1,1
101034,392,Beauty,879.87,10.5,Credit Card,16,2,0.125,0.05,14,1,0
101035,1675,Furniture,7871.85,13.8,Debit Card,12,5,0.417,0.11,15,0,0
101036,501,Furniture,4055.22,12.7,UPI,20,7,0.35,0.11,56,1,1
101037,1868,Mobile Accessories,712.49,10.9,Debit Card,18,1,0.056,0.06,0,0,0
101038,2040,Apparel - Mens,971.82,3.0,UPI,9,3,0.333,0.19,20,2,0
101039,196,Beauty,1156.14,1.7,Credit Card,17,4,0.235,0.05,12,2,0
101040,884,Apparel - Mens,2071.8,39.8,COD,13,2,0.154,0.19,54,0,1
101041,1055,Furniture,13155.96,13.5,Debit Card,9,3,0.333,0.11,33,4,0
101042,243,Mobile Accessories,1231.1,11.9,Credit Card,12,1,0.083,0.06,25,0,0
101043,92,Footwear,3690.36,8.5,UPI,12,2,0.167,0.24,18,1,0
101044,266,Mobile Accessories,831.5,15.4,Debit Card,18,0,0.0,0.06,14,0,0
101045,1962,Electronics,7370.77,18.7,UPI,8,0,0.0,0.09,64,0,0
101046,455,Apparel - Mens,1666.93,25.0,Credit Card,11,1,0.091,0.19,38,0,0
101047,948,Electronics,8055.52,7.8,UPI,9,0,0.0,0.09,7,3,0
101048,1804,Footwear,1277.23,8.7,COD,9,1,0.111,0.24,10,0,1
101049,2111,Footwear,3566.3,18.2,COD,8,1,0.125,0.24,62,2,0
101050,210,Home & Kitchen,2958.51,16.7,Netbanking,9,1,0.111,0.07,28,1,0
101051,221,Apparel - Mens,1759.11,9.5,Credit Card,14,5,0.357,0.19,24,2,0
101052,1906,Apparel - Mens,2620.79,2.3,Debit Card,10,2,0.2,0.19,62,1,0
101053,1600,Furniture,12696.64,13.0,COD,13,3,0.231,0.11,17,4,0
101054,67,Apparel - Womens,2163.74,23.9,Netbanking,7,1,0.143,0.28,60,2,1
101055,1018,Home & Kitchen,2226.16,1.9,UPI,8,1,0.125,0.07,14,0,0
101056,784,Apparel - Womens,1479.51,11.3,COD,10,2,0.2,0.28,42,0,0
101057,710,Beauty,893.29,2.8,UPI,10,5,0.5,0.05,20,0,0
101058,373,Furniture,10131.13,22.2,Credit Card,14,3,0.214,0.11,11,0,0
101059,106,Electronics,7515.58,17.5,Credit Card,13,3,0.231,0.09,62,1,0
101060,782,Apparel - Mens,2512.59,15.1,Credit Card,12,3,0.25,0.19,8,0,1
101061,1099,Home & Kitchen,1475.78,2.4,Netbanking,11,2,0.182,0.07,1,1,0
101062,1655,Furniture,12658.12,6.8,UPI,8,1,0.125,0.11,5,1,0
101063,2183,Beauty,1462.36,2.6,Credit Card,17,5,0.294,0.05,33,2,0
101064,1589,Apparel - Womens,2098.05,13.1,Credit Card,13,1,0.077,0.28,15,1,0
101065,349,Apparel - Mens,1804.83,6.1,Debit Card,11,1,0.091,0.19,73,1,0
101066,852,Electronics,9893.05,9.6,COD,13,0,0.0,0.09,2,1,0
101067,987,Apparel - Mens,1899.74,1.6,Netbanking,17,2,0.118,0.19,0,4,0
101068,404,Apparel - Mens,939.22,8.6,UPI,9,4,0.444,0.19,27,1,1
101069,1631,Home & Kitchen,2015.6,3.7,Credit Card,15,7,0.467,0.07,33,1,0
101070,876,Electronics,11522.13,3.9,COD,12,0,0.0,0.09,26,2,1
101071,81,Footwear,2608.53,5.4,COD,14,2,0.143,0.24,42,0,0
101072,58,Apparel - Womens,1371.05,1.4,Credit Card,14,1,0.071,0.28,1,1,0
101073,808,Home & Kitchen,2490.44,28.4,Credit Card,14,0,0.0,0.07,0,1,0
101074,862,Home & Kitchen,1871.78,21.2,COD,21,2,0.095,0.07,93,2,0
101075,2005,Apparel - Mens,2536.72,26.1,UPI,11,3,0.273,0.19,19,2,0
101076,384,Furniture,9358.78,5.8,UPI,10,2,0.2,0.11,9,0,0
101077,415,Beauty,1016.0,18.0,Credit Card,12,2,0.167,0.05,31,3,0
101078,1894,Furniture,5477.26,18.7,COD,13,0,0.0,0.11,25,1,1
101079,1130,Home & Kitchen,1284.94,6.3,COD,17,0,0.0,0.07,5,1,0
101080,665,Beauty,1042.17,8.2,Debit Card,14,3,0.214,0.05,32,2,0
101081,180,Beauty,861.7,14.8,UPI,13,0,0.0,0.05,6,3,0
101082,1093,Beauty,432.46,18.9,Credit Card,13,1,0.077,0.05,0,0,0
101083,1031,Home & Kitchen,3198.18,12.0,UPI,11,8,0.727,0.07,21,2,0
101084,1832,Electronics,6659.55,11.6,UPI,17,2,0.118,0.09,94,1,0
101085,1173,Electronics,2610.5,11.3,UPI,11,0,0.0,0.09,5,1,0
101086,18,Electronics,4696.01,2.4,Debit Card,12,3,0.25,0.09,120,0,0
101087,1320,Apparel - Mens,2442.25,11.4,Credit Card,13,4,0.308,0.19,43,2,0
101088,920,Beauty,698.49,7.0,Credit Card,12,4,0.333,0.05,58,1,0
101089,735,Apparel - Mens,2596.45,25.2,Debit Card,11,2,0.182,0.19,54,0,0
101090,175,Furniture,11911.77,6.8,Credit Card,14,6,0.429,0.11,19,0,0
101091,2036,Apparel - Womens,302.32,4.2,COD,15,1,0.067,0.28,30,1,0
101092,1635,Home & Kitchen,853.46,9.7,UPI,15,5,0.333,0.07,41,1,0
101093,1583,Apparel - Womens,1876.83,2.9,UPI,10,2,0.2,0.28,43,0,0
101094,595,Beauty,805.03,16.4,UPI,15,0,0.0,0.05,19,1,0
101095,1562,Beauty,1263.81,0.7,UPI,12,5,0.417,0.05,41,1,0
101096,844,Beauty,580.23,10.2,Debit Card,12,1,0.083,0.05,71,4,0
101097,1782,Beauty,417.22,23.7,UPI,13,0,0.0,0.05,86,0,0
101098,136,Footwear,1888.91,1.5,Credit Card,13,0,0.0,0.24,100,0,0
101099,216,Beauty,1404.22,6.1,Debit Card,8,0,0.0,0.05,9,2,0
101100,130,Mobile Accessories,1064.89,11.7,COD,12,1,0.083,0.06,117,0,0
101101,1368,Mobile Accessories,792.97,16.7,COD,16,3,0.188,0.06,18,1,0
101102,488,Beauty,1298.76,6.4,UPI,13,1,0.077,0.05,11,0,0
101103,30,Apparel - Mens,2169.14,10.6,UPI,12,7,0.583,0.19,9,2,1
101104,1444,Mobile Accessories,236.65,25.1,Credit Card,14,3,0.214,0.06,23,1,0
101105,1896,Furniture,8452.0,4.7,Credit Card,7,6,0.857,0.11,53,1,0
101106,1875,Apparel - Womens,1767.97,9.5,Credit Card,15,0,0.0,0.28,178,1,0
101107,130,Apparel - Womens,2391.34,14.4,UPI,12,1,0.083,0.28,7,2,1
101108,545,Mobile Accessories,670.82,11.1,Credit Card,19,1,0.053,0.06,67,0,0
101109,693,Footwear,1433.18,12.9,Credit Card,14,0,0.0,0.24,27,2,0
101110,1574,Electronics,7468.3,31.4,UPI,9,0,0.0,0.09,105,1,0
101111,587,Electronics,4410.1,12.0,Credit Card,11,1,0.091,0.09,28,2,0
101112,1047,Furniture,21206.3,20.0,Credit Card,16,4,0.25,0.11,5,1,0
101113,545,Footwear,3171.95,2.7,Credit Card,19,1,0.053,0.24,2,3,0
101114,140,Footwear,1865.35,9.2,Netbanking,7,1,0.143,0.24,3,2,0
101115,1118,Mobile Accessories,977.59,2.7,COD,13,2,0.154,0.06,50,1,0
101116,1657,Mobile Accessories,150.0,6.0,UPI,13,2,0.154,0.06,9,0,0
101117,695,Furniture,5465.75,5.2,UPI,14,5,0.357,0.11,18,0,0
101118,177,Apparel - Mens,1271.14,3.6,Credit Card,14,4,0.286,0.19,13,1,0
101119,320,Beauty,1625.19,7.9,UPI,15,5,0.333,0.05,38,1,0
101120,968,Beauty,1300.93,5.7,UPI,13,1,0.077,0.05,7,2,0
101121,563,Footwear,2668.54,13.6,UPI,11,1,0.091,0.24,9,0,0
101122,1461,Mobile Accessories,965.78,6.5,Credit Card,16,7,0.438,0.06,88,0,0
101123,1861,Home & Kitchen,1527.75,3.6,COD,21,1,0.048,0.07,22,2,0
101124,314,Footwear,1885.46,16.3,Credit Card,8,0,0.0,0.24,21,3,0
101125,1064,Apparel - Mens,1530.87,0.8,Netbanking,11,3,0.273,0.19,28,2,0
101126,1,Beauty,1440.75,7.0,UPI,8,4,0.5,0.05,81,1,1
101127,757,Footwear,2602.31,15.8,Netbanking,9,0,0.0,0.24,6,0,1
101128,395,Electronics,10795.95,4.3,Netbanking,9,1,0.111,0.09,15,1,0
101129,1416,Apparel - Mens,1545.96,19.4,Credit Card,19,4,0.211,0.19,38,0,0
101130,15,Furniture,11236.45,6.5,COD,13,2,0.154,0.11,53,0,0
101131,47,Home & Kitchen,1264.19,13.3,COD,8,1,0.125,0.07,14,1,0
101132,330,Electronics,2930.65,5.9,Credit Card,15,1,0.067,0.09,71,0,0
101133,486,Beauty,150.0,9.4,Debit Card,12,0,0.0,0.05,7,1,0
101134,130,Home & Kitchen,857.35,6.2,UPI,12,1,0.083,0.07,13,1,0
101135,936,Mobile Accessories,768.11,21.3,Debit Card,14,3,0.214,0.06,70,2,0
101136,557,Footwear,2400.51,1.9,COD,17,0,0.0,0.24,11,2,0
101137,1167,Mobile Accessories,811.29,3.3,UPI,19,2,0.105,0.06,7,0,0
101138,819,Home & Kitchen,865.71,2.4,UPI,8,3,0.375,0.07,6,0,1
101139,1522,Beauty,642.29,16.4,Credit Card,12,1,0.083,0.05,19,4,0
101140,1560,Apparel - Womens,1983.23,25.3,UPI,11,0,0.0,0.28,11,0,0
101141,712,Home & Kitchen,2430.56,5.0,UPI,8,0,0.0,0.07,5,1,0
101142,1443,Electronics,9121.58,13.3,COD,8,2,0.25,0.09,8,2,0
101143,1202,Apparel - Mens,1822.67,7.2,Debit Card,12,5,0.417,0.19,35,4,0
101144,565,Furniture,12429.16,16.1,Credit Card,11,3,0.273,0.11,68,1,1
101145,824,Apparel - Mens,1828.95,19.8,Credit Card,8,2,0.25,0.19,1,1,0
101146,1840,Electronics,3676.33,12.5,COD,13,0,0.0,0.09,29,0,0
101147,1248,Home & Kitchen,1908.29,14.0,UPI,9,0,0.0,0.07,38,0,0
101148,993,Apparel - Womens,2495.93,16.8,UPI,9,1,0.111,0.28,61,1,0
101149,897,Electronics,8556.98,3.2,Debit Card,16,4,0.25,0.09,9,0,0
101150,1109,Electronics,3977.58,11.9,UPI,10,5,0.5,0.09,17,2,1
101151,442,Apparel - Mens,1855.07,12.8,Debit Card,11,0,0.0,0.19,23,2,0
101152,1498,Electronics,6706.97,19.4,Debit Card,13,1,0.077,0.09,22,0,0
101153,1457,Apparel - Mens,3440.1,16.0,UPI,8,0,0.0,0.19,0,0,0
101154,1091,Apparel - Womens,1695.66,33.2,COD,10,4,0.4,0.28,39,1,1
101155,1165,Footwear,3174.21,0.4,Debit Card,7,0,0.0,0.24,27,1,1
101156,1517,Furniture,15003.06,13.6,UPI,15,1,0.067,0.11,96,0,0
101157,1167,Electronics,6882.08,19.0,COD,19,2,0.105,0.09,13,1,0
101158,689,Apparel - Mens,1034.48,6.7,Credit Card,9,1,0.111,0.19,15,2,0
101159,1495,Apparel - Womens,2575.83,14.9,UPI,17,5,0.294,0.28,155,1,1
101160,1876,Apparel - Mens,1100.26,12.4,COD,6,1,0.167,0.19,21,1,0
101161,1154,Beauty,1485.27,4.1,UPI,17,7,0.412,0.05,4,1,0
101162,1064,Furniture,13645.84,23.5,Credit Card,11,3,0.273,0.11,32,0,0
101163,1725,Furniture,9126.26,12.4,UPI,7,0,0.0,0.11,50,2,0
101164,386,Beauty,1186.43,17.4,Credit Card,10,5,0.5,0.05,47,2,1
101165,2048,Mobile Accessories,358.34,3.7,UPI,14,7,0.5,0.06,8,1,0
101166,1760,Mobile Accessories,633.61,8.1,Debit Card,9,0,0.0,0.06,49,0,0
101167,291,Electronics,8329.21,15.8,UPI,18,3,0.167,0.09,26,1,0
101168,16,Apparel - Womens,1898.24,14.2,UPI,11,2,0.182,0.28,108,1,0
101169,1794,Home & Kitchen,1797.96,6.5,UPI,14,0,0.0,0.07,54,0,0
101170,118,Apparel - Womens,150.0,7.3,COD,11,1,0.091,0.28,58,1,0
101171,1816,Furniture,7727.15,5.0,UPI,15,2,0.133,0.11,44,1,0
101172,1744,Furniture,12086.14,10.8,Credit Card,15,0,0.0,0.11,0,1,0
101173,1503,Mobile Accessories,652.09,4.3,Credit Card,9,1,0.111,0.06,23,0,0
101174,1291,Mobile Accessories,651.42,0.4,COD,10,5,0.5,0.06,10,0,0
101175,1841,Electronics,6239.78,7.9,UPI,13,2,0.154,0.09,53,0,1
101176,1824,Furniture,3416.54,15.3,Credit Card,8,0,0.0,0.11,24,2,0
101177,954,Furniture,6164.19,7.8,UPI,8,1,0.125,0.11,9,1,0
101178,2192,Beauty,843.62,8.2,Debit Card,7,1,0.143,0.05,66,1,0
101179,480,Apparel - Mens,1531.57,6.8,UPI,11,3,0.273,0.19,16,0,0
101180,1894,Mobile Accessories,150.0,30.6,UPI,13,0,0.0,0.06,1,0,0
101181,367,Furniture,10901.27,9.5,Debit Card,17,2,0.118,0.11,20,0,0
101182,1629,Beauty,1058.73,6.8,Credit Card,14,2,0.143,0.05,20,3,0
101183,1897,Mobile Accessories,1056.63,32.2,COD,11,0,0.0,0.06,16,0,0
101184,2023,Beauty,2028.62,3.1,Credit Card,11,4,0.364,0.05,23,0,0
101185,1675,Mobile Accessories,1283.14,5.9,UPI,12,5,0.417,0.06,151,2,0
101186,779,Electronics,5706.55,3.4,UPI,10,2,0.2,0.09,54,1,0
101187,780,Apparel - Mens,1295.74,4.2,UPI,12,1,0.083,0.19,72,0,0
101188,596,Electronics,4312.98,17.8,Credit Card,11,0,0.0,0.09,0,3,0
101189,731,Home & Kitchen,2314.43,14.3,COD,6,2,0.333,0.07,1,0,0
101190,422,Mobile Accessories,473.92,1.9,Netbanking,15,2,0.133,0.06,9,1,0
101191,245,Home & Kitchen,1825.79,3.7,Netbanking,15,3,0.2,0.07,22,1,0
101192,1745,Home & Kitchen,455.17,4.1,Credit Card,10,0,0.0,0.07,40,0,0
101193,1402,Apparel - Mens,595.79,13.3,UPI,14,5,0.357,0.19,162,6,1
101194,2129,Home & Kitchen,3138.78,26.7,UPI,20,5,0.25,0.07,48,1,0
101195,233,Footwear,3847.02,16.2,COD,8,1,0.125,0.24,13,0,0
101196,2057,Mobile Accessories,477.89,0.4,COD,8,1,0.125,0.06,36,3,0
101197,145,Apparel - Womens,1014.28,11.7,COD,12,5,0.417,0.28,18,1,0
101198,538,Home & Kitchen,361.78,13.0,UPI,11,2,0.182,0.07,5,0,0
101199,596,Apparel - Mens,2501.52,7.1,Debit Card,11,0,0.0,0.19,44,1,0
101200,918,Furniture,5703.88,2.5,Debit Card,7,3,0.429,0.11,1,1,0
101201,77,Home & Kitchen,1557.92,3.3,UPI,12,4,0.333,0.07,4,0,0
101202,1098,Footwear,1867.89,23.7,UPI,13,6,0.462,0.24,17,2,1
101203,840,Footwear,1386.51,1.9,Debit Card,9,0,0.0,0.24,44,1,0
101204,326,Apparel - Mens,1814.59,0.9,UPI,8,3,0.375,0.19,19,0,0
101205,918,Footwear,1212.79,22.4,UPI,7,3,0.429,0.24,15,1,0
101206,1247,Footwear,2321.9,8.6,Debit Card,8,2,0.25,0.24,20,1,1
101207,159,Home & Kitchen,1385.25,6.9,UPI,15,3,0.2,0.07,96,2,0
101208,12,Apparel - Womens,2074.72,2.6,Debit Card,12,2,0.167,0.28,7,2,0
101209,1462,Furniture,11824.06,8.9,COD,15,0,0.0,0.11,91,1,0
101210,1728,Furniture,9559.11,4.0,UPI,12,2,0.167,0.11,37,0,0
101211,1484,Apparel - Mens,1500.76,6.1,Debit Card,6,1,0.167,0.19,32,2,0
101212,897,Apparel - Mens,1799.34,10.3,Credit Card,16,4,0.25,0.19,52,1,0
101213,305,Apparel - Mens,1914.64,17.4,UPI,10,2,0.2,0.19,133,3,1
101214,1168,Apparel - Womens,1351.79,4.0,UPI,14,2,0.143,0.28,24,0,0
101215,1283,Furniture,3302.3,21.5,UPI,11,2,0.182,0.11,45,1,0
101216,848,Mobile Accessories,617.15,18.7,UPI,11,1,0.091,0.06,20,2,0
101217,1354,Mobile Accessories,338.69,5.2,COD,7,1,0.143,0.06,0,1,0
101218,718,Apparel - Womens,2116.02,18.6,UPI,6,0,0.0,0.28,34,0,0
101219,916,Furniture,5901.96,9.4,Credit Card,8,6,0.75,0.11,1,2,0
101220,119,Apparel - Womens,1537.04,17.4,COD,9,1,0.111,0.28,40,0,0
101221,792,Home & Kitchen,1685.66,1.9,UPI,14,0,0.0,0.07,27,1,0
101222,1351,Electronics,9575.65,12.9,Credit Card,8,3,0.375,0.09,27,0,0
101223,137,Apparel - Womens,2746.76,35.0,Credit Card,19,1,0.053,0.28,124,3,0
101224,345,Mobile Accessories,606.55,10.4,UPI,9,4,0.444,0.06,70,1,0
101225,2168,Apparel - Mens,1488.73,4.9,UPI,13,7,0.538,0.19,12,1,0
101226,2162,Apparel - Mens,1233.5,7.1,Credit Card,12,1,0.083,0.19,25,1,0
101227,197,Apparel - Womens,1720.59,10.8,UPI,19,2,0.105,0.28,90,1,0
101228,170,Electronics,5387.96,15.2,Debit Card,17,0,0.0,0.09,9,1,0
101229,26,Beauty,1082.34,7.7,COD,11,2,0.182,0.05,47,3,1
101230,1355,Apparel - Womens,1199.03,35.9,UPI,7,0,0.0,0.28,27,2,0
101231,251,Apparel - Womens,1503.9,7.0,COD,13,5,0.385,0.28,7,2,1
101232,846,Home & Kitchen,3291.48,10.4,UPI,13,6,0.462,0.07,17,1,0
101233,1617,Home & Kitchen,694.32,20.8,UPI,11,1,0.091,0.07,63,2,0
101234,126,Mobile Accessories,675.28,23.0,UPI,6,2,0.333,0.06,0,3,0
101235,2176,Footwear,3292.86,5.6,Credit Card,10,2,0.2,0.24,28,0,0
101236,568,Apparel - Womens,1589.64,6.0,Credit Card,13,0,0.0,0.28,20,2,0
101237,670,Mobile Accessories,917.79,2.0,UPI,10,3,0.3,0.06,111,3,0
101238,775,Mobile Accessories,905.39,5.4,Debit Card,15,4,0.267,0.06,9,2,0
101239,1877,Mobile Accessories,1031.2,17.6,Debit Card,12,3,0.25,0.06,13,0,0
101240,1870,Footwear,1927.39,27.9,UPI,15,2,0.133,0.24,50,1,0
101241,2089,Apparel - Mens,2161.55,6.1,COD,11,0,0.0,0.19,23,1,0
101242,1297,Footwear,3416.09,20.0,UPI,17,0,0.0,0.24,24,1,0
101243,914,Apparel - Womens,1138.32,6.7,UPI,8,0,0.0,0.28,41,1,1
101244,1916,Furniture,9429.9,16.9,COD,13,0,0.0,0.11,7,0,0
101245,1045,Footwear,2434.36,23.8,COD,13,6,0.462,0.24,13,3,1
101246,2127,Home & Kitchen,4411.47,17.5,Debit Card,11,1,0.091,0.07,24,1,0
101247,2175,Electronics,7434.81,7.6,COD,15,6,0.4,0.09,41,0,0
101248,1000,Electronics,8439.16,0.6,UPI,12,1,0.083,0.09,67,3,0
101249,297,Electronics,5142.84,29.7,UPI,12,3,0.25,0.09,5,0,0
101250,2148,Apparel - Mens,1573.36,18.0,UPI,12,3,0.25,0.19,23,3,0
101251,837,Beauty,880.43,10.7,UPI,10,1,0.1,0.05,36,1,1
101252,542,Home & Kitchen,2229.45,6.8,Debit Card,10,0,0.0,0.07,7,1,0
101253,164,Apparel - Mens,2741.9,24.6,Credit Card,14,3,0.214,0.19,51,1,0
101254,262,Apparel - Womens,2507.23,11.6,Credit Card,11,5,0.455,0.28,12,1,1
101255,1699,Electronics,1027.78,5.7,COD,18,2,0.111,0.09,12,1,0
101256,213,Home & Kitchen,2519.76,14.8,UPI,13,5,0.385,0.07,13,1,0
101257,377,Furniture,16928.97,11.9,UPI,12,1,0.083,0.11,55,1,0
101258,532,Beauty,1191.06,21.6,UPI,16,3,0.188,0.05,70,2,1
101259,306,Mobile Accessories,150.0,6.5,Credit Card,17,1,0.059,0.06,9,0,0
101260,302,Apparel - Mens,333.75,18.5,COD,14,0,0.0,0.19,108,2,0
101261,216,Furniture,17086.54,25.8,COD,8,0,0.0,0.11,8,1,0
101262,1483,Mobile Accessories,541.4,10.7,COD,8,3,0.375,0.06,40,2,0
101263,1526,Apparel - Womens,2546.31,18.4,Debit Card,14,3,0.214,0.28,84,3,0
101264,534,Apparel - Womens,2707.98,15.3,Credit Card,13,3,0.231,0.28,71,0,0
101265,915,Apparel - Womens,2456.9,6.7,Credit Card,7,4,0.571,0.28,8,1,0
101266,1426,Beauty,1089.38,17.2,COD,9,1,0.111,0.05,10,1,0
101267,978,Furniture,10454.31,17.0,UPI,9,3,0.333,0.11,60,0,1
101268,1224,Footwear,2732.69,4.7,COD,15,3,0.2,0.24,24,0,1
101269,2162,Furniture,5148.67,5.8,UPI,12,1,0.083,0.11,103,2,0
101270,1994,Furniture,8174.22,18.1,Debit Card,18,3,0.167,0.11,17,1,0
101271,1692,Apparel - Womens,2082.72,9.0,UPI,13,0,0.0,0.28,19,2,0
101272,406,Electronics,7101.81,15.9,Credit Card,11,2,0.182,0.09,25,2,0
101273,1844,Beauty,1445.49,19.7,Credit Card,10,3,0.3,0.05,0,1,1
101274,148,Mobile Accessories,315.14,1.7,UPI,13,1,0.077,0.06,6,3,0
101275,1681,Home & Kitchen,2002.91,6.4,Credit Card,14,2,0.143,0.07,77,0,0
101276,1814,Apparel - Womens,2126.32,11.9,UPI,11,2,0.182,0.28,1,0,0
101277,1666,Home & Kitchen,1712.47,6.3,UPI,10,0,0.0,0.07,36,1,0
101278,127,Apparel - Womens,2188.02,12.3,UPI,10,1,0.1,0.28,64,3,1
101279,1057,Apparel - Mens,1305.01,22.8,COD,16,3,0.188,0.19,109,0,1
101280,2177,Electronics,5975.96,22.5,COD,13,0,0.0,0.09,1,1,0
101281,337,Apparel - Womens,2313.65,3.8,UPI,16,2,0.125,0.28,23,0,1
101282,303,Electronics,9310.0,6.3,Debit Card,11,2,0.182,0.09,4,5,0
101283,1482,Beauty,1064.58,10.0,UPI,9,0,0.0,0.05,0,0,0
101284,545,Electronics,8598.28,3.9,Credit Card,19,1,0.053,0.09,66,0,0
101285,2054,Furniture,8288.1,19.4,UPI,5,1,0.2,0.11,24,0,0
101286,2177,Apparel - Womens,2110.33,6.2,Credit Card,13,0,0.0,0.28,20,0,0
101287,763,Home & Kitchen,1093.06,3.7,COD,12,0,0.0,0.07,27,1,0
101288,1917,Apparel - Mens,1114.57,8.2,UPI,14,1,0.071,0.19,93,2,1
101289,658,Beauty,902.54,6.5,COD,12,0,0.0,0.05,37,1,0
101290,1944,Electronics,7706.11,7.2,Credit Card,12,1,0.083,0.09,66,0,0
101291,56,Beauty,1137.78,2.4,UPI,14,1,0.071,0.05,4,1,0
101292,1532,Beauty,601.03,13.0,Netbanking,13,4,0.308,0.05,23,2,0
101293,1258,Electronics,13084.13,3.6,Credit Card,10,0,0.0,0.09,71,1,0
101294,988,Home & Kitchen,1582.81,13.0,Debit Card,7,1,0.143,0.07,15,1,0
101295,633,Apparel - Mens,1482.31,18.7,UPI,11,1,0.091,0.19,38,1,0
101296,1170,Home & Kitchen,2534.95,14.3,UPI,18,9,0.5,0.07,40,0,0
101297,418,Furniture,8812.93,4.2,Credit Card,12,1,0.083,0.11,19,1,0
101298,2039,Beauty,251.94,16.2,Debit Card,14,3,0.214,0.05,116,0,0
101299,277,Apparel - Mens,2419.12,2.8,UPI,11,1,0.091,0.19,0,2,0
101300,527,Apparel - Womens,2241.82,17.1,Credit Card,16,5,0.312,0.28,21,0,1
101301,1644,Electronics,5852.1,1.7,UPI,12,4,0.333,0.09,55,2,0
101302,1592,Electronics,7036.55,3.8,Netbanking,7,1,0.143,0.09,18,0,0
101303,2037,Apparel - Womens,1913.64,18.1,COD,13,4,0.308,0.28,136,2,0
101304,1413,Apparel - Mens,2545.22,0.5,Credit Card,17,4,0.235,0.19,47,1,0
101305,1506,Beauty,736.36,14.0,COD,13,1,0.077,0.05,28,3,0
101306,254,Apparel - Mens,2290.39,0.9,COD,11,1,0.091,0.19,38,1,1
101307,483,Electronics,12940.1,10.0,Credit Card,16,7,0.438,0.09,12,1,0
101308,507,Mobile Accessories,520.23,15.9,UPI,15,2,0.133,0.06,73,2,0
101309,994,Footwear,2172.05,23.2,UPI,13,0,0.0,0.24,41,1,0
101310,929,Electronics,5332.67,9.5,COD,11,1,0.091,0.09,65,1,0
101311,2052,Apparel - Mens,1460.04,4.8,UPI,16,1,0.062,0.19,80,3,0
101312,1871,Electronics,4756.53,18.4,Credit Card,7,0,0.0,0.09,23,2,0
101313,2079,Beauty,1070.41,22.9,COD,13,0,0.0,0.05,3,1,0
101314,515,Apparel - Mens,1387.88,4.0,COD,15,2,0.133,0.19,4,0,1
101315,536,Footwear,1703.59,7.7,UPI,7,1,0.143,0.24,11,0,1
101316,728,Apparel - Womens,2138.53,10.6,COD,18,3,0.167,0.28,16,3,1
101317,648,Mobile Accessories,940.44,2.8,Credit Card,12,2,0.167,0.06,3,2,0
101318,108,Furniture,10276.57,14.0,COD,15,2,0.133,0.11,23,1,1
101319,1090,Apparel - Mens,988.44,2.4,Credit Card,15,4,0.267,0.19,15,3,0
101320,179,Beauty,1207.12,10.2,UPI,11,0,0.0,0.05,23,0,0
101321,278,Beauty,1081.54,4.5,UPI,15,5,0.333,0.05,29,1,0
101322,1904,Home & Kitchen,2210.48,9.9,COD,12,1,0.083,0.07,108,2,0
101323,1863,Beauty,1587.5,23.6,COD,11,2,0.182,0.05,63,1,0
101324,280,Electronics,6414.19,4.7,UPI,12,2,0.167,0.09,27,1,0
101325,618,Electronics,2204.88,6.3,COD,9,1,0.111,0.09,39,0,0
101326,894,Footwear,788.09,4.8,Debit Card,7,2,0.286,0.24,14,2,0
101327,2165,Furniture,11464.7,26.2,UPI,12,1,0.083,0.11,32,5,1
101328,1317,Furniture,12207.83,18.5,Netbanking,10,1,0.1,0.11,7,1,0
101329,1591,Home & Kitchen,2269.26,9.7,COD,10,6,0.6,0.07,26,3,0
101330,158,Mobile Accessories,457.38,10.4,UPI,14,1,0.071,0.06,17,1,0
101331,1124,Home & Kitchen,1979.21,25.0,UPI,12,4,0.333,0.07,23,0,0
101332,1865,Footwear,1663.27,6.1,UPI,17,3,0.176,0.24,138,1,0
101333,249,Apparel - Womens,2111.92,17.5,COD,10,0,0.0,0.28,60,1,0
101334,1329,Electronics,9861.86,3.9,Netbanking,14,1,0.071,0.09,92,1,0
101335,2095,Electronics,9821.34,20.7,UPI,12,2,0.167,0.09,58,1,0
101336,100,Mobile Accessories,864.79,14.7,Credit Card,10,3,0.3,0.06,20,3,1
101337,362,Apparel - Womens,1571.08,2.0,Netbanking,10,4,0.4,0.28,14,1,0
101338,35,Furniture,8234.73,16.4,UPI,13,4,0.308,0.11,22,1,0
101339,1523,Footwear,3392.11,19.7,UPI,13,6,0.462,0.24,20,0,0
101340,657,Electronics,6958.49,7.9,UPI,11,1,0.091,0.09,5,4,0
101341,488,Mobile Accessories,150.0,12.0,COD,13,1,0.077,0.06,37,1,0
101342,2,Beauty,607.69,3.1,Netbanking,11,2,0.182,0.05,29,1,1
101343,380,Beauty,896.68,34.2,UPI,12,5,0.417,0.05,41,0,0
101344,2186,Footwear,3805.93,6.8,UPI,16,1,0.062,0.24,63,5,0
101345,836,Home & Kitchen,1840.08,3.1,COD,11,2,0.182,0.07,60,2,0
101346,867,Furniture,12131.93,23.4,COD,11,3,0.273,0.11,12,1,1
101347,894,Beauty,252.87,5.4,UPI,7,2,0.286,0.05,33,2,0
101348,1393,Mobile Accessories,223.65,14.9,UPI,11,1,0.091,0.06,6,2,0
101349,917,Electronics,10157.06,6.6,Credit Card,13,3,0.231,0.09,14,0,0
101350,1110,Mobile Accessories,279.39,21.1,Debit Card,10,0,0.0,0.06,23,2,1
101351,1751,Furniture,8021.22,8.5,Credit Card,16,2,0.125,0.11,12,1,0
101352,966,Mobile Accessories,434.0,2.6,UPI,12,4,0.333,0.06,1,1,1
101353,1257,Apparel - Mens,2765.5,12.3,Credit Card,12,3,0.25,0.19,30,1,1
101354,880,Furniture,17244.31,5.4,UPI,12,4,0.333,0.11,22,2,1
101355,2099,Mobile Accessories,803.8,15.9,COD,16,3,0.188,0.06,26,2,0
101356,2138,Electronics,7615.67,19.4,UPI,15,9,0.6,0.09,82,3,0
101357,1553,Mobile Accessories,672.4,4.1,Credit Card,9,3,0.333,0.06,10,0,0
101358,53,Beauty,1087.44,4.3,Debit Card,9,2,0.222,0.05,36,2,0
101359,192,Mobile Accessories,651.03,22.0,UPI,19,6,0.316,0.06,29,2,0
101360,775,Footwear,1849.2,13.8,UPI,15,4,0.267,0.24,7,1,1
101361,1281,Apparel - Mens,1900.78,12.3,COD,13,4,0.308,0.19,14,0,1
101362,423,Apparel - Mens,1292.61,10.0,COD,13,1,0.077,0.19,49,2,0
101363,408,Apparel - Mens,742.19,11.1,COD,13,0,0.0,0.19,7,1,0
101364,658,Furniture,11138.54,10.7,UPI,12,0,0.0,0.11,5,0,1
101365,734,Electronics,8583.48,6.1,UPI,14,6,0.429,0.09,1,2,1
101366,1549,Home & Kitchen,1927.89,9.6,COD,13,2,0.154,0.07,23,2,0
101367,75,Apparel - Womens,3006.3,5.7,COD,6,5,0.833,0.28,33,1,0
101368,1560,Footwear,1632.7,36.7,Credit Card,11,0,0.0,0.24,23,0,0
101369,258,Beauty,1087.63,13.5,Netbanking,14,7,0.5,0.05,0,2,0
101370,1599,Mobile Accessories,672.0,2.8,COD,15,0,0.0,0.06,25,2,0
101371,1374,Home & Kitchen,1178.64,18.6,UPI,10,0,0.0,0.07,107,0,0
101372,1979,Electronics,8849.97,1.2,COD,10,4,0.4,0.09,106,0,0
101373,1965,Apparel - Mens,1619.53,3.9,UPI,13,1,0.077,0.19,66,0,0
101374,604,Electronics,5248.53,11.3,Credit Card,11,3,0.273,0.09,3,2,1
101375,1386,Mobile Accessories,534.69,12.7,Credit Card,11,1,0.091,0.06,3,1,0
101376,1279,Apparel - Womens,2034.29,17.6,COD,14,3,0.214,0.28,13,2,0
101377,691,Footwear,2662.68,32.0,UPI,13,1,0.077,0.24,49,2,1
101378,1819,Apparel - Mens,2243.05,17.0,UPI,10,3,0.3,0.19,7,1,1
101379,1971,Footwear,2849.66,12.5,Debit Card,8,4,0.5,0.24,63,2,0
101380,1012,Furniture,6079.68,3.4,UPI,12,3,0.25,0.11,9,0,0
101381,975,Home & Kitchen,2881.95,4.6,COD,7,1,0.143,0.07,21,1,0
101382,1202,Furniture,7489.76,24.3,UPI,12,5,0.417,0.11,11,0,0
101383,1811,Home & Kitchen,3048.08,30.2,UPI,9,4,0.444,0.07,37,1,0
101384,2117,Mobile Accessories,585.32,15.0,Debit Card,16,3,0.188,0.06,3,0,0
101385,1747,Electronics,6386.34,26.2,Debit Card,16,2,0.125,0.09,60,2,0
101386,1918,Apparel - Womens,2105.42,3.1,COD,16,1,0.062,0.28,0,0,1
101387,1154,Apparel - Womens,1673.35,2.3,Debit Card,17,7,0.412,0.28,33,0,1
101388,1754,Footwear,1848.6,12.6,Credit Card,14,8,0.571,0.24,91,2,1
101389,1553,Apparel - Womens,1849.06,6.0,UPI,9,3,0.333,0.28,16,2,1
101390,656,Beauty,833.21,9.3,UPI,11,6,0.545,0.05,18,2,1
101391,1935,Furniture,7034.39,12.0,UPI,14,0,0.0,0.11,16,0,0
101392,2162,Home & Kitchen,1499.75,16.5,UPI,12,1,0.083,0.07,3,1,0
101393,357,Apparel - Womens,2283.53,25.9,COD,15,2,0.133,0.28,5,1,0
101394,1388,Apparel - Mens,314.03,20.6,Debit Card,9,0,0.0,0.19,9,2,0
101395,726,Electronics,2134.45,10.3,COD,10,3,0.3,0.09,5,2,1
101396,1055,Home & Kitchen,2553.77,0.8,Debit Card,9,3,0.333,0.07,37,2,0
101397,156,Mobile Accessories,434.12,8.4,COD,14,0,0.0,0.06,9,0,0
101398,955,Furniture,7675.66,4.8,Credit Card,7,1,0.143,0.11,6,1,0
101399,1528,Footwear,2409.89,5.3,Credit Card,10,1,0.1,0.24,31,1,0
101400,1980,Electronics,4579.77,11.9,Debit Card,11,1,0.091,0.09,0,1,0
101401,2057,Mobile Accessories,656.72,28.0,COD,8,1,0.125,0.06,0,3,0
101402,685,Furniture,6889.11,20.3,Credit Card,10,0,0.0,0.11,78,1,0
101403,98,Beauty,1650.23,10.4,UPI,10,0,0.0,0.05,12,1,0
101404,527,Mobile Accessories,499.99,7.2,Credit Card,16,5,0.312,0.06,155,3,0
101405,1057,Footwear,1082.36,10.6,UPI,16,3,0.188,0.24,27,0,0
101406,40,Furniture,150.0,20.7,UPI,13,0,0.0,0.11,2,3,0
101407,1399,Electronics,9719.32,18.0,COD,12,5,0.417,0.09,10,1,1
101408,1447,Home & Kitchen,3180.4,11.2,COD,14,0,0.0,0.07,25,1,0
101409,1050,Apparel - Womens,4153.91,3.6,COD,15,12,0.8,0.28,7,0,1
101410,365,Furniture,6444.85,4.2,COD,11,4,0.364,0.11,65,0,1
101411,316,Beauty,1294.59,8.3,Debit Card,12,0,0.0,0.05,2,1,0
101412,140,Furniture,2730.36,5.2,Netbanking,7,1,0.143,0.11,67,0,0
101413,2042,Apparel - Womens,1551.36,2.8,Debit Card,10,3,0.3,0.28,25,2,1
101414,2041,Apparel - Mens,2073.28,5.2,UPI,15,5,0.333,0.19,129,1,0
101415,2138,Furniture,10591.82,12.9,UPI,15,9,0.6,0.11,0,1,1
101416,113,Electronics,9066.81,4.6,Credit Card,13,2,0.154,0.09,34,0,0
101417,277,Furniture,9970.85,20.1,Debit Card,11,1,0.091,0.11,33,1,0
101418,1370,Apparel - Mens,1676.69,4.2,Credit Card,6,2,0.333,0.19,28,1,1
101419,1667,Beauty,552.53,9.4,Credit Card,13,4,0.308,0.05,45,2,0
101420,1225,Mobile Accessories,401.75,34.8,Debit Card,7,1,0.143,0.06,21,2,0
101421,355,Electronics,7006.58,16.5,Debit Card,15,3,0.2,0.09,28,1,0
101422,120,Furniture,8551.83,19.2,Debit Card,11,1,0.091,0.11,12,1,0
101423,2022,Mobile Accessories,154.7,11.2,UPI,17,1,0.059,0.06,10,1,0
101424,1765,Apparel - Womens,3008.12,11.3,COD,15,1,0.067,0.28,0,0,0
101425,415,Apparel - Mens,1798.3,11.1,Netbanking,12,2,0.167,0.19,5,2,0
101426,868,Beauty,794.33,20.8,Credit Card,14,5,0.357,0.05,20,3,0
101427,271,Furniture,7316.47,17.0,COD,10,0,0.0,0.11,42,2,0
101428,1885,Beauty,1297.15,19.6,COD,12,2,0.167,0.05,3,2,0
101429,712,Beauty,1039.73,7.1,COD,8,0,0.0,0.05,161,1,0
101430,602,Furniture,5434.76,11.7,UPI,14,4,0.286,0.11,0,1,0
101431,751,Mobile Accessories,1026.87,25.0,Credit Card,9,1,0.111,0.06,1,2,0
101432,39,Apparel - Mens,956.31,16.7,UPI,15,1,0.067,0.19,67,1,0
101433,1071,Beauty,1039.56,34.3,Debit Card,10,1,0.1,0.05,69,0,0
101434,689,Electronics,5746.73,6.8,Credit Card,9,1,0.111,0.09,103,0,0
101435,666,Apparel - Womens,1628.35,18.1,COD,14,2,0.143,0.28,50,1,0
101436,335,Furniture,7187.51,5.2,COD,14,1,0.071,0.11,56,0,0
101437,1960,Apparel - Mens,1504.62,9.6,UPI,17,4,0.235,0.19,94,2,0
101438,1524,Apparel - Womens,1243.54,24.7,Credit Card,13,1,0.077,0.28,13,0,0
101439,423,Mobile Accessories,779.82,0.7,Credit Card,13,1,0.077,0.06,82,1,0
101440,1672,Footwear,2839.35,10.6,Credit Card,18,3,0.167,0.24,2,2,1
101441,719,Beauty,613.37,10.0,Credit Card,17,2,0.118,0.05,51,2,0
101442,1704,Home & Kitchen,3384.78,5.9,Credit Card,8,3,0.375,0.07,82,1,0
101443,439,Footwear,2858.32,4.3,Credit Card,13,1,0.077,0.24,9,0,0
101444,1931,Home & Kitchen,2412.42,3.4,Debit Card,9,0,0.0,0.07,13,2,0
101445,2115,Apparel - Womens,340.63,7.4,COD,17,4,0.235,0.28,1,2,0
101446,2037,Home & Kitchen,3406.24,4.4,UPI,13,4,0.308,0.07,6,2,1
101447,14,Home & Kitchen,936.81,10.5,UPI,10,0,0.0,0.07,0,0,0
101448,433,Mobile Accessories,705.48,6.0,UPI,14,4,0.286,0.06,0,1,0
101449,376,Mobile Accessories,210.99,2.7,UPI,9,1,0.111,0.06,85,3,0
101450,1184,Mobile Accessories,197.04,10.3,Debit Card,10,4,0.4,0.06,74,2,1
101451,535,Beauty,921.7,7.9,Credit Card,13,1,0.077,0.05,13,0,1
101452,228,Home & Kitchen,1666.16,2.2,UPI,10,3,0.3,0.07,4,1,0
101453,1788,Home & Kitchen,2699.87,25.6,COD,13,8,0.615,0.07,14,1,0
101454,1228,Electronics,6584.06,9.4,Credit Card,13,4,0.308,0.09,27,1,0
101455,426,Apparel - Mens,1783.6,1.5,COD,10,5,0.5,0.19,29,0,1
101456,1284,Apparel - Womens,1590.05,3.7,Debit Card,11,5,0.455,0.28,3,0,0
101457,173,Apparel - Womens,1640.74,11.2,UPI,13,2,0.154,0.28,26,0,0
101458,2120,Mobile Accessories,660.38,8.5,COD,11,2,0.182,0.06,15,1,1
101459,451,Mobile Accessories,826.72,10.9,Credit Card,10,1,0.1,0.06,4,1,0
101460,213,Home & Kitchen,2712.68,11.0,Credit Card,13,5,0.385,0.07,9,1,0
101461,383,Mobile Accessories,582.72,7.9,Credit Card,11,1,0.091,0.06,33,0,0
101462,1505,Beauty,650.56,9.6,COD,8,1,0.125,0.05,20,0,0
101463,1646,Furniture,150.0,15.0,Debit Card,8,2,0.25,0.11,73,0,0
101464,946,Apparel - Womens,1500.06,2.2,Credit Card,14,6,0.429,0.28,15,1,0
101465,144,Beauty,1331.0,7.5,UPI,9,2,0.222,0.05,27,0,0
101466,1451,Footwear,1004.4,13.0,COD,10,3,0.3,0.24,16,1,0
101467,1201,Home & Kitchen,2063.06,4.5,Credit Card,10,1,0.1,0.07,13,2,0
101468,1610,Footwear,3765.93,21.3,UPI,11,1,0.091,0.24,0,0,0
101469,1720,Footwear,2073.21,7.4,COD,21,2,0.095,0.24,81,0,0
101470,1056,Mobile Accessories,843.81,11.8,COD,9,1,0.111,0.06,3,1,1
101471,1850,Apparel - Womens,922.85,22.7,COD,11,1,0.091,0.28,6,2,1
101472,525,Apparel - Womens,1785.49,15.3,COD,14,0,0.0,0.28,2,2,0
101473,638,Apparel - Womens,1833.43,3.4,UPI,19,15,0.789,0.28,24,0,1
101474,354,Home & Kitchen,2310.7,4.7,Credit Card,13,4,0.308,0.07,3,2,0
101475,39,Home & Kitchen,3144.14,9.1,UPI,15,1,0.067,0.07,27,1,0
101476,192,Apparel - Womens,1689.13,3.6,Netbanking,19,6,0.316,0.28,64,2,1
101477,1435,Home & Kitchen,2085.66,8.5,Netbanking,9,0,0.0,0.07,45,2,0
101478,1113,Electronics,2721.07,12.7,UPI,9,1,0.111,0.09,41,1,0
101479,1251,Home & Kitchen,1518.56,8.6,UPI,15,1,0.067,0.07,16,1,0
101480,1162,Electronics,11082.6,18.1,COD,11,0,0.0,0.09,0,0,0
101481,29,Apparel - Mens,1950.24,31.3,UPI,10,1,0.1,0.19,53,1,0
101482,264,Electronics,5901.4,6.3,COD,15,1,0.067,0.09,6,1,0
101483,1789,Electronics,6832.58,10.4,UPI,13,0,0.0,0.09,62,0,0
101484,319,Home & Kitchen,1721.84,3.8,Credit Card,11,3,0.273,0.07,11,2,0
101485,90,Furniture,4270.5,2.9,Debit Card,11,5,0.455,0.11,6,2,0
101486,259,Apparel - Mens,1554.92,18.8,Credit Card,12,0,0.0,0.19,9,1,0
101487,1261,Beauty,327.71,12.6,UPI,10,1,0.1,0.05,102,4,0
101488,654,Apparel - Mens,1360.0,36.2,Credit Card,8,3,0.375,0.19,49,0,0
101489,383,Apparel - Mens,1067.89,11.9,UPI,11,1,0.091,0.19,1,0,1
101490,227,Home & Kitchen,2923.94,10.3,COD,18,3,0.167,0.07,63,0,0
101491,316,Furniture,10046.83,15.3,COD,12,0,0.0,0.11,8,1,0
101492,266,Furniture,4949.62,22.6,Credit Card,18,0,0.0,0.11,7,2,0
101493,758,Footwear,1365.66,15.5,UPI,14,6,0.429,0.24,64,2,0
101494,465,Home & Kitchen,1657.81,9.5,UPI,10,3,0.3,0.07,4,0,0
101495,22,Beauty,1215.74,8.9,Credit Card,15,1,0.067,0.05,13,0,0
101496,1829,Home & Kitchen,749.09,16.0,COD,7,2,0.286,0.07,53,1,0
101497,1693,Electronics,8134.12,3.8,Credit Card,11,1,0.091,0.09,19,0,0
101498,2116,Mobile Accessories,782.67,4.7,UPI,11,3,0.273,0.06,50,2,0
101499,1491,Footwear,3544.48,12.2,UPI,19,4,0.211,0.24,2,0,0
101500,113,Home & Kitchen,2230.32,5.3,COD,13,2,0.154,0.07,10,0,0
101501,2199,Apparel - Mens,1031.59,12.6,UPI,15,4,0.267,0.19,26,0,1
101502,1570,Apparel - Womens,2398.92,6.2,UPI,16,5,0.312,0.28,4,3,1
101503,1901,Apparel - Mens,838.4,5.5,UPI,15,8,0.533,0.19,14,2,1
101504,1618,Beauty,1318.39,9.9,Credit Card,10,1,0.1,0.05,16,0,0
101505,2167,Mobile Accessories,480.71,24.6,UPI,9,5,0.556,0.06,46,1,0
101506,939,Apparel - Mens,748.23,2.4,Netbanking,11,3,0.273,0.19,40,1,0
101507,1295,Mobile Accessories,542.75,14.2,Credit Card,10,1,0.1,0.06,23,1,0
101508,661,Footwear,2452.71,7.7,UPI,12,2,0.167,0.24,29,2,1
101509,1335,Mobile Accessories,1182.73,23.8,UPI,17,2,0.118,0.06,55,1,0
101510,627,Electronics,9813.32,6.6,Credit Card,9,2,0.222,0.09,94,0,0
101511,108,Beauty,841.77,17.2,UPI,15,2,0.133,0.05,10,2,0
101512,1324,Apparel - Womens,2703.02,18.3,UPI,11,2,0.182,0.28,1,2,1
101513,1453,Apparel - Mens,785.97,9.2,Credit Card,6,1,0.167,0.19,48,1,0
101514,738,Apparel - Mens,1378.39,4.7,UPI,14,3,0.214,0.19,72,2,1
101515,768,Footwear,2282.06,1.3,COD,10,3,0.3,0.24,40,3,0
101516,906,Apparel - Womens,1444.13,10.9,UPI,9,5,0.556,0.28,23,3,1
101517,1354,Beauty,869.51,7.5,UPI,7,1,0.143,0.05,16,3,0
101518,2094,Beauty,1101.07,18.5,Credit Card,18,5,0.278,0.05,86,2,0
101519,408,Beauty,530.09,12.5,UPI,13,0,0.0,0.05,51,0,0
101520,772,Apparel - Mens,1579.51,12.4,COD,11,1,0.091,0.19,46,0,0
101521,280,Electronics,8156.12,15.3,COD,12,2,0.167,0.09,3,1,0
101522,9,Furniture,6921.8,5.3,COD,15,5,0.333,0.11,30,2,0
101523,904,Beauty,891.59,17.7,Credit Card,11,3,0.273,0.05,37,1,0
101524,1133,Beauty,624.19,5.7,COD,12,2,0.167,0.05,32,0,0
101525,1168,Apparel - Womens,2471.53,1.2,UPI,14,2,0.143,0.28,89,1,0
101526,2162,Home & Kitchen,3012.84,8.3,Credit Card,12,1,0.083,0.07,31,0,1
101527,303,Apparel - Womens,2864.5,0.5,Debit Card,11,2,0.182,0.28,18,1,0
101528,595,Beauty,981.78,0.6,Credit Card,15,0,0.0,0.05,24,0,0
101529,1015,Footwear,1951.37,1.9,UPI,15,3,0.2,0.24,115,2,0
101530,558,Apparel - Mens,2274.02,15.5,Credit Card,11,4,0.364,0.19,23,1,1
101531,1219,Apparel - Mens,3228.26,18.4,Debit Card,11,2,0.182,0.19,105,0,0
101532,1941,Home & Kitchen,3614.27,2.8,COD,13,2,0.154,0.07,5,0,0
101533,1283,Apparel - Womens,1734.39,9.8,UPI,11,2,0.182,0.28,119,3,0
101534,1779,Electronics,6172.07,13.4,Credit Card,9,0,0.0,0.09,53,1,0
101535,1207,Apparel - Mens,1534.75,2.6,UPI,14,0,0.0,0.19,28,1,0
101536,1476,Furniture,4054.03,5.8,UPI,7,3,0.429,0.11,13,3,0
101537,1092,Home & Kitchen,779.0,3.0,UPI,10,0,0.0,0.07,57,1,0
101538,178,Mobile Accessories,628.86,1.9,Credit Card,13,1,0.077,0.06,38,1,0
101539,852,Furniture,16669.54,4.5,Netbanking,13,0,0.0,0.11,53,1,0
101540,2139,Footwear,3241.56,13.2,UPI,16,0,0.0,0.24,0,1,0
101541,413,Home & Kitchen,2549.27,8.0,UPI,8,0,0.0,0.07,78,2,0
101542,443,Footwear,3966.29,11.4,UPI,14,9,0.643,0.24,10,0,1
101543,1428,Home & Kitchen,2093.18,13.6,Credit Card,16,3,0.188,0.07,54,0,0
101544,772,Furniture,11826.61,9.6,UPI,11,1,0.091,0.11,103,0,0
101545,820,Apparel - Womens,1624.71,37.6,UPI,13,2,0.154,0.28,0,2,1
101546,1120,Apparel - Mens,1214.72,20.6,COD,17,3,0.176,0.19,22,3,0
101547,1941,Footwear,4396.5,6.1,COD,13,2,0.154,0.24,10,0,0
101548,795,Apparel - Womens,2967.82,29.6,Credit Card,13,3,0.231,0.28,128,2,0
101549,1381,Electronics,8426.74,10.0,COD,9,1,0.111,0.09,0,0,0
101550,2005,Home & Kitchen,2078.42,20.0,Debit Card,11,3,0.273,0.07,37,1,0
101551,508,Footwear,2844.1,23.7,Debit Card,12,2,0.167,0.24,50,2,0
101552,711,Home & Kitchen,2368.69,20.0,Credit Card,13,1,0.077,0.07,0,2,0
101553,96,Electronics,8730.03,5.0,UPI,11,8,0.727,0.09,9,1,1
101554,820,Home & Kitchen,924.26,2.7,Netbanking,13,2,0.154,0.07,35,0,0
101555,1366,Apparel - Mens,1597.07,6.3,UPI,11,1,0.091,0.19,53,2,0
101556,1628,Apparel - Womens,1213.14,5.0,COD,11,2,0.182,0.28,14,3,0
101557,351,Home & Kitchen,767.99,3.8,COD,10,5,0.5,0.07,26,1,1
101558,1978,Electronics,9403.38,16.4,Debit Card,16,2,0.125,0.09,30,2,0
101559,682,Mobile Accessories,560.18,6.0,UPI,14,0,0.0,0.06,0,0,0
101560,517,Mobile Accessories,936.52,5.9,COD,12,1,0.083,0.06,17,1,0
101561,148,Mobile Accessories,150.0,11.5,UPI,13,1,0.077,0.06,34,2,0
101562,725,Footwear,1380.18,5.4,COD,14,8,0.571,0.24,8,1,1
101563,540,Apparel - Womens,2911.36,20.1,COD,14,0,0.0,0.28,23,0,0
101564,1060,Apparel - Womens,2341.83,22.9,COD,16,4,0.25,0.28,13,2,1
101565,415,Mobile Accessories,430.09,6.0,UPI,12,2,0.167,0.06,24,2,0
101566,250,Electronics,4434.91,4.1,UPI,9,2,0.222,0.09,4,2,0
101567,847,Home & Kitchen,1658.78,1.3,Credit Card,12,0,0.0,0.07,4,0,0
101568,271,Apparel - Mens,2814.18,15.2,COD,10,0,0.0,0.19,76,1,0
101569,127,Beauty,603.77,14.8,COD,10,1,0.1,0.05,2,2,0
101570,1479,Beauty,948.28,7.0,Credit Card,12,5,0.417,0.05,12,1,0
101571,1090,Home & Kitchen,3434.69,13.8,UPI,15,4,0.267,0.07,49,1,0
101572,655,Home & Kitchen,403.63,17.1,UPI,10,1,0.1,0.07,10,0,0
101573,1716,Furniture,16429.06,8.7,Credit Card,11,1,0.091,0.11,19,1,0
101574,22,Beauty,150.0,2.4,UPI,15,1,0.067,0.05,8,3,0
101575,1110,Mobile Accessories,814.28,21.2,COD,10,0,0.0,0.06,116,1,0
101576,1035,Electronics,4698.23,21.5,UPI,11,1,0.091,0.09,60,3,0
101577,1906,Apparel - Mens,843.59,1.8,COD,10,2,0.2,0.19,15,1,0
101578,827,Mobile Accessories,596.93,29.5,Credit Card,18,2,0.111,0.06,24,2,1
101579,1764,Furniture,783.14,16.9,Debit Card,13,2,0.154,0.11,12,1,0
101580,1420,Furniture,7448.95,2.8,Credit Card,6,2,0.333,0.11,58,1,0
101581,630,Beauty,960.01,8.7,UPI,6,2,0.333,0.05,0,2,1
101582,2057,Electronics,4806.46,37.8,UPI,8,1,0.125,0.09,75,0,0
101583,443,Footwear,2357.42,8.2,Credit Card,14,9,0.643,0.24,30,1,1
101584,399,Furniture,11381.6,7.5,Debit Card,14,3,0.214,0.11,1,0,0
101585,1476,Furniture,6307.68,16.6,Netbanking,7,3,0.429,0.11,43,1,0
101586,605,Furniture,6299.83,10.8,Debit Card,11,0,0.0,0.11,7,2,0
101587,634,Mobile Accessories,754.14,9.1,Debit Card,14,0,0.0,0.06,3,0,0
101588,225,Beauty,955.91,22.6,Debit Card,8,1,0.125,0.05,76,2,0
101589,701,Beauty,2032.43,3.5,Credit Card,10,2,0.2,0.05,13,0,0
101590,1427,Apparel - Mens,696.83,5.1,COD,9,0,0.0,0.19,29,0,0
101591,263,Furniture,10746.96,23.5,Credit Card,14,3,0.214,0.11,4,1,0
101592,129,Mobile Accessories,651.25,20.8,COD,13,7,0.538,0.06,109,0,0
101593,294,Footwear,1862.55,3.7,COD,10,3,0.3,0.24,46,0,1
101594,1314,Furniture,6334.62,34.5,COD,12,2,0.167,0.11,32,2,0
101595,1414,Electronics,5326.55,4.8,Credit Card,11,3,0.273,0.09,2,1,1
101596,2197,Mobile Accessories,776.88,26.8,COD,10,5,0.5,0.06,16,1,1
101597,793,Beauty,1064.97,15.4,Debit Card,9,0,0.0,0.05,13,1,0
101598,1417,Footwear,1329.06,12.4,UPI,14,5,0.357,0.24,56,1,0
101599,786,Furniture,9679.95,12.1,COD,15,5,0.333,0.11,1,0,1
101600,46,Beauty,832.0,14.5,UPI,13,1,0.077,0.05,77,1,0
101601,1862,Electronics,5528.28,18.8,Credit Card,17,0,0.0,0.09,18,3,0
101602,1004,Electronics,7149.19,14.7,Netbanking,17,1,0.059,0.09,48,1,0
101603,1590,Mobile Accessories,932.1,21.6,Debit Card,9,0,0.0,0.06,35,1,0
101604,1319,Beauty,996.44,9.7,UPI,16,5,0.312,0.05,21,1,0
101605,452,Apparel - Mens,1556.31,20.4,Credit Card,14,5,0.357,0.19,7,0,0
101606,1288,Apparel - Womens,1216.98,22.7,UPI,11,5,0.455,0.28,21,1,1
101607,131,Electronics,6238.41,11.5,Credit Card,12,3,0.25,0.09,10,0,0
101608,285,Footwear,2708.03,9.7,Credit Card,10,1,0.1,0.24,29,0,0
101609,403,Beauty,1123.48,9.8,COD,17,2,0.118,0.05,72,1,0
101610,1283,Electronics,2512.38,19.3,COD,11,2,0.182,0.09,46,0,0
101611,2118,Footwear,1994.1,14.3,COD,10,6,0.6,0.24,21,1,1
101612,149,Electronics,6420.37,16.7,Credit Card,10,0,0.0,0.09,30,2,0
101613,1373,Apparel - Mens,1599.72,5.1,COD,18,4,0.222,0.19,23,0,0
101614,293,Electronics,11054.37,6.7,COD,14,1,0.071,0.09,57,1,1
101615,1884,Footwear,2046.69,20.2,Credit Card,13,5,0.385,0.24,4,0,0
101616,502,Beauty,1351.78,6.7,Credit Card,10,2,0.2,0.05,6,1,0
101617,2144,Footwear,2299.94,6.5,COD,12,2,0.167,0.24,17,3,1
101618,208,Electronics,8239.3,29.2,COD,15,5,0.333,0.09,25,2,1
101619,267,Furniture,6394.88,2.9,UPI,15,2,0.133,0.11,1,1,0
101620,1371,Apparel - Womens,2310.07,9.0,Credit Card,13,3,0.231,0.28,29,1,1
101621,1625,Footwear,1706.91,6.7,Debit Card,13,1,0.077,0.24,111,0,0
101622,644,Home & Kitchen,2466.23,3.8,Credit Card,11,4,0.364,0.07,4,1,1
101623,1290,Home & Kitchen,3751.27,25.5,Debit Card,9,2,0.222,0.07,7,0,0
101624,2032,Apparel - Mens,1911.92,5.9,UPI,16,5,0.312,0.19,10,0,1
101625,520,Mobile Accessories,782.72,15.9,Credit Card,8,0,0.0,0.06,8,1,1
101626,741,Footwear,2378.2,22.1,Netbanking,10,1,0.1,0.24,47,0,0
101627,1428,Apparel - Womens,2424.88,9.0,UPI,16,3,0.188,0.28,78,0,1
101628,2076,Apparel - Womens,2235.35,4.8,Credit Card,12,3,0.25,0.28,19,2,1
101629,529,Home & Kitchen,1595.59,1.7,UPI,12,1,0.083,0.07,132,0,0
101630,648,Footwear,1492.63,13.7,Debit Card,12,2,0.167,0.24,5,2,1
101631,1174,Footwear,2491.88,4.0,Netbanking,18,6,0.333,0.24,3,2,0
101632,657,Mobile Accessories,1009.72,11.8,UPI,11,1,0.091,0.06,59,1,0
101633,774,Beauty,812.69,4.9,Debit Card,9,4,0.444,0.05,130,1,0
101634,519,Furniture,11620.77,4.6,Credit Card,9,0,0.0,0.11,41,2,0
101635,1657,Apparel - Mens,3724.07,15.3,Credit Card,13,2,0.154,0.19,56,2,1
101636,220,Footwear,2754.24,5.3,UPI,13,4,0.308,0.24,31,2,1
101637,378,Home & Kitchen,1196.96,20.2,UPI,11,1,0.091,0.07,19,1,0
101638,1908,Apparel - Womens,763.35,22.6,UPI,12,2,0.167,0.28,6,0,1
101639,2087,Mobile Accessories,1074.21,10.7,UPI,11,4,0.364,0.06,46,0,0
101640,1154,Furniture,9816.06,11.9,Credit Card,17,7,0.412,0.11,75,1,0
101641,48,Home & Kitchen,1587.48,3.6,UPI,15,4,0.267,0.07,124,0,0
101642,970,Footwear,150.0,18.5,UPI,10,0,0.0,0.24,38,0,0
101643,172,Electronics,10096.57,9.2,COD,11,2,0.182,0.09,16,0,0
101644,1554,Home & Kitchen,1691.62,5.6,Credit Card,13,2,0.154,0.07,129,1,0
101645,1140,Mobile Accessories,690.57,3.3,Credit Card,9,0,0.0,0.06,64,1,0
101646,1197,Apparel - Mens,2512.19,18.4,COD,17,2,0.118,0.19,58,1,1
101647,184,Apparel - Womens,1510.6,17.2,Credit Card,15,0,0.0,0.28,34,2,0
101648,428,Electronics,9948.33,0.2,UPI,9,1,0.111,0.09,20,0,0
101649,1469,Electronics,8373.75,2.1,UPI,9,4,0.444,0.09,50,2,0
101650,1289,Electronics,5800.27,22.1,Netbanking,10,0,0.0,0.09,21,1,0
101651,783,Footwear,2914.62,7.5,Credit Card,10,1,0.1,0.24,135,3,0
101652,857,Home & Kitchen,531.44,6.8,Credit Card,12,8,0.667,0.07,52,2,0
101653,2074,Home & Kitchen,2973.5,7.0,UPI,12,1,0.083,0.07,9,2,0
101654,902,Beauty,977.88,15.5,Debit Card,17,11,0.647,0.05,26,2,0
101655,1613,Apparel - Mens,2471.55,8.9,Credit Card,14,7,0.5,0.19,36,0,0
101656,1172,Electronics,12081.51,5.9,COD,14,3,0.214,0.09,35,0,1
101657,2032,Mobile Accessories,802.14,28.9,UPI,16,5,0.312,0.06,23,1,0
101658,474,Home & Kitchen,3455.7,8.7,Credit Card,10,0,0.0,0.07,30,1,0
101659,942,Mobile Accessories,863.2,13.1,UPI,14,1,0.071,0.06,1,1,0
101660,1303,Apparel - Mens,698.9,5.9,Debit Card,12,0,0.0,0.19,88,3,0
101661,1766,Mobile Accessories,815.57,16.5,UPI,14,4,0.286,0.06,4,0,0
101662,1467,Beauty,530.07,4.3,Credit Card,13,3,0.231,0.05,17,1,1
101663,746,Apparel - Womens,1667.97,21.3,Debit Card,11,2,0.182,0.28,48,1,1
101664,2053,Apparel - Womens,2124.03,9.1,UPI,14,3,0.214,0.28,26,0,0
101665,264,Mobile Accessories,1314.74,4.6,Debit Card,15,1,0.067,0.06,94,1,0
101666,223,Furniture,7202.82,10.1,Credit Card,8,3,0.375,0.11,2,2,1
101667,542,Apparel - Womens,1549.65,23.4,COD,10,0,0.0,0.28,33,1,0
101668,1956,Mobile Accessories,624.7,5.5,UPI,10,4,0.4,0.06,4,1,0
101669,1064,Beauty,1052.33,22.0,Credit Card,11,3,0.273,0.05,2,1,0
101670,120,Furniture,17366.3,20.4,Credit Card,11,1,0.091,0.11,20,2,1
101671,582,Apparel - Mens,835.66,25.5,UPI,14,6,0.429,0.19,140,1,1
101672,690,Furniture,7717.32,16.4,UPI,9,6,0.667,0.11,66,2,0
101673,1971,Mobile Accessories,527.64,8.0,Debit Card,8,4,0.5,0.06,57,2,1
101674,1480,Home & Kitchen,2129.51,11.5,UPI,9,2,0.222,0.07,36,2,0
101675,2158,Beauty,1263.94,11.6,Credit Card,11,2,0.182,0.05,59,1,1
101676,852,Mobile Accessories,1030.77,9.5,Credit Card,13,0,0.0,0.06,84,0,0
101677,1872,Home & Kitchen,1961.89,4.0,COD,11,1,0.091,0.07,68,0,0
101678,1570,Apparel - Womens,2000.45,8.3,COD,16,5,0.312,0.28,53,0,1
101679,180,Mobile Accessories,543.03,6.7,UPI,13,0,0.0,0.06,42,0,0
101680,361,Electronics,6480.43,5.8,UPI,10,5,0.5,0.09,69,1,0
101681,1788,Mobile Accessories,791.67,4.6,Credit Card,13,8,0.615,0.06,40,1,0
101682,1951,Home & Kitchen,3872.95,5.5,Debit Card,12,1,0.083,0.07,40,3,0
101683,1513,Furniture,5061.18,4.0,UPI,16,1,0.062,0.11,45,3,0
101684,2024,Apparel - Mens,1282.64,12.1,Credit Card,12,3,0.25,0.19,11,1,0
101685,386,Mobile Accessories,863.51,2.0,Debit Card,10,5,0.5,0.06,7,1,0
101686,942,Mobile Accessories,708.51,6.2,UPI,14,1,0.071,0.06,28,2,1
101687,41,Beauty,1315.63,11.5,COD,9,3,0.333,0.05,77,2,0
101688,905,Home & Kitchen,3285.79,17.1,COD,12,4,0.333,0.07,22,0,1
101689,888,Apparel - Womens,238.61,6.7,COD,17,2,0.118,0.28,58,2,1
101690,724,Beauty,1246.15,10.9,COD,14,0,0.0,0.05,5,1,0
101691,535,Electronics,7200.11,14.1,UPI,13,1,0.077,0.09,10,2,0
101692,136,Apparel - Mens,2362.41,4.1,Credit Card,13,0,0.0,0.19,20,2,0
101693,648,Mobile Accessories,747.55,3.3,COD,12,2,0.167,0.06,65,2,0
101694,1985,Furniture,6722.49,27.9,UPI,9,3,0.333,0.11,1,0,0
101695,211,Furniture,8173.42,7.3,Debit Card,10,3,0.3,0.11,1,0,0
101696,1307,Beauty,1265.79,34.0,Credit Card,12,5,0.417,0.05,22,0,1
101697,1871,Furniture,5591.96,14.7,Credit Card,7,0,0.0,0.11,2,1,0
101698,996,Home & Kitchen,2055.48,9.1,COD,5,1,0.2,0.07,16,1,0
101699,276,Electronics,11755.15,30.9,UPI,9,1,0.111,0.09,12,1,0
101700,1056,Apparel - Mens,534.28,3.0,UPI,9,1,0.111,0.19,24,1,0
101701,1490,Home & Kitchen,150.0,27.5,UPI,17,4,0.235,0.07,60,5,1
101702,802,Electronics,5503.09,14.3,UPI,15,0,0.0,0.09,104,2,0
101703,390,Apparel - Womens,1720.8,22.6,UPI,14,3,0.214,0.28,10,0,0
101704,721,Footwear,1825.26,8.5,COD,11,0,0.0,0.24,76,1,1
101705,1652,Apparel - Womens,2352.52,40.3,COD,11,2,0.182,0.28,134,2,1
101706,1854,Beauty,955.44,2.9,Debit Card,16,0,0.0,0.05,102,0,0
101707,443,Apparel - Mens,961.83,26.4,COD,14,9,0.643,0.19,10,2,0
101708,1240,Apparel - Mens,1291.36,6.7,Debit Card,12,3,0.25,0.19,31,1,0
101709,340,Apparel - Womens,2497.24,8.7,Credit Card,11,1,0.091,0.28,77,3,0
101710,539,Electronics,10836.0,12.8,Netbanking,12,2,0.167,0.09,11,0,0
101711,1944,Beauty,777.45,17.7,Netbanking,12,1,0.083,0.05,19,1,0
101712,1158,Mobile Accessories,821.78,11.3,Netbanking,12,4,0.333,0.06,10,2,1
101713,875,Apparel - Mens,1359.0,17.0,Credit Card,10,2,0.2,0.19,4,2,0
101714,1364,Electronics,7762.39,8.8,COD,13,0,0.0,0.09,4,2,0
101715,1255,Apparel - Mens,1200.26,24.7,Credit Card,9,1,0.111,0.19,18,0,0
101716,2052,Footwear,2323.64,14.3,UPI,16,1,0.062,0.24,33,0,1
101717,340,Furniture,8222.29,24.2,Debit Card,11,1,0.091,0.11,8,1,0
101718,1037,Electronics,7926.54,8.9,UPI,12,3,0.25,0.09,12,1,0
101719,619,Apparel - Womens,1765.53,9.9,Netbanking,9,6,0.667,0.28,19,0,1
101720,2013,Mobile Accessories,662.07,4.2,Credit Card,11,1,0.091,0.06,29,1,0
101721,2172,Electronics,6990.83,4.4,Credit Card,15,2,0.133,0.09,7,0,1
101722,1681,Apparel - Mens,2392.06,18.3,Debit Card,14,2,0.143,0.19,5,2,0
101723,944,Home & Kitchen,896.28,13.2,UPI,16,3,0.188,0.07,47,0,0
101724,239,Furniture,13378.74,6.3,Debit Card,13,2,0.154,0.11,39,1,0
101725,587,Furniture,10325.95,6.9,UPI,11,1,0.091,0.11,57,1,0
101726,1267,Electronics,7701.12,2.4,UPI,7,2,0.286,0.09,1,2,0
101727,215,Footwear,2962.61,8.2,COD,9,6,0.667,0.24,14,1,0
101728,2109,Electronics,6665.04,21.5,UPI,14,1,0.071,0.09,58,2,0
101729,1829,Home & Kitchen,2653.01,20.8,COD,7,2,0.286,0.07,44,2,1
101730,1862,Apparel - Mens,1365.56,24.3,Credit Card,17,0,0.0,0.19,19,1,0
101731,511,Mobile Accessories,686.5,24.2,COD,17,0,0.0,0.06,9,1,0
101732,1262,Footwear,875.8,12.6,Credit Card,14,2,0.143,0.24,12,0,1
101733,416,Mobile Accessories,1091.31,5.4,Debit Card,10,1,0.1,0.06,5,1,0
101734,1911,Furniture,11114.89,15.0,UPI,11,2,0.182,0.11,3,5,1
101735,924,Mobile Accessories,618.72,6.9,UPI,11,2,0.182,0.06,37,1,0
101736,1314,Footwear,1918.64,8.5,COD,12,2,0.167,0.24,2,0,1
101737,291,Home & Kitchen,1957.38,27.1,COD,18,3,0.167,0.07,56,0,0
101738,717,Footwear,1665.67,11.0,UPI,7,1,0.143,0.24,46,0,0
101739,2190,Electronics,6372.72,10.9,Debit Card,11,1,0.091,0.09,127,1,0
101740,1708,Beauty,943.28,19.9,Credit Card,12,4,0.333,0.05,40,2,0
101741,1044,Furniture,12312.14,11.6,COD,12,3,0.25,0.11,38,0,0
101742,1001,Footwear,961.07,8.6,Debit Card,8,1,0.125,0.24,14,3,0
101743,2134,Home & Kitchen,1701.82,7.9,Credit Card,8,2,0.25,0.07,26,2,0
101744,82,Apparel - Womens,1261.3,5.9,COD,8,3,0.375,0.28,2,2,1
101745,926,Footwear,784.18,11.3,Credit Card,12,2,0.167,0.24,4,1,0
101746,1758,Home & Kitchen,1731.3,6.3,COD,8,1,0.125,0.07,5,0,0
101747,1201,Apparel - Mens,1732.75,8.9,UPI,10,1,0.1,0.19,8,2,1
101748,778,Furniture,7471.01,3.2,Credit Card,15,4,0.267,0.11,1,0,0
101749,1614,Apparel - Womens,1743.93,27.4,Credit Card,13,3,0.231,0.28,11,2,0
101750,471,Apparel - Womens,2441.21,15.3,UPI,9,1,0.111,0.28,49,2,0
101751,2196,Electronics,7357.89,7.1,Netbanking,12,1,0.083,0.09,175,0,0
101752,1546,Home & Kitchen,1273.51,10.8,UPI,7,0,0.0,0.07,6,0,0
101753,2099,Home & Kitchen,2452.87,6.8,Credit Card,16,3,0.188,0.07,22,1,0
101754,1570,Apparel - Womens,2163.64,7.2,Credit Card,16,5,0.312,0.28,148,3,0
101755,92,Mobile Accessories,929.28,10.6,Credit Card,12,2,0.167,0.06,3,1,0
101756,1391,Electronics,5622.01,18.1,Netbanking,9,4,0.444,0.09,7,0,0
101757,48,Beauty,487.41,6.3,UPI,15,4,0.267,0.05,15,2,0
101758,150,Apparel - Womens,793.98,12.0,UPI,12,0,0.0,0.28,107,1,0
101759,1384,Furniture,9575.04,7.2,Credit Card,11,5,0.455,0.11,5,1,1
101760,2139,Apparel - Mens,1402.89,17.5,Credit Card,16,0,0.0,0.19,70,2,0
101761,789,Electronics,354.55,23.4,Credit Card,18,4,0.222,0.09,33,0,0
101762,2200,Beauty,541.19,31.0,Credit Card,17,4,0.235,0.05,17,1,0
101763,392,Apparel - Mens,2497.21,0.6,UPI,16,2,0.125,0.19,11,0,0
101764,387,Footwear,2552.69,13.1,UPI,14,3,0.214,0.24,58,0,1
101765,1623,Furniture,10508.15,9.8,UPI,13,1,0.077,0.11,54,0,0
101766,444,Beauty,854.48,20.1,COD,15,1,0.067,0.05,17,1,0
101767,2022,Furniture,8818.2,1.8,COD,17,1,0.059,0.11,15,1,1
101768,1950,Apparel - Mens,523.3,5.6,Debit Card,14,0,0.0,0.19,24,1,0
101769,713,Mobile Accessories,1206.24,19.1,UPI,13,2,0.154,0.06,44,1,1
101770,2083,Apparel - Mens,1189.27,16.9,Credit Card,15,1,0.067,0.19,35,4,0
101771,1870,Apparel - Womens,1654.19,12.8,COD,15,2,0.133,0.28,23,0,1
101772,102,Beauty,734.27,9.1,UPI,16,0,0.0,0.05,37,1,0
101773,1274,Beauty,797.78,29.6,UPI,10,3,0.3,0.05,31,2,0
101774,2068,Electronics,5920.91,13.7,Credit Card,17,0,0.0,0.09,166,0,0
101775,1126,Mobile Accessories,614.3,8.4,Credit Card,9,1,0.111,0.06,97,1,0
101776,1915,Apparel - Womens,2461.29,13.7,Credit Card,11,4,0.364,0.28,3,2,1
101777,595,Electronics,7861.59,20.8,Credit Card,15,0,0.0,0.09,47,0,0
101778,1788,Mobile Accessories,728.25,22.9,UPI,13,8,0.615,0.06,48,2,1
101779,105,Apparel - Mens,715.33,3.7,Credit Card,12,1,0.083,0.19,3,2,0
101780,664,Home & Kitchen,3436.76,11.5,COD,10,0,0.0,0.07,6,1,0
101781,997,Apparel - Womens,2618.0,30.6,UPI,11,1,0.091,0.28,0,0,0
101782,1132,Footwear,2928.19,2.3,UPI,11,2,0.182,0.24,8,0,1
101783,212,Apparel - Mens,1784.49,12.2,Credit Card,11,0,0.0,0.19,26,0,0
101784,1512,Furniture,5610.14,9.6,Credit Card,9,0,0.0,0.11,10,0,0
101785,1223,Apparel - Mens,415.24,16.1,Credit Card,13,0,0.0,0.19,21,2,0
101786,1244,Electronics,4750.45,8.6,Credit Card,15,4,0.267,0.09,37,3,0
101787,1901,Footwear,1387.26,2.3,UPI,15,8,0.533,0.24,16,2,1
101788,348,Apparel - Womens,2019.03,13.6,UPI,13,2,0.154,0.28,16,2,1
101789,67,Furniture,11541.75,17.1,UPI,7,1,0.143,0.11,22,0,0
101790,544,Home & Kitchen,3945.41,22.0,Credit Card,13,7,0.538,0.07,90,0,0
101791,2021,Apparel - Mens,772.05,14.9,COD,12,0,0.0,0.19,45,4,0
101792,1033,Footwear,210.74,30.3,COD,19,1,0.053,0.24,52,1,0
101793,1974,Home & Kitchen,4068.17,13.0,Debit Card,12,1,0.083,0.07,36,0,0
101794,570,Mobile Accessories,578.84,23.3,Debit Card,12,2,0.167,0.06,24,2,0
101795,816,Apparel - Mens,1602.04,7.2,Credit Card,15,2,0.133,0.19,155,1,0
101796,1703,Beauty,1129.76,1.5,UPI,6,2,0.333,0.05,81,0,0
101797,74,Mobile Accessories,612.07,20.7,Debit Card,11,3,0.273,0.06,3,1,0
101798,255,Furniture,4705.29,14.8,UPI,14,0,0.0,0.11,20,2,1
101799,2003,Apparel - Mens,2712.21,1.6,Debit Card,11,0,0.0,0.19,42,0,0
101800,1284,Electronics,10757.8,12.1,UPI,11,5,0.455,0.09,0,2,0
101801,201,Electronics,6977.89,7.7,Netbanking,10,2,0.2,0.09,13,3,0
101802,49,Apparel - Mens,2275.81,3.9,COD,14,0,0.0,0.19,26,0,0
101803,964,Beauty,1404.08,13.6,UPI,12,1,0.083,0.05,51,1,0
101804,63,Apparel - Mens,2251.64,16.2,COD,7,0,0.0,0.19,26,0,0
101805,754,Apparel - Mens,2208.04,15.3,UPI,10,1,0.1,0.19,55,4,0
101806,1243,Electronics,10810.83,18.2,Netbanking,13,0,0.0,0.09,2,0,1
101807,1841,Beauty,675.45,7.8,UPI,13,2,0.154,0.05,1,1,0
101808,1332,Furniture,5206.91,33.4,COD,14,5,0.357,0.11,13,1,0
101809,1089,Footwear,1945.23,22.0,UPI,10,1,0.1,0.24,17,0,1
101810,1955,Apparel - Womens,964.88,5.9,COD,12,0,0.0,0.28,14,2,0
101811,1576,Mobile Accessories,150.0,12.2,COD,11,1,0.091,0.06,21,0,0
101812,383,Apparel - Womens,1881.0,23.2,COD,11,1,0.091,0.28,24,1,1
101813,2089,Mobile Accessories,637.29,4.6,Debit Card,11,0,0.0,0.06,18,1,0
101814,1532,Footwear,2258.62,5.1,UPI,13,4,0.308,0.24,50,1,0
101815,2004,Footwear,3751.1,10.8,Debit Card,9,2,0.222,0.24,38,5,1
101816,519,Home & Kitchen,1440.2,9.2,Credit Card,9,0,0.0,0.07,1,0,0
101817,1745,Electronics,1403.02,24.9,Netbanking,10,0,0.0,0.09,9,2,0
101818,346,Apparel - Mens,1262.28,23.8,Debit Card,12,3,0.25,0.19,72,1,0
101819,287,Mobile Accessories,850.3,2.4,Credit Card,12,5,0.417,0.06,40,1,0
101820,327,Mobile Accessories,767.13,20.2,UPI,14,1,0.071,0.06,26,0,0
101821,276,Home & Kitchen,1887.66,1.1,COD,9,1,0.111,0.07,1,1,0
101822,1778,Home & Kitchen,2059.62,0.4,COD,8,0,0.0,0.07,45,0,0
101823,320,Mobile Accessories,459.81,10.8,COD,15,5,0.333,0.06,15,3,1
101824,495,Beauty,1263.13,16.9,Credit Card,15,0,0.0,0.05,38,0,0
101825,519,Home & Kitchen,2462.84,4.1,Debit Card,9,0,0.0,0.07,82,1,1
101826,858,Beauty,852.84,6.8,COD,11,3,0.273,0.05,44,1,0
101827,786,Mobile Accessories,781.8,25.7,COD,15,5,0.333,0.06,46,0,0
101828,271,Apparel - Womens,583.55,31.5,Debit Card,10,0,0.0,0.28,24,2,0
101829,923,Footwear,2978.3,4.6,Credit Card,11,0,0.0,0.24,0,1,1
101830,1360,Apparel - Womens,2200.01,12.9,UPI,15,0,0.0,0.28,61,1,0
101831,367,Home & Kitchen,2298.62,31.6,COD,17,2,0.118,0.07,43,2,0
101832,1796,Electronics,3527.46,14.4,Debit Card,5,0,0.0,0.09,42,1,0
101833,344,Mobile Accessories,399.01,11.7,Credit Card,14,2,0.143,0.06,82,5,0
101834,2183,Apparel - Mens,705.94,12.0,COD,17,5,0.294,0.19,10,0,1
101835,723,Beauty,1144.33,9.5,Debit Card,10,0,0.0,0.05,65,0,0
101836,766,Beauty,1821.35,14.7,COD,9,1,0.111,0.05,43,2,0
101837,424,Beauty,1041.22,27.9,Debit Card,12,2,0.167,0.05,57,0,0
101838,179,Apparel - Womens,1777.27,5.5,COD,11,0,0.0,0.28,17,1,0
101839,1558,Furniture,8343.01,17.4,UPI,14,0,0.0,0.11,58,2,0
101840,1920,Beauty,564.35,21.0,UPI,12,2,0.167,0.05,0,0,0
101841,1095,Home & Kitchen,1730.72,27.5,Credit Card,15,3,0.2,0.07,47,0,0
101842,2029,Apparel - Mens,1743.87,13.2,UPI,16,2,0.125,0.19,15,1,0
101843,1074,Apparel - Mens,2738.45,1.1,UPI,15,2,0.133,0.19,33,1,0
101844,2148,Beauty,643.78,11.9,Credit Card,12,3,0.25,0.05,25,0,0
101845,1444,Electronics,7324.96,0.6,UPI,14,3,0.214,0.09,25,0,0
101846,2143,Apparel - Womens,968.61,5.5,UPI,16,3,0.188,0.28,8,0,1
101847,98,Footwear,3120.28,9.7,COD,10,0,0.0,0.24,32,2,0
101848,1825,Furniture,5591.64,29.0,Credit Card,10,1,0.1,0.11,48,1,0
101849,1094,Apparel - Mens,900.85,18.9,UPI,11,3,0.273,0.19,40,2,0
101850,1385,Footwear,1795.19,34.4,Credit Card,8,2,0.25,0.24,41,0,1
101851,1178,Mobile Accessories,711.77,17.0,COD,13,3,0.231,0.06,27,1,0
101852,690,Apparel - Womens,2324.84,4.7,UPI,9,6,0.667,0.28,0,0,1
101853,1935,Home & Kitchen,802.53,24.3,Debit Card,14,0,0.0,0.07,17,1,0
101854,32,Beauty,887.35,4.8,Credit Card,14,5,0.357,0.05,33,0,0
101855,702,Electronics,8226.77,1.5,Debit Card,9,0,0.0,0.09,10,2,0
101856,1752,Footwear,2926.67,2.1,Credit Card,14,1,0.071,0.24,67,2,0
101857,238,Furniture,14144.68,5.1,Credit Card,13,3,0.231,0.11,1,0,0
101858,42,Apparel - Mens,1040.29,13.5,Debit Card,11,3,0.273,0.19,14,0,0
101859,301,Furniture,9113.01,15.3,COD,11,4,0.364,0.11,36,1,1
101860,2054,Home & Kitchen,2526.94,4.5,UPI,5,1,0.2,0.07,26,2,0
101861,2155,Mobile Accessories,851.78,22.0,COD,15,1,0.067,0.06,8,0,1
101862,2110,Home & Kitchen,2308.38,1.3,UPI,10,0,0.0,0.07,10,0,0
101863,169,Electronics,5099.45,7.4,COD,12,2,0.167,0.09,3,1,0
101864,1812,Footwear,2895.79,1.9,Credit Card,18,3,0.167,0.24,45,1,1
101865,1667,Footwear,2751.15,17.0,UPI,13,4,0.308,0.24,57,2,0
101866,457,Mobile Accessories,835.4,11.6,COD,11,2,0.182,0.06,83,2,0
101867,1045,Apparel - Womens,3980.88,1.7,Credit Card,13,6,0.462,0.28,5,0,0
101868,1634,Footwear,2125.77,13.0,UPI,12,1,0.083,0.24,47,0,0
101869,387,Footwear,2307.94,6.9,COD,14,3,0.214,0.24,6,2,0
101870,683,Footwear,4064.14,16.0,Debit Card,11,1,0.091,0.24,0,3,0
101871,162,Mobile Accessories,840.2,1.6,UPI,17,3,0.176,0.06,11,0,0
101872,1205,Home & Kitchen,1381.38,19.8,COD,12,8,0.667,0.07,265,0,1
101873,821,Electronics,5218.2,6.4,UPI,13,2,0.154,0.09,11,0,0
101874,1042,Apparel - Mens,1601.88,23.6,UPI,12,3,0.25,0.19,71,4,0
101875,1631,Footwear,1939.02,17.3,COD,15,7,0.467,0.24,11,0,0
101876,341,Furniture,8423.7,6.4,UPI,7,0,0.0,0.11,69,2,0
101877,1690,Beauty,720.79,29.5,Credit Card,13,0,0.0,0.05,22,4,0
101878,96,Apparel - Womens,1642.85,37.3,Credit Card,11,8,0.727,0.28,60,1,1
101879,2012,Electronics,4403.45,29.6,Credit Card,11,3,0.273,0.09,150,1,0
101880,550,Apparel - Mens,1148.28,16.6,UPI,9,1,0.111,0.19,60,1,0
101881,291,Mobile Accessories,641.36,24.4,Credit Card,18,3,0.167,0.06,60,0,0
101882,1842,Mobile Accessories,462.2,44.2,Netbanking,15,1,0.067,0.06,15,1,0
101883,608,Apparel - Mens,973.02,8.0,Credit Card,11,3,0.273,0.19,11,1,0
101884,660,Furniture,11890.87,1.4,UPI,7,1,0.143,0.11,32,0,0
101885,186,Furniture,6349.18,8.2,Credit Card,12,4,0.333,0.11,30,1,0
101886,1413,Beauty,806.74,16.6,COD,17,4,0.235,0.05,97,1,1
101887,1000,Furniture,13889.3,19.3,Credit Card,12,1,0.083,0.11,19,1,0
101888,2197,Home & Kitchen,1142.88,4.2,Debit Card,10,5,0.5,0.07,47,0,1
101889,1435,Beauty,904.2,32.4,Netbanking,9,0,0.0,0.05,100,0,0
101890,1511,Home & Kitchen,2460.05,5.0,Credit Card,10,1,0.1,0.07,16,0,0
101891,1539,Furniture,7701.41,3.8,UPI,9,1,0.111,0.11,105,0,0
101892,141,Furniture,5339.02,4.2,UPI,15,2,0.133,0.11,26,3,0
101893,1075,Furniture,6307.78,20.0,Netbanking,6,0,0.0,0.11,49,3,0
101894,563,Electronics,8232.74,30.3,COD,11,1,0.091,0.09,101,1,0
101895,2193,Footwear,2691.53,16.2,UPI,17,2,0.118,0.24,31,0,0
101896,672,Beauty,1293.31,25.9,UPI,9,5,0.556,0.05,70,1,0
101897,1732,Electronics,6520.2,3.4,UPI,11,3,0.273,0.09,35,0,0
101898,2190,Apparel - Womens,1806.06,1.1,Credit Card,11,1,0.091,0.28,30,3,0
101899,833,Beauty,1801.11,20.2,UPI,14,4,0.286,0.05,67,0,0
101900,1785,Apparel - Womens,1795.25,17.0,Credit Card,9,1,0.111,0.28,18,1,0
101901,288,Apparel - Mens,1481.95,21.2,Debit Card,9,1,0.111,0.19,9,0,0
101902,28,Home & Kitchen,3944.38,6.1,UPI,12,1,0.083,0.07,16,1,0
101903,596,Electronics,6069.6,14.0,Netbanking,11,0,0.0,0.09,27,2,0
101904,502,Home & Kitchen,1608.06,5.3,Credit Card,10,2,0.2,0.07,10,2,0
101905,688,Apparel - Mens,1085.98,12.9,Credit Card,14,4,0.286,0.19,3,1,0
101906,669,Apparel - Mens,2384.73,1.2,UPI,13,1,0.077,0.19,85,1,0
101907,1758,Electronics,8926.89,9.8,UPI,8,1,0.125,0.09,23,0,0
101908,1110,Footwear,2766.44,19.2,Netbanking,10,0,0.0,0.24,36,0,0
101909,276,Apparel - Mens,1942.57,11.0,Debit Card,9,1,0.111,0.19,51,0,1
101910,1886,Home & Kitchen,1523.62,19.3,COD,11,0,0.0,0.07,20,0,0
101911,931,Electronics,5667.9,7.8,Netbanking,10,1,0.1,0.09,7,3,0
101912,165,Apparel - Mens,2076.08,15.9,COD,16,0,0.0,0.19,3,3,0
101913,929,Home & Kitchen,1916.28,10.7,COD,11,1,0.091,0.07,8,2,0
101914,2138,Electronics,9995.16,8.0,Credit Card,15,9,0.6,0.09,168,2,1
101915,2015,Footwear,3085.36,12.1,UPI,16,1,0.062,0.24,61,0,0
101916,892,Footwear,601.14,9.5,COD,17,7,0.412,0.24,10,1,0
101917,519,Mobile Accessories,600.58,5.2,Credit Card,9,0,0.0,0.06,11,3,0
101918,1608,Home & Kitchen,1751.41,5.2,UPI,10,2,0.2,0.07,6,2,0
101919,1020,Beauty,660.8,19.8,UPI,10,3,0.3,0.05,1,3,0
101920,589,Furniture,10072.85,20.7,UPI,12,5,0.417,0.11,14,1,0
101921,2184,Apparel - Womens,2101.88,2.1,Credit Card,14,4,0.286,0.28,44,0,0
101922,1140,Mobile Accessories,479.31,4.4,COD,9,0,0.0,0.06,103,1,0
101923,1191,Beauty,1097.5,6.6,UPI,14,1,0.071,0.05,29,1,0
101924,309,Home & Kitchen,2037.85,9.8,UPI,9,0,0.0,0.07,46,0,0
101925,1216,Footwear,2336.07,10.3,COD,9,0,0.0,0.24,26,1,0
101926,1749,Electronics,9643.29,7.9,Credit Card,8,1,0.125,0.09,3,0,0
101927,1127,Beauty,1174.85,11.3,COD,15,0,0.0,0.05,77,0,0
101928,1872,Apparel - Womens,1443.31,15.9,UPI,11,1,0.091,0.28,95,1,0
101929,306,Mobile Accessories,907.18,5.6,Credit Card,17,1,0.059,0.06,9,4,0
101930,55,Mobile Accessories,700.39,11.6,Credit Card,13,3,0.231,0.06,40,0,0
101931,1754,Home & Kitchen,2279.27,4.1,Debit Card,14,8,0.571,0.07,28,1,0
101932,1848,Footwear,2766.43,7.3,Credit Card,14,3,0.214,0.24,1,0,0
101933,937,Home & Kitchen,2358.95,4.5,UPI,9,0,0.0,0.07,5,1,0
101934,992,Apparel - Womens,1099.09,23.7,Credit Card,14,2,0.143,0.28,13,1,1
101935,1534,Footwear,2892.19,7.2,COD,16,6,0.375,0.24,20,0,1
101936,537,Apparel - Mens,1731.45,8.9,Netbanking,12,0,0.0,0.19,88,0,0
101937,379,Footwear,3730.56,12.1,Credit Card,12,4,0.333,0.24,4,0,0
101938,1236,Furniture,8415.3,15.9,Credit Card,19,2,0.105,0.11,11,1,0
101939,91,Apparel - Womens,2483.19,19.9,COD,12,1,0.083,0.28,78,0,1
101940,893,Apparel - Mens,2235.29,4.9,UPI,18,3,0.167,0.19,177,3,0
101941,2066,Apparel - Mens,2342.81,14.9,Netbanking,12,4,0.333,0.19,16,2,1
101942,755,Home & Kitchen,653.13,17.3,Debit Card,15,3,0.2,0.07,68,1,0
101943,594,Furniture,2211.72,9.8,COD,13,0,0.0,0.11,62,1,0
101944,1419,Apparel - Mens,1548.72,26.8,COD,17,5,0.294,0.19,23,1,1
101945,98,Furniture,4956.97,2.7,UPI,10,0,0.0,0.11,56,1,0
101946,1390,Mobile Accessories,754.0,4.9,UPI,12,2,0.167,0.06,76,1,0
101947,776,Electronics,150.0,11.0,Credit Card,17,3,0.176,0.09,39,1,0
101948,1430,Footwear,3961.53,19.1,Credit Card,10,0,0.0,0.24,5,1,0
101949,1994,Electronics,2534.11,6.6,COD,18,3,0.167,0.09,13,1,0
101950,1977,Footwear,2009.78,9.6,UPI,12,1,0.083,0.24,94,0,0
101951,397,Furniture,9067.67,7.6,Credit Card,12,4,0.333,0.11,9,2,0
101952,467,Mobile Accessories,1063.9,1.1,Credit Card,14,2,0.143,0.06,0,1,0
101953,1067,Footwear,3824.18,15.0,COD,12,2,0.167,0.24,1,2,1
101954,936,Mobile Accessories,1034.23,0.7,COD,14,3,0.214,0.06,4,1,1
101955,937,Furniture,4882.34,22.0,Debit Card,9,0,0.0,0.11,3,0,0
101956,907,Beauty,715.6,9.0,Credit Card,14,0,0.0,0.05,49,2,0
101957,2105,Footwear,1331.21,5.3,COD,16,12,0.75,0.24,63,0,1
101958,390,Apparel - Mens,1544.58,12.8,Debit Card,14,3,0.214,0.19,38,1,0
101959,2041,Home & Kitchen,228.07,15.6,COD,15,5,0.333,0.07,1,4,0
101960,764,Beauty,552.38,8.6,UPI,15,6,0.4,0.05,81,2,0
101961,1121,Footwear,965.94,8.2,COD,12,1,0.083,0.24,7,1,0
101962,1587,Apparel - Womens,1150.64,5.0,UPI,12,1,0.083,0.28,3,3,0
101963,413,Apparel - Womens,2040.25,0.3,UPI,8,0,0.0,0.28,9,0,0
101964,2013,Electronics,2755.67,20.9,Debit Card,11,1,0.091,0.09,41,0,0
101965,1834,Electronics,4324.61,10.1,UPI,13,3,0.231,0.09,28,1,0
101966,1203,Mobile Accessories,510.62,2.3,UPI,17,2,0.118,0.06,113,1,0
101967,699,Home & Kitchen,2870.59,22.3,Debit Card,11,3,0.273,0.07,15,2,0
101968,531,Footwear,1694.05,23.2,UPI,12,2,0.167,0.24,54,0,0
101969,1310,Electronics,2243.14,19.6,Credit Card,12,3,0.25,0.09,32,2,0
101970,754,Mobile Accessories,644.19,13.0,COD,10,1,0.1,0.06,5,0,0
101971,407,Apparel - Mens,2951.54,14.6,UPI,16,4,0.25,0.19,17,2,0
101972,1489,Beauty,1249.93,6.2,UPI,9,4,0.444,0.05,2,1,0
101973,794,Footwear,3866.93,15.7,Credit Card,12,0,0.0,0.24,92,2,0
101974,1572,Electronics,10840.01,12.0,UPI,9,0,0.0,0.09,43,2,1
101975,736,Beauty,1252.84,14.0,Netbanking,16,0,0.0,0.05,153,0,0
101976,453,Electronics,5647.66,24.9,UPI,11,2,0.182,0.09,12,0,0
101977,1773,Footwear,2837.31,10.5,UPI,12,3,0.25,0.24,21,0,1
101978,1830,Footwear,1400.09,13.5,Debit Card,13,3,0.231,0.24,4,2,0
101979,799,Mobile Accessories,798.5,16.4,UPI,10,1,0.1,0.06,6,2,0
101980,957,Furniture,5885.37,19.8,UPI,13,2,0.154,0.11,5,1,0
101981,664,Apparel - Womens,1256.77,24.3,COD,10,0,0.0,0.28,39,2,0
101982,973,Footwear,3984.89,11.2,UPI,8,2,0.25,0.24,6,2,0
101983,467,Apparel - Mens,1374.37,14.7,Debit Card,14,2,0.143,0.19,59,1,0
101984,2119,Footwear,3103.82,5.9,COD,10,0,0.0,0.24,97,0,0
101985,1852,Home & Kitchen,1499.96,34.9,COD,12,0,0.0,0.07,43,1,0
101986,1639,Electronics,4642.66,5.5,COD,8,2,0.25,0.09,0,4,0
101987,1072,Footwear,2382.63,9.4,Debit Card,14,4,0.286,0.24,0,2,0
101988,1850,Apparel - Mens,2564.47,5.9,UPI,11,1,0.091,0.19,2,0,0
101989,182,Furniture,12846.8,2.8,COD,12,4,0.333,0.11,7,0,0
101990,671,Home & Kitchen,1142.12,7.8,COD,11,0,0.0,0.07,7,2,0
101991,357,Home & Kitchen,1829.14,1.3,UPI,15,2,0.133,0.07,24,1,0
101992,250,Home & Kitchen,1392.98,6.3,Debit Card,9,2,0.222,0.07,1,3,0
101993,821,Apparel - Womens,1346.85,4.6,COD,13,2,0.154,0.28,62,1,0
101994,1886,Apparel - Mens,850.2,11.4,Credit Card,11,0,0.0,0.19,60,3,1
101995,1261,Furniture,2989.88,16.1,UPI,10,1,0.1,0.11,176,2,0
101996,2158,Electronics,6173.83,0.5,UPI,11,2,0.182,0.09,22,3,0
101997,519,Electronics,6476.95,24.8,UPI,9,0,0.0,0.09,45,0,0
101998,1446,Apparel - Mens,1468.61,13.3,UPI,11,6,0.545,0.19,14,1,0
101999,1981,Apparel - Mens,566.36,7.5,UPI,17,5,0.294,0.19,1,0,0
102000,54,Apparel - Mens,1475.89,1.5,Credit Card,14,3,0.214,0.19,17,2,1
102001,409,Furniture,3698.92,22.6,COD,11,3,0.273,0.11,8,1,0
102002,235,Mobile Accessories,434.03,18.4,Credit Card,9,1,0.111,0.06,1,0,0
102003,2173,Furniture,10395.61,11.9,COD,20,10,0.5,0.11,8,0,1
102004,200,Footwear,3305.39,11.8,Credit Card,11,2,0.182,0.24,2,1,0
102005,2099,Electronics,8752.04,1.5,UPI,16,3,0.188,0.09,40,2,0
102006,1535,Apparel - Womens,3130.71,7.4,UPI,6,1,0.167,0.28,63,1,0
102007,1774,Footwear,3900.87,25.9,COD,14,4,0.286,0.24,115,0,0
102008,1864,Footwear,2201.61,10.8,Debit Card,14,7,0.5,0.24,7,0,1
102009,854,Beauty,415.28,24.5,Debit Card,7,1,0.143,0.05,0,2,0
102010,1928,Apparel - Mens,1364.76,16.2,Credit Card,18,1,0.056,0.19,34,1,0
102011,556,Beauty,924.76,19.9,Netbanking,14,3,0.214,0.05,9,0,0
102012,690,Apparel - Womens,1118.96,19.9,UPI,9,6,0.667,0.28,91,1,1
102013,1688,Beauty,1005.05,8.6,Debit Card,10,0,0.0,0.05,18,1,0
102014,2066,Apparel - Mens,1734.59,4.7,Credit Card,12,4,0.333,0.19,200,2,0
102015,1936,Beauty,423.34,13.2,Debit Card,12,3,0.25,0.05,49,0,0
102016,214,Apparel - Mens,2572.13,15.8,UPI,11,4,0.364,0.19,81,0,0
102017,826,Electronics,3055.68,21.2,UPI,9,6,0.667,0.09,45,1,0
102018,1302,Electronics,150.0,5.7,COD,15,7,0.467,0.09,5,3,0
102019,444,Apparel - Mens,1578.89,13.0,Debit Card,15,1,0.067,0.19,29,1,0
102020,1887,Beauty,455.75,14.1,Debit Card,10,0,0.0,0.05,16,2,0
102021,793,Apparel - Mens,1394.67,6.4,COD,9,0,0.0,0.19,6,1,0
102022,164,Beauty,237.01,15.9,COD,14,3,0.214,0.05,12,1,0
102023,1676,Home & Kitchen,2837.37,14.0,Credit Card,11,5,0.455,0.07,5,0,0
102024,1413,Beauty,973.17,30.1,UPI,17,4,0.235,0.05,143,0,0
102025,404,Mobile Accessories,1107.67,13.4,Credit Card,9,4,0.444,0.06,71,0,0
102026,1526,Furniture,7653.3,20.2,UPI,14,3,0.214,0.11,31,0,0
102027,1736,Mobile Accessories,689.1,8.5,UPI,18,5,0.278,0.06,117,4,0
102028,1143,Electronics,8391.02,8.5,Debit Card,12,3,0.25,0.09,20,1,1
102029,890,Footwear,2318.47,7.8,UPI,10,3,0.3,0.24,10,1,0
102030,1917,Home & Kitchen,2752.21,18.3,UPI,14,1,0.071,0.07,36,0,0
102031,1266,Home & Kitchen,2770.66,40.4,UPI,14,1,0.071,0.07,38,1,0
102032,161,Home & Kitchen,1529.96,3.8,COD,11,1,0.091,0.07,18,0,0
102033,12,Mobile Accessories,876.28,14.1,Credit Card,12,2,0.167,0.06,71,0,0
102034,21,Beauty,842.04,2.7,COD,10,2,0.2,0.05,21,1,0
102035,1025,Electronics,2839.63,11.9,Credit Card,6,1,0.167,0.09,0,0,0
102036,26,Mobile Accessories,548.76,3.7,UPI,11,2,0.182,0.06,52,2,0
102037,1668,Electronics,8090.12,19.6,COD,15,0,0.0,0.09,25,1,0
102038,870,Apparel - Mens,1982.49,20.5,Debit Card,12,2,0.167,0.19,1,1,0
102039,732,Electronics,5479.48,42.6,COD,13,1,0.077,0.09,19,1,0
102040,1597,Electronics,4509.36,18.4,Credit Card,12,2,0.167,0.09,12,4,0
102041,289,Mobile Accessories,285.66,2.7,Credit Card,10,1,0.1,0.06,262,1,0
102042,1224,Electronics,2475.96,18.3,Debit Card,15,3,0.2,0.09,85,0,1
102043,1735,Beauty,1426.85,26.9,UPI,12,2,0.167,0.05,23,1,0
102044,2116,Footwear,1135.86,2.5,COD,11,3,0.273,0.24,12,1,0
102045,1589,Apparel - Mens,1378.18,18.7,UPI,13,1,0.077,0.19,42,0,0
102046,312,Home & Kitchen,1045.56,16.2,COD,11,1,0.091,0.07,42,0,0
102047,1531,Apparel - Womens,2126.97,29.5,Credit Card,11,0,0.0,0.28,29,4,0
102048,1527,Electronics,6398.99,13.1,Credit Card,13,6,0.462,0.09,5,1,0
102049,1367,Electronics,6306.3,6.3,Debit Card,14,5,0.357,0.09,15,2,0
102050,2197,Apparel - Mens,1217.13,25.1,UPI,10,5,0.5,0.19,36,1,1
102051,37,Apparel - Womens,1587.32,16.6,UPI,13,0,0.0,0.28,2,2,0
102052,658,Beauty,865.64,7.8,COD,12,0,0.0,0.05,3,2,0
102053,1616,Apparel - Womens,2344.41,3.8,COD,18,9,0.5,0.28,12,0,1
102054,1674,Apparel - Mens,1627.61,2.4,COD,11,2,0.182,0.19,26,2,0
102055,153,Electronics,7037.44,18.5,Credit Card,10,2,0.2,0.09,18,2,0
102056,1004,Apparel - Womens,1291.06,10.3,UPI,17,1,0.059,0.28,2,2,0
102057,357,Electronics,6738.63,12.7,Credit Card,15,2,0.133,0.09,83,1,0
102058,1072,Apparel - Mens,1267.94,30.8,UPI,14,4,0.286,0.19,60,2,0
102059,1499,Apparel - Mens,1588.39,6.9,Credit Card,13,1,0.077,0.19,7,0,0
102060,76,Footwear,1047.45,2.1,UPI,9,2,0.222,0.24,66,0,0
102061,1893,Mobile Accessories,481.95,25.7,COD,19,3,0.158,0.06,24,2,0
102062,1330,Apparel - Mens,1019.5,12.9,COD,11,2,0.182,0.19,23,0,0
102063,914,Beauty,807.53,10.2,Credit Card,8,0,0.0,0.05,156,0,0
102064,1538,Beauty,1485.59,21.5,Credit Card,9,1,0.111,0.05,8,2,0
102065,1714,Footwear,2262.98,3.6,UPI,14,2,0.143,0.24,38,1,0
102066,1459,Furniture,13075.98,13.3,UPI,9,2,0.222,0.11,1,1,0
102067,1935,Furniture,10264.55,2.8,Debit Card,14,0,0.0,0.11,59,3,0
102068,847,Mobile Accessories,911.33,27.4,COD,12,0,0.0,0.06,62,1,0
102069,1026,Apparel - Womens,3157.16,1.3,Netbanking,7,0,0.0,0.28,72,3,0
102070,1958,Beauty,801.71,13.3,UPI,12,2,0.167,0.05,27,1,0
102071,941,Home & Kitchen,2538.68,14.5,Credit Card,9,4,0.444,0.07,7,2,1
102072,1154,Mobile Accessories,528.14,16.4,Debit Card,17,7,0.412,0.06,10,1,0
102073,2132,Apparel - Womens,1437.53,19.1,Debit Card,13,5,0.385,0.28,38,1,0
102074,1263,Mobile Accessories,836.6,22.5,UPI,13,2,0.154,0.06,70,1,0
102075,2098,Electronics,2868.55,15.1,Netbanking,10,3,0.3,0.09,22,3,0
102076,203,Home & Kitchen,3210.97,14.8,Debit Card,17,7,0.412,0.07,7,0,0
102077,113,Beauty,429.15,5.2,UPI,13,2,0.154,0.05,67,2,0
102078,1649,Home & Kitchen,1527.5,4.6,Credit Card,13,1,0.077,0.07,4,1,1
102079,1569,Furniture,6931.59,24.8,Debit Card,11,1,0.091,0.11,6,1,0
102080,1970,Apparel - Mens,1923.1,27.2,Credit Card,17,11,0.647,0.19,106,3,0
102081,1216,Electronics,7132.53,7.3,UPI,9,0,0.0,0.09,80,1,0
102082,1485,Apparel - Mens,1585.68,25.5,Credit Card,9,0,0.0,0.19,20,0,0
102083,1619,Mobile Accessories,705.98,3.1,Credit Card,13,4,0.308,0.06,64,3,0
102084,833,Furniture,2108.26,8.4,Credit Card,14,4,0.286,0.11,1,0,0
102085,1837,Apparel - Mens,1575.6,16.7,Credit Card,10,3,0.3,0.19,45,0,0
102086,2028,Mobile Accessories,791.49,16.3,COD,13,4,0.308,0.06,39,1,0
102087,1602,Apparel - Mens,999.8,8.8,Credit Card,15,0,0.0,0.19,41,0,1
102088,1864,Apparel - Womens,1515.13,10.9,Debit Card,14,7,0.5,0.28,107,2,0
102089,689,Home & Kitchen,1624.63,3.3,Debit Card,9,1,0.111,0.07,152,1,0
102090,685,Footwear,1835.55,4.1,COD,10,0,0.0,0.24,81,2,0
102091,128,Electronics,8279.59,17.9,Debit Card,14,8,0.571,0.09,7,3,0
102092,1556,Mobile Accessories,866.65,17.9,UPI,12,2,0.167,0.06,19,1,0
102093,1295,Apparel - Womens,955.29,25.6,Credit Card,10,1,0.1,0.28,108,1,0
102094,1558,Beauty,669.12,17.1,UPI,14,0,0.0,0.05,6,1,0
102095,862,Footwear,890.51,4.9,COD,21,2,0.095,0.24,41,1,0
102096,255,Apparel - Mens,1725.9,1.5,UPI,14,0,0.0,0.19,29,2,0
102097,96,Electronics,7281.75,30.2,Credit Card,11,8,0.727,0.09,39,1,1
102098,1369,Mobile Accessories,492.89,11.6,UPI,10,3,0.3,0.06,54,0,1
102099,1795,Beauty,1045.77,24.2,Debit Card,16,3,0.188,0.05,26,3,0
102100,1819,Electronics,8975.26,5.3,UPI,10,3,0.3,0.09,1,2,1
102101,1988,Home & Kitchen,1173.58,16.3,Credit Card,9,0,0.0,0.07,12,0,0
102102,971,Mobile Accessories,887.38,10.4,UPI,11,1,0.091,0.06,34,2,0
102103,1029,Home & Kitchen,2481.08,1.1,Credit Card,15,1,0.067,0.07,6,2,0
102104,940,Footwear,1426.14,4.6,COD,17,3,0.176,0.24,1,4,0
102105,30,Home & Kitchen,2156.26,6.8,UPI,12,7,0.583,0.07,3,1,0
102106,1282,Beauty,1010.98,9.9,Debit Card,10,0,0.0,0.05,7,1,0
102107,1102,Apparel - Womens,2355.58,11.1,Credit Card,12,1,0.083,0.28,51,2,0
102108,225,Furniture,12552.57,6.7,UPI,8,1,0.125,0.11,20,1,0
102109,1026,Furniture,11870.78,9.0,UPI,7,0,0.0,0.11,18,0,0
102110,1945,Furniture,9115.64,20.1,UPI,12,0,0.0,0.11,9,3,0
102111,927,Home & Kitchen,1136.11,0.1,UPI,7,0,0.0,0.07,30,1,0
102112,1010,Mobile Accessories,622.19,2.8,UPI,8,0,0.0,0.06,44,2,0
102113,1194,Home & Kitchen,3177.58,3.3,UPI,16,0,0.0,0.07,15,1,0
102114,290,Electronics,3815.62,4.1,UPI,22,7,0.318,0.09,22,0,0
102115,1912,Apparel - Mens,1677.94,2.2,COD,11,5,0.455,0.19,36,1,0
102116,295,Apparel - Mens,1644.73,0.8,Credit Card,11,0,0.0,0.19,1,0,0
102117,686,Mobile Accessories,525.47,5.1,UPI,12,3,0.25,0.06,1,1,0
102118,1902,Furniture,13592.71,10.6,UPI,13,1,0.077,0.11,57,2,0
102119,1512,Mobile Accessories,761.78,10.0,Debit Card,9,0,0.0,0.06,88,1,0
102120,474,Footwear,3825.39,19.7,Credit Card,10,0,0.0,0.24,6,2,1
102121,2108,Home & Kitchen,2073.82,9.8,UPI,16,1,0.062,0.07,26,2,0
102122,730,Furniture,5681.26,17.8,Netbanking,14,6,0.429,0.11,6,1,0
102123,1856,Footwear,1996.18,12.8,Credit Card,15,3,0.2,0.24,30,1,0
102124,840,Beauty,505.66,15.8,COD,9,0,0.0,0.05,1,3,0
102125,1439,Mobile Accessories,264.48,5.7,Debit Card,17,1,0.059,0.06,42,0,1
102126,1182,Apparel - Womens,2793.67,8.5,Debit Card,7,0,0.0,0.28,80,1,1
102127,1357,Beauty,150.0,12.8,Debit Card,15,2,0.133,0.05,55,3,0
102128,396,Furniture,16694.56,14.3,Credit Card,9,2,0.222,0.11,4,0,1
102129,1740,Apparel - Mens,1974.84,4.8,Credit Card,8,1,0.125,0.19,34,3,0
102130,1794,Mobile Accessories,185.88,12.6,Credit Card,14,0,0.0,0.06,52,0,0
102131,1665,Footwear,3711.04,20.0,COD,11,1,0.091,0.24,44,0,0
102132,1679,Furniture,6755.62,4.7,Debit Card,10,4,0.4,0.11,64,1,0
102133,383,Electronics,5722.2,2.4,Debit Card,11,1,0.091,0.09,9,1,0
102134,1440,Apparel - Womens,1747.62,10.4,COD,10,1,0.1,0.28,107,2,0
102135,1463,Furniture,4470.58,9.0,UPI,8,2,0.25,0.11,12,2,0
102136,1397,Beauty,721.7,15.4,Credit Card,14,4,0.286,0.05,9,2,1
102137,1073,Home & Kitchen,150.0,33.3,UPI,12,5,0.417,0.07,32,0,0
102138,1614,Apparel - Womens,928.13,6.7,UPI,13,3,0.231,0.28,20,0,0
102139,1761,Beauty,960.66,20.9,Netbanking,14,3,0.214,0.05,39,2,0
102140,1221,Mobile Accessories,384.08,11.2,UPI,11,0,0.0,0.06,18,1,0
102141,297,Home & Kitchen,2525.33,4.4,Debit Card,12,3,0.25,0.07,28,0,0
102142,1760,Electronics,6610.32,2.8,Credit Card,9,0,0.0,0.09,72,2,0
102143,643,Footwear,3064.02,21.2,Credit Card,11,1,0.091,0.24,7,2,0
102144,1535,Mobile Accessories,305.12,12.3,UPI,6,1,0.167,0.06,22,1,0
102145,405,Beauty,820.56,16.0,Debit Card,11,2,0.182,0.05,40,2,0
102146,1931,Apparel - Mens,2920.36,24.2,Credit Card,9,0,0.0,0.19,13,1,0
102147,1181,Electronics,8243.06,8.0,Debit Card,8,1,0.125,0.09,0,1,0
102148,422,Apparel - Mens,2479.87,25.6,COD,15,2,0.133,0.19,56,0,1
102149,526,Furniture,7354.37,17.4,UPI,9,1,0.111,0.11,16,3,0
102150,1616,Furniture,4473.36,14.1,UPI,18,9,0.5,0.11,34,1,0
102151,2165,Electronics,5790.07,25.6,Credit Card,12,1,0.083,0.09,94,1,1
102152,313,Electronics,9544.96,1.7,Debit Card,12,4,0.333,0.09,126,1,0
102153,891,Mobile Accessories,486.49,5.2,Debit Card,15,5,0.333,0.06,13,1,0
102154,1076,Electronics,8196.99,17.6,Debit Card,8,2,0.25,0.09,18,1,0
102155,1219,Apparel - Womens,2141.97,13.9,Netbanking,11,2,0.182,0.28,45,0,0
102156,350,Apparel - Womens,847.06,18.9,Debit Card,11,7,0.636,0.28,88,3,0
102157,1367,Electronics,10811.62,4.3,UPI,14,5,0.357,0.09,6,0,1
102158,133,Beauty,916.21,11.8,Credit Card,15,3,0.2,0.05,1,1,0
102159,834,Apparel - Womens,764.56,5.4,UPI,7,3,0.429,0.28,118,2,0
102160,1145,Electronics,2486.11,5.1,UPI,18,3,0.167,0.09,9,1,0
102161,1687,Apparel - Mens,2963.16,15.5,UPI,14,0,0.0,0.19,6,1,0
102162,1915,Furniture,8872.76,9.2,Credit Card,11,4,0.364,0.11,6,2,0
102163,1886,Home & Kitchen,2443.21,3.6,COD,11,0,0.0,0.07,7,1,0
102164,116,Beauty,951.52,10.4,UPI,11,3,0.273,0.05,8,0,0
102165,2021,Electronics,4136.99,1.7,Debit Card,12,0,0.0,0.09,23,0,0
102166,263,Home & Kitchen,2171.24,1.6,UPI,14,3,0.214,0.07,18,2,1
102167,1047,Beauty,708.29,5.5,COD,16,4,0.25,0.05,0,1,0
102168,316,Electronics,6263.49,6.6,Credit Card,12,0,0.0,0.09,64,2,0
102169,161,Home & Kitchen,2120.31,13.0,Debit Card,11,1,0.091,0.07,1,2,0
102170,675,Footwear,2566.08,11.5,UPI,12,3,0.25,0.24,0,3,1
102171,922,Apparel - Womens,1894.51,24.6,UPI,14,0,0.0,0.28,41,1,1
102172,457,Apparel - Mens,2383.6,8.6,Debit Card,11,2,0.182,0.19,5,1,0
102173,1561,Apparel - Womens,1919.12,8.1,UPI,9,2,0.222,0.28,6,2,0
102174,739,Furniture,13633.71,5.8,UPI,7,1,0.143,0.11,50,2,0
102175,1630,Apparel - Mens,2335.98,17.4,Credit Card,16,2,0.125,0.19,16,0,1
102176,867,Footwear,1674.53,2.9,Credit Card,11,3,0.273,0.24,1,0,0
102177,1348,Apparel - Womens,3109.64,2.2,UPI,11,0,0.0,0.28,16,0,0
102178,150,Home & Kitchen,588.28,5.7,UPI,12,0,0.0,0.07,31,2,1
102179,1580,Apparel - Mens,1183.82,6.7,Debit Card,9,1,0.111,0.19,26,2,0
102180,388,Footwear,1505.15,29.4,Netbanking,13,5,0.385,0.24,30,2,1
102181,96,Furniture,10467.85,4.9,COD,11,8,0.727,0.11,2,0,1
102182,1692,Furniture,11672.01,3.8,Credit Card,13,0,0.0,0.11,50,0,0
102183,1231,Electronics,9929.79,16.6,Debit Card,13,2,0.154,0.09,19,1,0
102184,1983,Furniture,11672.57,3.2,COD,15,2,0.133,0.11,2,0,1
102185,952,Footwear,2611.46,32.4,UPI,10,0,0.0,0.24,5,4,0
102186,1157,Beauty,558.29,10.8,Debit Card,7,1,0.143,0.05,14,0,0
102187,602,Apparel - Womens,1675.73,7.6,UPI,14,4,0.286,0.28,13,1,1
102188,2153,Electronics,6036.61,4.3,UPI,12,5,0.417,0.09,109,1,0
102189,2083,Footwear,4181.7,27.1,UPI,15,1,0.067,0.24,22,2,0
102190,931,Electronics,8583.37,4.5,Credit Card,10,1,0.1,0.09,10,5,0
102191,1406,Beauty,1314.28,12.8,Credit Card,11,4,0.364,0.05,52,1,0
102192,393,Beauty,1114.75,7.2,Debit Card,11,0,0.0,0.05,8,0,0
102193,274,Footwear,2456.49,14.5,COD,14,0,0.0,0.24,62,2,0
102194,748,Electronics,6719.17,19.1,UPI,8,1,0.125,0.09,104,2,0
102195,1903,Mobile Accessories,1024.66,6.4,Credit Card,14,3,0.214,0.06,9,0,1
102196,286,Electronics,8482.59,11.1,Credit Card,7,3,0.429,0.09,16,2,0
102197,1265,Furniture,9216.62,9.9,COD,14,1,0.071,0.11,1,4,1
102198,717,Footwear,979.54,11.3,Credit Card,7,1,0.143,0.24,95,2,0
102199,618,Furniture,11970.68,22.6,COD,9,1,0.111,0.11,13,2,0
102200,1334,Home & Kitchen,2274.73,7.4,Credit Card,8,4,0.5,0.07,36,2,0
102201,1420,Home & Kitchen,1301.94,9.1,Credit Card,6,2,0.333,0.07,76,0,0
102202,678,Furniture,1305.33,17.7,Credit Card,15,5,0.333,0.11,8,0,0
102203,1912,Beauty,1411.19,4.8,Debit Card,11,5,0.455,0.05,36,2,0
102204,793,Apparel - Womens,2114.83,24.0,Netbanking,9,0,0.0,0.28,61,1,0
102205,2048,Mobile Accessories,535.46,18.9,UPI,14,7,0.5,0.06,17,1,0
102206,1344,Mobile Accessories,1257.58,0.3,Credit Card,12,2,0.167,0.06,3,2,0
102207,30,Mobile Accessories,709.74,19.8,Debit Card,12,7,0.583,0.06,82,1,0
102208,568,Apparel - Womens,2098.59,13.2,COD,13,0,0.0,0.28,32,0,0
102209,329,Electronics,4940.15,14.6,UPI,13,8,0.615,0.09,61,1,0
102210,579,Furniture,13054.31,9.8,Debit Card,10,0,0.0,0.11,41,1,0
102211,2121,Apparel - Womens,2385.3,12.1,UPI,15,1,0.067,0.28,157,0,0
102212,1794,Furniture,9975.49,21.8,UPI,14,0,0.0,0.11,3,2,0
102213,7,Footwear,2086.7,15.1,COD,15,4,0.267,0.24,20,1,1
102214,1287,Apparel - Mens,1979.76,10.3,UPI,13,1,0.077,0.19,7,1,0
102215,1809,Apparel - Womens,1488.01,1.5,Credit Card,17,4,0.235,0.28,34,1,1
102216,1254,Furniture,7511.12,9.1,COD,10,3,0.3,0.11,61,0,0
102217,1937,Home & Kitchen,2076.22,2.6,UPI,14,2,0.143,0.07,3,0,0
102218,1894,Footwear,2694.69,13.0,UPI,13,0,0.0,0.24,49,1,1
102219,349,Apparel - Mens,1823.69,17.6,Credit Card,11,1,0.091,0.19,9,0,0
102220,46,Beauty,1517.8,11.0,Credit Card,13,1,0.077,0.05,3,1,0
102221,105,Beauty,958.43,20.1,COD,12,1,0.083,0.05,51,3,0
102222,1929,Mobile Accessories,1178.87,24.2,UPI,11,2,0.182,0.06,27,0,0
102223,1560,Furniture,12737.32,9.4,Netbanking,11,0,0.0,0.11,43,0,0
102224,475,Home & Kitchen,2162.27,4.2,COD,16,8,0.5,0.07,14,3,1
102225,1461,Apparel - Womens,150.0,25.0,Credit Card,16,7,0.438,0.28,11,0,0
102226,2160,Home & Kitchen,2079.29,2.2,Credit Card,11,0,0.0,0.07,4,1,0
102227,2037,Furniture,9287.04,20.0,UPI,13,4,0.308,0.11,1,1,1
102228,2171,Apparel - Mens,988.59,4.7,UPI,10,0,0.0,0.19,4,0,1
102229,1054,Beauty,150.0,23.1,Credit Card,16,1,0.062,0.05,22,3,0
102230,1312,Apparel - Womens,2113.67,0.6,Credit Card,11,4,0.364,0.28,15,1,1
102231,1550,Apparel - Mens,1326.7,3.5,Credit Card,20,6,0.3,0.19,1,3,0
102232,973,Apparel - Womens,1450.23,4.8,UPI,8,2,0.25,0.28,16,1,1
102233,1588,Furniture,6098.83,16.6,Credit Card,15,6,0.4,0.11,20,0,0
102234,1316,Electronics,5557.99,3.1,COD,11,3,0.273,0.09,9,0,0
102235,1547,Beauty,620.88,11.6,UPI,17,2,0.118,0.05,17,1,0
102236,192,Home & Kitchen,1446.47,30.1,UPI,19,6,0.316,0.07,109,2,0
102237,1966,Apparel - Mens,1596.81,27.8,Credit Card,9,1,0.111,0.19,6,0,0
102238,686,Apparel - Womens,2136.44,10.2,COD,12,3,0.25,0.28,38,1,1
102239,446,Mobile Accessories,326.91,30.2,UPI,11,3,0.273,0.06,10,1,0
102240,182,Mobile Accessories,472.18,15.3,Netbanking,12,4,0.333,0.06,21,1,0
102241,516,Furniture,7083.22,5.7,UPI,11,3,0.273,0.11,20,1,0
102242,1307,Footwear,2898.23,6.8,COD,12,5,0.417,0.24,4,0,1
102243,30,Home & Kitchen,2553.59,10.9,Credit Card,12,7,0.583,0.07,53,1,0
102244,1980,Home & Kitchen,1557.7,11.9,UPI,11,1,0.091,0.07,23,0,0
102245,1223,Mobile Accessories,648.86,10.5,Debit Card,13,0,0.0,0.06,5,1,0
102246,7,Apparel - Mens,1514.34,8.1,COD,15,4,0.267,0.19,0,1,1
102247,73,Electronics,6635.14,3.4,Debit Card,13,1,0.077,0.09,86,2,0
102248,1115,Home & Kitchen,2638.37,24.0,Credit Card,12,3,0.25,0.07,8,0,0
102249,504,Mobile Accessories,620.82,43.1,UPI,17,0,0.0,0.06,53,1,0
102250,1815,Footwear,1735.14,2.2,COD,8,1,0.125,0.24,49,3,0
102251,678,Footwear,2007.46,16.6,UPI,15,5,0.333,0.24,19,1,1
102252,1306,Furniture,10865.12,18.1,Credit Card,11,5,0.455,0.11,53,0,1
102253,858,Home & Kitchen,1805.55,6.8,COD,11,3,0.273,0.07,11,0,0
102254,771,Apparel - Womens,2192.75,7.9,UPI,16,0,0.0,0.28,22,1,0
102255,38,Mobile Accessories,606.88,25.7,UPI,13,1,0.077,0.06,28,2,0
102256,723,Mobile Accessories,1087.64,15.3,UPI,10,0,0.0,0.06,5,1,0
102257,2022,Furniture,10064.11,4.2,Netbanking,17,1,0.059,0.11,50,3,0
102258,1578,Apparel - Womens,1606.28,1.1,UPI,13,3,0.231,0.28,24,0,0
102259,84,Beauty,939.91,11.9,Credit Card,6,1,0.167,0.05,23,1,0
102260,1415,Footwear,893.74,12.9,UPI,12,3,0.25,0.24,50,1,0
102261,539,Mobile Accessories,224.39,14.9,Debit Card,12,2,0.167,0.06,38,2,1
102262,1406,Home & Kitchen,343.96,11.6,Credit Card,11,4,0.364,0.07,0,0,1
102263,1367,Footwear,2236.25,18.3,UPI,14,5,0.357,0.24,19,0,0
102264,78,Furniture,10793.05,9.6,COD,6,1,0.167,0.11,9,2,1
102265,1812,Footwear,3230.64,3.5,Credit Card,18,3,0.167,0.24,98,3,1
102266,1777,Mobile Accessories,699.66,43.2,Netbanking,10,3,0.3,0.06,58,0,1
102267,1797,Mobile Accessories,501.15,18.6,UPI,13,0,0.0,0.06,77,4,0
102268,710,Home & Kitchen,4078.28,5.3,Debit Card,10,5,0.5,0.07,53,0,0
102269,1393,Mobile Accessories,1105.66,10.1,Credit Card,11,1,0.091,0.06,56,0,0
102270,1762,Footwear,2233.41,27.2,UPI,8,2,0.25,0.24,2,0,1
102271,94,Home & Kitchen,2426.56,17.6,UPI,9,0,0.0,0.07,20,1,0
102272,63,Mobile Accessories,648.23,17.4,Credit Card,7,0,0.0,0.06,7,2,0
102273,1718,Footwear,2276.98,20.7,Netbanking,13,0,0.0,0.24,28,2,0
102274,1523,Furniture,11901.18,25.2,Credit Card,13,6,0.462,0.11,24,1,0
102275,1560,Electronics,5475.55,3.9,UPI,11,0,0.0,0.09,43,1,0
102276,1659,Home & Kitchen,2416.85,8.4,UPI,11,0,0.0,0.07,28,0,0
102277,1310,Electronics,9324.28,5.9,UPI,12,3,0.25,0.09,19,6,0
102278,1061,Apparel - Womens,819.27,17.1,Debit Card,8,1,0.125,0.28,0,2,0
102279,789,Electronics,5456.75,18.6,Credit Card,18,4,0.222,0.09,16,1,0
102280,1315,Furniture,14632.18,6.4,Credit Card,12,6,0.5,0.11,62,4,0
102281,1903,Mobile Accessories,877.97,23.4,Debit Card,14,3,0.214,0.06,15,0,0
102282,2095,Furniture,7750.91,8.2,Netbanking,12,2,0.167,0.11,45,0,0
102283,1308,Mobile Accessories,305.87,7.7,Credit Card,11,0,0.0,0.06,50,1,0
102284,221,Furniture,10906.26,32.0,Credit Card,14,5,0.357,0.11,2,1,0
102285,1883,Electronics,7192.85,18.0,UPI,13,5,0.385,0.09,91,0,1
102286,845,Apparel - Mens,1076.9,9.8,Credit Card,13,5,0.385,0.19,35,1,0
102287,2148,Footwear,3223.49,15.6,UPI,12,3,0.25,0.24,71,1,1
102288,1229,Furniture,7530.04,6.0,Credit Card,20,5,0.25,0.11,44,2,0
102289,1934,Home & Kitchen,1474.82,5.8,COD,16,4,0.25,0.07,86,1,0
102290,1671,Footwear,1511.39,6.9,COD,12,2,0.167,0.24,5,0,0
102291,660,Apparel - Womens,1475.19,5.6,Credit Card,7,1,0.143,0.28,24,1,0
102292,83,Furniture,4281.82,30.8,UPI,10,0,0.0,0.11,4,2,0
102293,2035,Furniture,15730.28,7.9,COD,15,4,0.267,0.11,20,0,0
102294,672,Apparel - Womens,2293.0,11.6,COD,9,5,0.556,0.28,11,1,1
102295,940,Beauty,429.24,35.2,UPI,17,3,0.176,0.05,16,2,0
102296,1806,Footwear,2230.75,0.7,Credit Card,10,4,0.4,0.24,44,1,1
102297,366,Footwear,2055.98,2.2,Credit Card,8,2,0.25,0.24,4,2,0
102298,1682,Furniture,11051.03,2.0,UPI,14,1,0.071,0.11,6,3,0
102299,580,Furniture,11004.37,8.2,UPI,6,1,0.167,0.11,31,1,1
102300,64,Apparel - Womens,1784.21,2.3,Netbanking,11,0,0.0,0.28,7,0,0
102301,1064,Beauty,150.0,9.1,Credit Card,11,3,0.273,0.05,110,2,0
102302,1086,Footwear,1604.88,4.4,Credit Card,8,0,0.0,0.24,11,1,0
102303,2007,Mobile Accessories,1263.11,16.6,UPI,12,5,0.417,0.06,46,0,0
102304,597,Apparel - Womens,2436.84,4.6,Debit Card,13,1,0.077,0.28,24,1,0
102305,1532,Electronics,6576.19,3.7,Netbanking,13,4,0.308,0.09,65,1,1
102306,331,Home & Kitchen,2824.12,9.3,COD,10,3,0.3,0.07,33,0,0
102307,872,Electronics,13890.48,10.7,UPI,14,4,0.286,0.09,12,0,0
102308,358,Electronics,4868.29,4.0,UPI,18,5,0.278,0.09,73,1,0
102309,524,Mobile Accessories,574.88,15.4,Debit Card,13,2,0.154,0.06,32,2,0
102310,1068,Footwear,1752.03,10.2,Debit Card,9,0,0.0,0.24,35,2,0
102311,614,Apparel - Mens,2375.63,1.2,Credit Card,12,3,0.25,0.19,55,1,0
102312,1492,Footwear,2473.15,20.1,UPI,10,2,0.2,0.24,35,1,0
102313,318,Home & Kitchen,2309.35,22.7,Debit Card,12,2,0.167,0.07,8,2,1
102314,512,Electronics,8712.14,9.9,UPI,13,1,0.077,0.09,68,0,0
102315,184,Home & Kitchen,1865.1,19.9,Debit Card,15,0,0.0,0.07,47,3,0
102316,1843,Beauty,1111.86,1.8,UPI,7,3,0.429,0.05,20,0,0
102317,236,Furniture,5577.61,18.0,UPI,12,4,0.333,0.11,110,1,0
102318,1225,Footwear,1918.54,0.5,COD,7,1,0.143,0.24,87,1,1
102319,1987,Home & Kitchen,1675.71,2.4,COD,7,2,0.286,0.07,68,0,0
102320,2024,Furniture,6557.5,21.3,Credit Card,12,3,0.25,0.11,16,0,0
102321,1843,Mobile Accessories,219.8,31.6,COD,7,3,0.429,0.06,50,0,0
102322,2002,Beauty,150.0,5.1,COD,12,5,0.417,0.05,57,2,0
102323,651,Home & Kitchen,1115.97,4.6,UPI,8,0,0.0,0.07,33,2,0
102324,1276,Footwear,2152.94,5.3,Credit Card,15,2,0.133,0.24,28,3,0
102325,1303,Home & Kitchen,1359.07,10.1,Credit Card,12,0,0.0,0.07,10,0,0
102326,1115,Beauty,1226.21,17.8,COD,12,3,0.25,0.05,16,1,0
102327,2038,Furniture,14642.78,8.2,COD,17,3,0.176,0.11,21,0,0
102328,1793,Footwear,3826.62,4.6,Credit Card,12,1,0.083,0.24,9,0,0
102329,1854,Apparel - Mens,1806.25,8.7,UPI,16,0,0.0,0.19,18,2,0
102330,449,Home & Kitchen,2109.21,5.4,Credit Card,13,4,0.308,0.07,0,1,0
102331,1184,Mobile Accessories,267.48,5.3,UPI,10,4,0.4,0.06,7,1,0
102332,942,Beauty,1363.63,12.5,Netbanking,14,1,0.071,0.05,5,1,0
102333,1921,Apparel - Womens,1128.5,10.0,UPI,9,3,0.333,0.28,5,1,0
102334,1467,Mobile Accessories,812.05,27.8,Credit Card,13,3,0.231,0.06,99,0,0
102335,1601,Home & Kitchen,1375.07,17.8,COD,7,3,0.429,0.07,23,1,1
102336,1181,Home & Kitchen,551.61,8.9,UPI,8,1,0.125,0.07,8,1,0
102337,1218,Home & Kitchen,2348.08,17.2,Debit Card,9,0,0.0,0.07,20,2,0
102338,1299,Apparel - Mens,2362.81,6.0,COD,16,6,0.375,0.19,32,2,1
102339,449,Beauty,940.13,23.5,UPI,13,4,0.308,0.05,77,2,0
102340,81,Electronics,150.0,6.7,Debit Card,14,2,0.143,0.09,80,1,0
102341,1277,Apparel - Mens,915.83,15.9,Credit Card,11,0,0.0,0.19,36,1,0
102342,1487,Beauty,258.62,2.7,UPI,15,1,0.067,0.05,0,2,0
102343,1578,Mobile Accessories,1046.06,4.9,UPI,13,3,0.231,0.06,1,0,0
102344,1234,Apparel - Womens,1492.19,3.2,UPI,8,3,0.375,0.28,101,3,1
102345,232,Electronics,5060.18,32.6,UPI,11,4,0.364,0.09,59,2,0
102346,326,Apparel - Womens,1484.95,0.8,Credit Card,8,3,0.375,0.28,11,2,0
102347,1246,Furniture,14659.83,13.9,Credit Card,20,4,0.2,0.11,18,2,0
102348,2153,Beauty,527.08,16.7,Debit Card,12,5,0.417,0.05,31,0,0
102349,354,Footwear,1619.25,5.4,UPI,13,4,0.308,0.24,24,1,0
102350,1248,Apparel - Womens,1679.49,13.1,UPI,9,0,0.0,0.28,72,4,0
102351,1553,Apparel - Womens,1334.28,27.6,UPI,9,3,0.333,0.28,33,1,0
102352,98,Home & Kitchen,150.0,16.4,Netbanking,10,0,0.0,0.07,4,2,0
102353,1300,Apparel - Mens,1062.59,26.9,UPI,12,0,0.0,0.19,29,2,0
102354,1448,Furniture,3680.42,12.4,COD,17,1,0.059,0.11,4,1,0
102355,1466,Electronics,7556.73,3.3,UPI,12,3,0.25,0.09,54,0,0
102356,910,Electronics,7735.17,5.8,UPI,11,4,0.364,0.09,26,0,0
102357,1313,Apparel - Womens,2065.12,2.4,UPI,4,0,0.0,0.28,8,2,1
102358,1238,Home & Kitchen,3374.41,13.3,UPI,10,1,0.1,0.07,9,4,0
102359,478,Electronics,5330.88,9.3,Credit Card,16,3,0.188,0.09,76,1,0
102360,1882,Beauty,1086.48,4.3,COD,10,1,0.1,0.05,42,0,0
102361,1165,Apparel - Womens,472.11,13.5,COD,7,0,0.0,0.28,22,1,1
102362,657,Beauty,745.31,16.2,COD,11,1,0.091,0.05,145,2,0
102363,1538,Mobile Accessories,464.29,5.3,UPI,9,1,0.111,0.06,33,1,0
102364,1484,Mobile Accessories,659.84,33.0,UPI,6,1,0.167,0.06,25,1,0
102365,926,Furniture,12050.81,1.7,UPI,12,2,0.167,0.11,5,2,0
102366,1765,Beauty,1545.5,27.1,COD,15,1,0.067,0.05,32,2,1
102367,179,Electronics,4941.3,22.5,UPI,11,0,0.0,0.09,10,2,0
102368,1291,Apparel - Womens,1881.6,28.9,COD,10,5,0.5,0.28,28,0,1
102369,1401,Mobile Accessories,977.77,14.6,Debit Card,12,4,0.333,0.06,2,0,0
102370,2038,Mobile Accessories,150.0,17.3,Debit Card,17,3,0.176,0.06,31,0,0
102371,1935,Apparel - Womens,2321.92,6.0,Debit Card,14,0,0.0,0.28,4,3,1
102372,151,Home & Kitchen,1843.62,8.4,UPI,11,3,0.273,0.07,14,0,0
102373,1216,Furniture,1899.51,35.8,Netbanking,9,0,0.0,0.11,78,0,0
102374,194,Beauty,470.29,9.5,COD,16,5,0.312,0.05,89,0,0
102375,1737,Electronics,10674.21,22.7,UPI,12,1,0.083,0.09,12,2,0
102376,199,Electronics,4293.48,6.6,COD,20,7,0.35,0.09,15,1,0
102377,2091,Electronics,7603.21,3.9,COD,13,4,0.308,0.09,2,2,0
102378,1118,Apparel - Mens,1096.83,2.7,COD,13,2,0.154,0.19,27,3,0
102379,789,Footwear,2464.55,5.3,UPI,18,4,0.222,0.24,27,3,0
102380,817,Home & Kitchen,2401.85,18.4,UPI,11,3,0.273,0.07,19,2,0
102381,334,Footwear,1084.6,34.2,COD,13,0,0.0,0.24,32,0,0
102382,778,Mobile Accessories,1086.77,1.5,Debit Card,15,4,0.267,0.06,71,1,0
102383,1053,Mobile Accessories,587.77,8.8,COD,8,1,0.125,0.06,8,0,0
102384,1395,Furniture,10470.33,1.3,Credit Card,15,3,0.2,0.11,4,3,0
102385,635,Apparel - Mens,2231.72,9.3,UPI,14,6,0.429,0.19,21,0,0
102386,1671,Furniture,5069.61,19.9,UPI,12,2,0.167,0.11,8,0,0
102387,1867,Electronics,2988.02,11.6,UPI,12,4,0.333,0.09,8,4,0
102388,1441,Furniture,6056.57,30.9,COD,13,5,0.385,0.11,66,2,1
102389,910,Mobile Accessories,809.28,9.6,UPI,11,4,0.364,0.06,16,0,0
102390,1678,Furniture,11254.5,26.0,COD,11,0,0.0,0.11,17,1,0
102391,2094,Home & Kitchen,2287.61,18.4,Credit Card,18,5,0.278,0.07,3,2,0
102392,1200,Apparel - Womens,2231.34,0.5,Credit Card,11,2,0.182,0.28,40,2,0
102393,367,Home & Kitchen,2870.06,10.4,Netbanking,17,2,0.118,0.07,47,0,0
102394,1397,Furniture,14288.58,21.2,COD,14,4,0.286,0.11,44,0,0
102395,1938,Furniture,10972.61,11.2,Credit Card,12,5,0.417,0.11,25,1,0
102396,44,Footwear,1651.5,11.4,COD,13,0,0.0,0.24,111,2,0
102397,2072,Footwear,2479.12,2.9,COD,9,1,0.111,0.24,14,2,0
102398,1419,Home & Kitchen,1399.58,4.3,Debit Card,17,5,0.294,0.07,77,0,1
102399,958,Apparel - Mens,1675.01,3.0,UPI,11,2,0.182,0.19,5,1,0
102400,1453,Mobile Accessories,535.38,8.9,Debit Card,6,1,0.167,0.06,37,1,0
102401,207,Furniture,8437.0,2.6,COD,12,2,0.167,0.11,129,0,0
102402,1016,Footwear,1077.0,11.3,UPI,12,2,0.167,0.24,11,2,0
102403,1549,Apparel - Womens,989.47,8.5,Credit Card,13,2,0.154,0.28,26,2,0
102404,963,Electronics,3596.41,2.6,Credit Card,13,3,0.231,0.09,36,1,0
102405,1928,Electronics,8989.66,18.4,UPI,18,1,0.056,0.09,16,1,1
102406,690,Apparel - Mens,1232.97,15.0,Debit Card,9,6,0.667,0.19,38,2,1
102407,1943,Beauty,998.93,25.5,Credit Card,12,0,0.0,0.05,10,2,1
102408,545,Home & Kitchen,2133.38,14.4,UPI,19,1,0.053,0.07,92,2,0
102409,1174,Apparel - Womens,2630.9,0.3,Credit Card,18,6,0.333,0.28,42,1,0
102410,810,Home & Kitchen,1542.38,6.2,COD,11,2,0.182,0.07,2,0,0
102411,558,Electronics,6801.97,1.3,Netbanking,11,4,0.364,0.09,39,3,0
102412,165,Furniture,3356.24,18.2,COD,16,0,0.0,0.11,7,3,0
102413,2075,Beauty,531.08,8.8,Debit Card,14,0,0.0,0.05,43,1,0
102414,366,Electronics,6653.38,16.1,Credit Card,8,2,0.25,0.09,28,1,0
102415,306,Mobile Accessories,663.56,6.9,COD,17,1,0.059,0.06,9,1,0
102416,636,Beauty,864.78,5.9,Credit Card,8,1,0.125,0.05,123,3,0
102417,1195,Footwear,4476.28,12.8,UPI,17,10,0.588,0.24,8,2,1
102418,1819,Electronics,4783.72,16.0,Credit Card,10,3,0.3,0.09,45,2,0
102419,1975,Mobile Accessories,799.88,9.8,UPI,10,0,0.0,0.06,2,0,0
102420,2144,Apparel - Mens,1906.24,10.2,Credit Card,12,2,0.167,0.19,58,0,0
102421,1284,Furniture,6136.21,9.7,Debit Card,11,5,0.455,0.11,2,1,0
102422,1720,Apparel - Mens,1723.98,6.2,COD,21,2,0.095,0.19,24,0,0
102423,339,Furniture,16242.55,18.8,Debit Card,16,0,0.0,0.11,17,0,1
102424,1723,Home & Kitchen,1112.58,6.9,Credit Card,14,1,0.071,0.07,48,1,1
102425,1963,Mobile Accessories,982.69,2.0,Debit Card,12,3,0.25,0.06,30,3,0
102426,1141,Furniture,11817.79,27.1,UPI,18,3,0.167,0.11,50,1,0
102427,1222,Apparel - Mens,2632.91,20.3,Credit Card,11,5,0.455,0.19,110,2,0
102428,2147,Apparel - Womens,1862.46,9.8,Debit Card,15,2,0.133,0.28,3,2,0
102429,784,Home & Kitchen,2887.58,3.1,Debit Card,10,2,0.2,0.07,5,3,0
102430,64,Apparel - Mens,2087.9,12.5,COD,11,0,0.0,0.19,2,2,0
102431,1874,Footwear,2054.57,5.2,COD,12,1,0.083,0.24,31,0,0
102432,265,Mobile Accessories,971.68,9.8,Credit Card,14,0,0.0,0.06,59,1,0
102433,619,Mobile Accessories,1038.8,4.6,COD,9,6,0.667,0.06,152,2,0
102434,911,Furniture,10900.66,5.3,COD,18,2,0.111,0.11,38,0,0
102435,695,Footwear,1259.34,30.0,Credit Card,14,5,0.357,0.24,96,1,0
102436,1302,Apparel - Mens,645.18,8.2,COD,15,7,0.467,0.19,62,1,1
102437,1061,Mobile Accessories,1075.78,3.1,Netbanking,8,1,0.125,0.06,25,2,1
102438,26,Mobile Accessories,581.82,7.7,COD,11,2,0.182,0.06,18,3,0
102439,473,Apparel - Mens,1367.61,11.6,UPI,12,4,0.333,0.19,110,0,0
102440,1574,Footwear,1143.85,4.8,Credit Card,9,0,0.0,0.24,45,2,0
102441,1427,Electronics,6291.79,30.4,UPI,9,0,0.0,0.09,61,2,0
102442,1600,Apparel - Womens,422.62,14.9,COD,13,3,0.231,0.28,1,1,1
102443,1556,Electronics,6598.53,15.5,Netbanking,12,2,0.167,0.09,2,0,0
102444,1248,Furniture,10462.71,15.8,Debit Card,9,0,0.0,0.11,22,1,0
102445,127,Home & Kitchen,2111.37,13.2,COD,10,1,0.1,0.07,132,0,0
102446,1591,Footwear,2009.6,5.3,Debit Card,10,6,0.6,0.24,22,2,1
102447,1002,Apparel - Mens,1076.17,26.5,UPI,17,1,0.059,0.19,2,3,0
102448,1594,Furniture,9033.62,10.7,UPI,8,0,0.0,0.11,7,1,0
102449,1938,Beauty,1172.32,19.7,UPI,12,5,0.417,0.05,52,2,1
102450,1659,Electronics,6064.55,14.0,COD,11,0,0.0,0.09,32,2,0
102451,1178,Home & Kitchen,3444.0,3.1,Credit Card,13,3,0.231,0.07,11,1,0
102452,801,Beauty,1464.59,4.2,Credit Card,10,3,0.3,0.05,35,3,0
102453,1128,Home & Kitchen,2709.52,4.7,COD,14,3,0.214,0.07,73,2,0
102454,641,Mobile Accessories,678.24,13.1,UPI,7,2,0.286,0.06,274,1,1
102455,1320,Furniture,10508.83,8.6,UPI,13,4,0.308,0.11,4,1,0
102456,332,Home & Kitchen,2791.32,1.6,UPI,11,5,0.455,0.07,12,2,0
102457,1028,Apparel - Womens,1348.14,7.3,Credit Card,7,2,0.286,0.28,11,4,1
102458,1945,Furniture,6703.37,17.4,Credit Card,12,0,0.0,0.11,64,2,0
102459,1808,Footwear,1577.75,6.9,Credit Card,11,1,0.091,0.24,5,2,0
102460,237,Home & Kitchen,2210.22,5.5,Credit Card,13,4,0.308,0.07,15,2,0
102461,2163,Furniture,6754.63,20.0,UPI,11,0,0.0,0.11,9,0,0
102462,1084,Beauty,1232.57,9.0,COD,17,6,0.353,0.05,29,2,0
102463,861,Footwear,3603.01,5.4,COD,11,5,0.455,0.24,9,1,1
102464,1314,Mobile Accessories,572.42,1.7,UPI,12,2,0.167,0.06,51,0,0
102465,576,Beauty,1758.48,23.9,UPI,14,4,0.286,0.05,52,0,0
102466,635,Mobile Accessories,234.02,14.9,COD,14,6,0.429,0.06,31,3,0
102467,555,Furniture,8176.34,11.0,Credit Card,11,0,0.0,0.11,43,1,0
102468,282,Electronics,8216.58,13.1,UPI,14,1,0.071,0.09,9,2,0
102469,960,Home & Kitchen,1585.32,6.3,Debit Card,10,1,0.1,0.07,12,2,0
102470,1227,Beauty,1606.87,1.0,Credit Card,17,2,0.118,0.05,116,4,0
102471,993,Furniture,6055.23,15.8,Credit Card,9,1,0.111,0.11,38,2,0
102472,421,Footwear,3323.14,24.6,Debit Card,16,3,0.188,0.24,9,1,0
102473,2134,Home & Kitchen,1926.07,35.7,UPI,8,2,0.25,0.07,2,1,0
102474,982,Furniture,15671.93,10.5,UPI,16,1,0.062,0.11,20,1,1
102475,984,Furniture,10271.33,4.7,COD,7,0,0.0,0.11,21,0,0
102476,2124,Apparel - Mens,2765.61,10.9,UPI,10,2,0.2,0.19,9,2,0
102477,1746,Home & Kitchen,4291.64,9.1,UPI,12,0,0.0,0.07,2,1,0
102478,2132,Home & Kitchen,513.0,15.3,UPI,13,5,0.385,0.07,26,1,0
102479,1796,Furniture,10977.55,6.4,Debit Card,5,0,0.0,0.11,20,0,1
102480,206,Beauty,830.89,3.7,UPI,11,3,0.273,0.05,24,1,0
102481,1342,Beauty,899.42,13.5,COD,15,0,0.0,0.05,103,1,0
102482,123,Apparel - Womens,2254.44,0.8,UPI,7,0,0.0,0.28,11,0,1
102483,538,Home & Kitchen,2389.86,14.2,Credit Card,11,2,0.182,0.07,7,1,0
102484,1850,Apparel - Womens,1799.15,13.4,Netbanking,11,1,0.091,0.28,30,1,0
102485,1753,Electronics,8548.0,9.7,COD,11,3,0.273,0.09,48,2,1
102486,666,Mobile Accessories,150.0,4.2,UPI,14,2,0.143,0.06,39,1,0
102487,2109,Home & Kitchen,3321.08,3.2,UPI,14,1,0.071,0.07,15,2,0
102488,843,Apparel - Womens,953.07,13.1,Credit Card,9,2,0.222,0.28,5,3,1
102489,168,Mobile Accessories,1131.51,8.9,UPI,19,10,0.526,0.06,32,0,0
102490,1381,Beauty,555.16,9.7,Debit Card,9,1,0.111,0.05,16,0,0
102491,583,Furniture,4933.04,17.6,Credit Card,8,2,0.25,0.11,117,2,0
102492,1875,Home & Kitchen,3838.3,8.8,Debit Card,15,0,0.0,0.07,32,1,0
102493,1691,Mobile Accessories,456.88,2.4,UPI,15,1,0.067,0.06,10,0,1
102494,1646,Home & Kitchen,1711.16,16.0,COD,8,2,0.25,0.07,11,2,0
102495,1619,Footwear,1993.62,6.7,COD,13,4,0.308,0.24,79,0,1
102496,401,Home & Kitchen,2305.22,6.8,UPI,7,0,0.0,0.07,5,1,0
102497,1246,Electronics,5813.45,2.1,Credit Card,20,4,0.2,0.09,37,0,1
102498,425,Electronics,4096.46,28.7,UPI,8,2,0.25,0.09,18,1,0
102499,728,Home & Kitchen,1854.56,4.6,UPI,18,3,0.167,0.07,13,0,0
102500,1656,Home & Kitchen,1031.05,6.3,Credit Card,9,2,0.222,0.07,51,1,0
102501,1992,Apparel - Womens,2385.24,16.7,UPI,10,0,0.0,0.28,5,1,0
102502,1173,Home & Kitchen,813.54,10.2,COD,11,0,0.0,0.07,25,1,0
102503,1368,Home & Kitchen,2081.94,0.5,Debit Card,16,3,0.188,0.07,2,0,0
102504,1433,Beauty,1035.03,11.9,Credit Card,16,1,0.062,0.05,18,1,0
102505,443,Apparel - Womens,2589.89,7.0,Credit Card,14,9,0.643,0.28,49,1,0
102506,1963,Apparel - Mens,3020.92,6.7,Credit Card,12,3,0.25,0.19,64,3,0
102507,2135,Electronics,10486.07,5.4,COD,13,6,0.462,0.09,43,3,0
102508,1730,Apparel - Mens,1053.2,4.7,COD,9,4,0.444,0.19,3,0,1
102509,1401,Electronics,4818.08,14.5,COD,12,4,0.333,0.09,61,1,1
102510,1686,Apparel - Mens,1344.35,2.1,COD,18,8,0.444,0.19,8,2,1
102511,448,Mobile Accessories,888.89,11.0,Credit Card,10,0,0.0,0.06,134,2,0
102512,860,Mobile Accessories,865.83,4.6,Debit Card,10,3,0.3,0.06,0,0,0
102513,2170,Mobile Accessories,481.24,10.8,Credit Card,11,0,0.0,0.06,97,1,0
102514,349,Home & Kitchen,2470.58,14.5,Debit Card,11,1,0.091,0.07,0,3,0
102515,179,Home & Kitchen,1856.99,20.2,COD,11,0,0.0,0.07,38,0,0
102516,1182,Beauty,868.76,6.4,UPI,7,0,0.0,0.05,99,1,0
102517,757,Furniture,12312.38,1.6,Debit Card,9,0,0.0,0.11,7,0,0
102518,1035,Electronics,11313.51,10.7,UPI,11,1,0.091,0.09,48,0,0
102519,1306,Home & Kitchen,1783.98,7.0,UPI,11,5,0.455,0.07,43,0,0
102520,968,Home & Kitchen,2268.46,10.0,Netbanking,13,1,0.077,0.07,25,0,0
102521,2126,Home & Kitchen,2504.14,18.9,UPI,11,0,0.0,0.07,76,1,0
102522,1611,Home & Kitchen,1599.5,9.7,UPI,11,2,0.182,0.07,0,1,0
102523,1516,Beauty,695.27,6.5,COD,10,0,0.0,0.05,127,0,0
102524,818,Beauty,397.02,23.3,Debit Card,15,4,0.267,0.05,5,1,1
102525,1582,Apparel - Womens,2998.73,10.4,Debit Card,13,0,0.0,0.28,38,1,1
102526,991,Beauty,1239.79,6.2,UPI,15,0,0.0,0.05,1,1,0
102527,1368,Mobile Accessories,450.52,5.5,COD,16,3,0.188,0.06,36,2,0
102528,1610,Furniture,9279.73,13.4,UPI,11,1,0.091,0.11,23,1,0
102529,476,Apparel - Womens,2278.78,4.3,Debit Card,19,4,0.211,0.28,40,0,0
102530,918,Mobile Accessories,956.83,5.0,UPI,7,3,0.429,0.06,12,1,0
102531,1550,Apparel - Mens,1209.75,15.9,COD,20,6,0.3,0.19,46,2,0
102532,947,Apparel - Mens,1129.31,15.1,Netbanking,18,6,0.333,0.19,4,0,0
102533,62,Footwear,308.05,5.5,Credit Card,11,0,0.0,0.24,28,2,0
102534,523,Home & Kitchen,1723.16,19.6,Credit Card,18,5,0.278,0.07,9,0,1
102535,1814,Apparel - Mens,1669.23,10.1,UPI,11,2,0.182,0.19,18,1,0
102536,1159,Beauty,778.23,5.5,Debit Card,13,2,0.154,0.05,24,1,0
102537,328,Footwear,2232.74,22.0,UPI,15,8,0.533,0.24,22,2,1
102538,2167,Apparel - Mens,1743.66,16.4,UPI,9,5,0.556,0.19,8,1,1
102539,148,Beauty,324.54,10.4,Credit Card,13,1,0.077,0.05,63,2,0
102540,1615,Apparel - Mens,3006.2,11.2,Debit Card,13,6,0.462,0.19,60,4,1
102541,89,Apparel - Womens,1592.73,14.8,UPI,11,2,0.182,0.28,4,3,0
102542,1460,Electronics,9055.99,21.7,UPI,7,1,0.143,0.09,28,0,0
102543,10,Furniture,15218.16,7.5,COD,9,4,0.444,0.11,13,0,0
102544,1799,Footwear,3179.95,13.8,UPI,14,3,0.214,0.24,10,0,1
102545,1647,Electronics,6840.73,15.6,Debit Card,9,0,0.0,0.09,5,1,0
102546,653,Electronics,5922.8,0.7,COD,10,1,0.1,0.09,7,0,0
102547,473,Electronics,6451.24,9.1,COD,12,4,0.333,0.09,2,2,0
102548,43,Home & Kitchen,2064.0,5.0,Netbanking,15,3,0.2,0.07,37,0,0
102549,2075,Apparel - Mens,1420.76,5.8,UPI,14,0,0.0,0.19,18,0,0
102550,1633,Footwear,2759.66,6.5,Credit Card,12,1,0.083,0.24,11,1,0
102551,1462,Mobile Accessories,511.07,15.6,COD,15,0,0.0,0.06,47,1,0
102552,1901,Apparel - Mens,2522.01,0.5,Credit Card,15,8,0.533,0.19,57,4,0
102553,655,Footwear,4620.82,15.0,UPI,10,1,0.1,0.24,97,1,0
102554,278,Electronics,4885.7,13.5,UPI,15,5,0.333,0.09,4,1,0
102555,1280,Footwear,1924.8,0.8,Debit Card,18,0,0.0,0.24,0,1,0
102556,90,Furniture,5539.97,27.5,COD,11,5,0.455,0.11,34,2,1
102557,1119,Electronics,8401.61,29.6,UPI,18,1,0.056,0.09,24,1,0
102558,727,Footwear,2508.86,5.3,Credit Card,13,4,0.308,0.24,8,0,0
102559,495,Apparel - Womens,1351.71,4.8,Netbanking,15,0,0.0,0.28,25,1,0
102560,531,Mobile Accessories,843.73,17.4,Debit Card,12,2,0.167,0.06,14,0,0
102561,1088,Electronics,6320.96,11.7,UPI,14,2,0.143,0.09,15,3,0
102562,767,Beauty,1298.65,5.0,COD,13,4,0.308,0.05,3,0,0
102563,951,Home & Kitchen,2449.03,3.5,COD,15,0,0.0,0.07,32,1,0
102564,465,Apparel - Womens,1490.41,6.6,Credit Card,10,3,0.3,0.28,12,4,0
102565,2098,Beauty,1243.86,3.3,COD,10,3,0.3,0.05,37,1,1
102566,1017,Furniture,6854.69,24.9,Debit Card,20,13,0.65,0.11,48,0,1
102567,114,Apparel - Womens,1968.51,7.0,COD,6,2,0.333,0.28,25,2,0
102568,1769,Apparel - Mens,1953.84,13.6,COD,18,4,0.222,0.19,23,1,0
102569,1212,Beauty,752.43,13.8,Credit Card,10,1,0.1,0.05,102,1,0
102570,1867,Mobile Accessories,628.6,20.5,Credit Card,12,4,0.333,0.06,7,1,0
102571,459,Apparel - Mens,807.19,8.9,UPI,18,4,0.222,0.19,37,1,1
102572,788,Electronics,8172.99,6.9,COD,14,0,0.0,0.09,0,0,0
102573,153,Beauty,791.83,8.2,Netbanking,10,2,0.2,0.05,23,2,0
102574,646,Apparel - Womens,1521.06,0.7,Credit Card,12,1,0.083,0.28,24,0,0
102575,1872,Beauty,989.73,8.0,Credit Card,11,1,0.091,0.05,2,2,0
102576,1362,Electronics,8287.49,2.5,COD,13,2,0.154,0.09,7,1,0
102577,1968,Beauty,503.31,1.5,Debit Card,9,0,0.0,0.05,24,3,0
102578,1870,Apparel - Womens,3167.68,7.8,Debit Card,15,2,0.133,0.28,35,1,1
102579,1058,Home & Kitchen,2069.76,33.8,COD,13,3,0.231,0.07,51,1,0
102580,1161,Mobile Accessories,1106.77,9.4,Credit Card,13,1,0.077,0.06,20,1,0
102581,2200,Footwear,3673.33,17.6,Credit Card,17,4,0.235,0.24,22,3,1
102582,1955,Mobile Accessories,150.0,5.4,Debit Card,12,0,0.0,0.06,6,1,0
102583,1135,Apparel - Womens,2040.89,6.7,COD,9,0,0.0,0.28,64,3,1
102584,1300,Furniture,9675.0,9.2,COD,12,0,0.0,0.11,22,2,1
102585,252,Beauty,1047.5,10.4,Credit Card,9,1,0.111,0.05,44,2,0
102586,151,Electronics,4094.54,2.5,UPI,11,3,0.273,0.09,8,0,0
102587,1495,Footwear,615.59,16.8,UPI,17,5,0.294,0.24,67,0,1
102588,1599,Beauty,845.76,3.9,UPI,15,0,0.0,0.05,84,3,0
102589,1088,Apparel - Womens,1846.52,12.2,Debit Card,14,2,0.143,0.28,16,3,0
102590,122,Footwear,1743.93,14.9,COD,6,1,0.167,0.24,18,1,0
102591,2167,Furniture,3111.42,7.9,COD,9,5,0.556,0.11,11,0,0
102592,784,Apparel - Womens,1219.78,14.5,UPI,10,2,0.2,0.28,2,0,0
102593,1625,Apparel - Mens,1524.33,24.6,COD,13,1,0.077,0.19,23,1,0
102594,1504,Home & Kitchen,1446.93,8.5,UPI,11,3,0.273,0.07,8,3,0
102595,719,Apparel - Womens,1073.97,4.4,UPI,17,2,0.118,0.28,35,3,0
102596,1790,Footwear,2353.42,6.4,COD,13,3,0.231,0.24,10,2,1
102597,1382,Apparel - Womens,2503.25,8.5,COD,13,4,0.308,0.28,24,2,0
102598,596,Footwear,1920.78,4.4,Debit Card,11,0,0.0,0.24,14,3,0
102599,2011,Furniture,6909.29,35.7,COD,12,2,0.167,0.11,14,1,0
102600,813,Beauty,607.81,4.9,UPI,12,2,0.167,0.05,12,0,0
102601,243,Apparel - Womens,1930.72,31.7,Credit Card,12,1,0.083,0.28,25,1,1
102602,572,Furniture,12577.87,12.7,Credit Card,9,2,0.222,0.11,10,1,1
102603,1280,Footwear,2581.87,11.9,UPI,18,0,0.0,0.24,82,0,0
102604,1492,Furniture,150.0,13.8,UPI,10,2,0.2,0.11,61,2,0
102605,1989,Footwear,1556.82,21.4,Credit Card,10,0,0.0,0.24,44,0,0
102606,414,Apparel - Womens,1612.53,5.5,UPI,10,1,0.1,0.28,8,1,0
102607,803,Mobile Accessories,1036.72,5.5,UPI,7,0,0.0,0.06,24,2,0
102608,1542,Beauty,1288.63,26.4,Debit Card,21,14,0.667,0.05,31,3,0
102609,354,Mobile Accessories,586.66,8.4,Netbanking,13,4,0.308,0.06,11,2,0
102610,738,Furniture,10459.26,1.4,UPI,14,3,0.214,0.11,50,1,0
102611,1830,Electronics,4379.58,5.8,UPI,13,3,0.231,0.09,13,0,0
102612,1709,Home & Kitchen,2786.83,0.5,COD,13,1,0.077,0.07,86,0,0
102613,1046,Mobile Accessories,430.62,24.6,UPI,17,7,0.412,0.06,67,1,0
102614,1346,Apparel - Mens,1961.39,12.8,Debit Card,13,0,0.0,0.19,37,0,0
102615,1915,Apparel - Womens,3209.5,15.3,UPI,11,4,0.364,0.28,42,1,1
102616,1517,Electronics,3898.16,14.2,Debit Card,15,1,0.067,0.09,83,0,0
102617,66,Footwear,1616.97,21.4,Credit Card,12,2,0.167,0.24,18,1,0
102618,2157,Apparel - Womens,1206.7,7.8,UPI,13,1,0.077,0.28,29,0,0
102619,455,Footwear,3041.32,12.1,Credit Card,11,1,0.091,0.24,31,1,0
102620,1584,Footwear,3110.43,17.8,Debit Card,9,4,0.444,0.24,24,0,0
102621,149,Apparel - Womens,2177.46,4.5,Netbanking,10,0,0.0,0.28,29,1,0
102622,1427,Home & Kitchen,2172.81,4.9,Netbanking,9,0,0.0,0.07,6,1,0
102623,1095,Home & Kitchen,2609.81,13.1,COD,15,3,0.2,0.07,19,2,0
102624,585,Furniture,3288.68,0.6,UPI,10,4,0.4,0.11,21,1,0
102625,1071,Beauty,1416.45,10.0,Debit Card,10,1,0.1,0.05,39,0,1
102626,303,Home & Kitchen,1404.93,9.6,Credit Card,11,2,0.182,0.07,96,0,0
102627,2058,Furniture,9862.64,36.4,Credit Card,14,3,0.214,0.11,25,1,0
102628,794,Home & Kitchen,3292.74,15.2,UPI,12,0,0.0,0.07,53,0,0
102629,222,Home & Kitchen,3839.69,15.0,Credit Card,11,3,0.273,0.07,63,0,0
102630,1501,Home & Kitchen,2468.73,38.5,COD,10,3,0.3,0.07,1,1,1
102631,453,Apparel - Mens,1160.44,17.7,UPI,11,2,0.182,0.19,18,0,0
102632,166,Mobile Accessories,886.88,1.3,Credit Card,14,4,0.286,0.06,50,0,0
102633,1964,Electronics,8199.42,12.4,Credit Card,12,1,0.083,0.09,0,2,0
102634,635,Furniture,6545.62,16.0,Netbanking,14,6,0.429,0.11,31,1,0
102635,1881,Beauty,950.28,15.4,UPI,12,2,0.167,0.05,150,2,1
102636,357,Home & Kitchen,1251.98,16.1,Credit Card,15,2,0.133,0.07,6,1,0
102637,1807,Beauty,981.89,18.5,UPI,14,3,0.214,0.05,0,2,0
102638,405,Furniture,13639.51,1.0,UPI,11,2,0.182,0.11,7,3,0
102639,1399,Furniture,15601.6,14.5,Netbanking,12,5,0.417,0.11,54,4,1
102640,1452,Mobile Accessories,1061.2,6.9,Netbanking,8,3,0.375,0.06,7,0,0
102641,1513,Apparel - Womens,2740.34,14.0,Credit Card,16,1,0.062,0.28,211,0,0
102642,643,Apparel - Womens,1560.99,11.7,Netbanking,11,1,0.091,0.28,23,1,0
102643,374,Electronics,1046.77,23.7,COD,9,1,0.111,0.09,5,1,0
102644,1097,Furniture,8779.9,8.7,Credit Card,13,2,0.154,0.11,33,0,0
102645,1618,Mobile Accessories,226.93,5.0,Credit Card,10,1,0.1,0.06,7,4,0
102646,1746,Mobile Accessories,260.84,2.0,UPI,12,0,0.0,0.06,17,2,1
102647,1410,Mobile Accessories,1174.2,20.3,Credit Card,15,3,0.2,0.06,33,3,0
102648,1594,Mobile Accessories,614.61,4.2,COD,8,0,0.0,0.06,23,1,0
102649,731,Beauty,693.56,9.4,COD,6,2,0.333,0.05,2,0,1
102650,700,Beauty,1632.93,0.3,Credit Card,20,1,0.05,0.05,51,1,0
102651,1944,Footwear,891.56,10.1,UPI,12,1,0.083,0.24,58,1,1
102652,1060,Electronics,10257.43,3.2,UPI,16,4,0.25,0.09,13,0,0
102653,1623,Apparel - Womens,2311.15,16.0,Debit Card,13,1,0.077,0.28,7,1,0
102654,1144,Apparel - Mens,3309.28,22.5,Credit Card,15,0,0.0,0.19,52,2,0
102655,1198,Footwear,2466.28,11.9,Debit Card,15,0,0.0,0.24,5,0,0
102656,1050,Mobile Accessories,1064.39,7.5,Debit Card,15,12,0.8,0.06,6,0,0
102657,74,Home & Kitchen,2068.33,7.5,UPI,11,3,0.273,0.07,68,3,0
102658,503,Home & Kitchen,1764.9,1.2,UPI,8,0,0.0,0.07,12,0,0
102659,1552,Beauty,150.0,11.5,Credit Card,13,1,0.077,0.05,23,3,0
102660,464,Beauty,685.42,3.4,UPI,8,2,0.25,0.05,26,2,0
102661,652,Apparel - Womens,998.56,6.2,UPI,9,6,0.667,0.28,8,1,1
102662,323,Beauty,609.35,39.2,Debit Card,9,4,0.444,0.05,15,1,0
102663,1356,Footwear,1369.39,25.4,Debit Card,12,0,0.0,0.24,97,0,0
102664,417,Electronics,6474.9,2.0,Credit Card,10,2,0.2,0.09,11,3,0
102665,77,Electronics,5471.8,10.8,UPI,12,4,0.333,0.09,65,2,0
102666,723,Apparel - Womens,1647.49,17.5,Debit Card,10,0,0.0,0.28,6,3,0
102667,1046,Footwear,1055.88,6.0,UPI,17,7,0.412,0.24,51,0,1
102668,1825,Mobile Accessories,676.11,1.9,COD,10,1,0.1,0.06,23,1,0
102669,1541,Electronics,5901.97,7.1,Credit Card,8,1,0.125,0.09,63,3,0
102670,211,Beauty,362.09,6.0,Credit Card,10,3,0.3,0.05,10,0,0
102671,1378,Apparel - Mens,2585.24,1.9,Debit Card,17,5,0.294,0.19,45,1,1
102672,572,Electronics,5688.01,6.7,COD,9,2,0.222,0.09,2,0,1
102673,277,Apparel - Mens,2097.94,10.9,Debit Card,11,1,0.091,0.19,50,1,0
102674,1520,Footwear,2159.1,37.2,Credit Card,13,1,0.077,0.24,8,3,0
102675,1134,Apparel - Womens,2798.94,12.8,Debit Card,9,2,0.222,0.28,34,0,0
102676,1252,Electronics,9129.36,12.2,Debit Card,10,4,0.4,0.09,15,0,1
102677,1983,Home & Kitchen,2286.62,5.5,Credit Card,15,2,0.133,0.07,12,2,0
102678,320,Mobile Accessories,713.78,29.1,Credit Card,15,5,0.333,0.06,41,1,1
102679,35,Electronics,7534.92,2.6,UPI,13,4,0.308,0.09,5,1,0
102680,269,Furniture,11174.81,12.5,COD,10,0,0.0,0.11,16,2,0
102681,1708,Apparel - Womens,761.34,28.3,UPI,12,4,0.333,0.28,41,1,1
102682,2016,Furniture,9322.39,7.4,COD,12,1,0.083,0.11,22,0,0
102683,949,Mobile Accessories,1027.53,2.9,COD,10,1,0.1,0.06,71,3,0
102684,1465,Apparel - Mens,2028.25,8.9,Credit Card,11,0,0.0,0.19,22,1,1
102685,661,Footwear,3672.99,22.2,UPI,12,2,0.167,0.24,37,1,0
102686,1777,Home & Kitchen,3012.89,9.4,UPI,10,3,0.3,0.07,23,1,0
102687,1174,Apparel - Womens,2881.66,8.6,COD,18,6,0.333,0.28,5,2,1
102688,772,Electronics,6761.31,11.7,UPI,11,1,0.091,0.09,14,2,1
102689,1726,Apparel - Mens,982.86,17.5,UPI,15,1,0.067,0.19,5,1,0
102690,1966,Apparel - Womens,2222.24,13.7,UPI,9,1,0.111,0.28,26,3,0
102691,696,Apparel - Mens,1919.33,10.2,UPI,10,1,0.1,0.19,40,3,0
102692,140,Electronics,4291.03,14.3,Credit Card,7,1,0.143,0.09,18,1,0
102693,1388,Home & Kitchen,683.92,6.1,UPI,9,0,0.0,0.07,32,0,0
102694,591,Mobile Accessories,690.02,8.3,Credit Card,19,4,0.211,0.06,23,1,1
102695,1183,Apparel - Womens,2509.49,16.8,COD,14,1,0.071,0.28,12,4,0
102696,1009,Furniture,5645.99,20.7,UPI,11,1,0.091,0.11,34,3,0
102697,1548,Beauty,178.29,24.2,Credit Card,12,0,0.0,0.05,25,3,1
102698,1554,Apparel - Womens,2092.24,15.4,Credit Card,13,2,0.154,0.28,13,1,0
102699,805,Home & Kitchen,3849.96,6.4,Credit Card,13,1,0.077,0.07,16,2,1
102700,497,Apparel - Womens,1334.34,12.8,UPI,17,0,0.0,0.28,10,0,0
102701,2133,Electronics,9791.78,1.4,Credit Card,16,0,0.0,0.09,88,6,0
102702,1217,Furniture,7859.99,6.6,Debit Card,11,2,0.182,0.11,91,1,0
102703,1700,Electronics,11534.61,22.0,UPI,11,1,0.091,0.09,134,1,0
102704,793,Electronics,5176.1,17.5,COD,9,0,0.0,0.09,5,3,0
102705,900,Home & Kitchen,3380.78,10.1,COD,10,2,0.2,0.07,7,1,0
102706,1711,Footwear,3318.45,33.4,UPI,13,1,0.077,0.24,25,1,0
102707,488,Home & Kitchen,3775.93,9.1,Credit Card,13,1,0.077,0.07,11,1,0
102708,324,Footwear,3915.16,8.6,Debit Card,7,1,0.143,0.24,0,3,0
102709,1627,Mobile Accessories,376.91,19.1,UPI,13,1,0.077,0.06,24,2,0
102710,1829,Beauty,1487.3,3.7,Credit Card,7,2,0.286,0.05,33,0,0
102711,554,Footwear,1214.69,19.6,COD,18,5,0.278,0.24,23,1,1
102712,758,Apparel - Womens,1851.32,5.3,Netbanking,14,6,0.429,0.28,57,2,1
102713,1693,Home & Kitchen,4094.14,5.8,COD,11,1,0.091,0.07,114,2,0
102714,775,Beauty,851.63,16.3,UPI,15,4,0.267,0.05,7,0,0
102715,709,Apparel - Womens,1168.72,17.6,Credit Card,13,6,0.462,0.28,28,3,1
102716,1808,Home & Kitchen,2364.46,16.2,UPI,11,1,0.091,0.07,46,1,0
102717,1157,Home & Kitchen,582.33,34.1,UPI,7,1,0.143,0.07,33,1,0
102718,826,Beauty,1208.53,6.3,UPI,9,6,0.667,0.05,44,1,0
102719,873,Furniture,12004.3,10.2,COD,16,4,0.25,0.11,63,1,0
102720,196,Apparel - Womens,2590.32,5.5,UPI,17,4,0.235,0.28,16,0,1
102721,351,Footwear,1052.72,2.9,Debit Card,10,5,0.5,0.24,45,0,0
102722,708,Apparel - Womens,150.0,7.2,Debit Card,10,1,0.1,0.28,23,3,0
102723,340,Footwear,2961.37,16.3,COD,11,1,0.091,0.24,10,5,0
102724,2093,Home & Kitchen,3026.49,3.4,COD,10,2,0.2,0.07,25,1,0
102725,2051,Electronics,6963.31,12.4,Credit Card,14,1,0.071,0.09,39,2,0
102726,409,Mobile Accessories,323.55,21.5,UPI,11,3,0.273,0.06,47,2,0
102727,534,Home & Kitchen,2544.72,7.2,UPI,13,3,0.231,0.07,15,1,0
102728,1869,Footwear,3652.32,8.2,COD,10,0,0.0,0.24,89,1,0
102729,226,Furniture,5383.27,3.9,UPI,13,2,0.154,0.11,22,2,0
102730,1642,Beauty,1293.47,13.1,COD,23,1,0.043,0.05,39,2,0
102731,1866,Footwear,3875.43,8.5,COD,14,2,0.143,0.24,43,1,1
102732,1327,Apparel - Mens,1250.57,15.2,UPI,11,6,0.545,0.19,18,1,1
102733,1080,Mobile Accessories,501.32,17.2,UPI,11,0,0.0,0.06,47,1,0
102734,2041,Apparel - Womens,2654.28,4.9,Credit Card,15,5,0.333,0.28,11,0,1
102735,1254,Apparel - Womens,2277.78,1.5,COD,10,3,0.3,0.28,44,1,1
102736,938,Apparel - Womens,1412.22,17.4,COD,10,5,0.5,0.28,1,2,1
102737,717,Footwear,2224.32,18.3,COD,7,1,0.143,0.24,56,0,0
102738,1807,Apparel - Womens,2024.03,27.1,UPI,14,3,0.214,0.28,17,2,0
102739,1422,Beauty,1793.9,0.4,Credit Card,12,1,0.083,0.05,37,1,0
102740,764,Footwear,3787.61,6.1,Netbanking,15,6,0.4,0.24,56,1,0
102741,1884,Mobile Accessories,670.8,18.9,COD,13,5,0.385,0.06,12,1,1
102742,518,Home & Kitchen,3541.21,35.2,COD,12,0,0.0,0.07,270,0,0
102743,1471,Beauty,527.89,10.4,COD,12,1,0.083,0.05,19,2,0
102744,1399,Electronics,1500.68,10.4,COD,12,5,0.417,0.09,92,2,0
102745,1396,Mobile Accessories,150.0,20.0,Credit Card,11,3,0.273,0.06,27,4,0
102746,665,Home & Kitchen,1770.91,37.3,UPI,14,3,0.214,0.07,12,3,1
102747,757,Apparel - Mens,1830.13,16.3,Debit Card,9,0,0.0,0.19,2,2,1
102748,756,Home & Kitchen,2983.78,3.2,Netbanking,9,3,0.333,0.07,105,0,0
102749,1,Home & Kitchen,3132.86,6.8,Debit Card,8,4,0.5,0.07,48,3,1
102750,727,Apparel - Mens,1536.27,10.7,COD,13,4,0.308,0.19,72,1,0
102751,1085,Apparel - Mens,1521.85,10.8,Credit Card,12,2,0.167,0.19,10,0,0
102752,61,Home & Kitchen,150.0,14.6,COD,16,12,0.75,0.07,112,2,1
102753,2085,Furniture,5584.79,1.6,Netbanking,14,1,0.071,0.11,0,1,1
102754,1116,Furniture,6757.44,2.6,Debit Card,16,2,0.125,0.11,19,1,0
102755,1130,Apparel - Womens,2453.41,9.2,COD,17,0,0.0,0.28,11,4,0
102756,1767,Apparel - Mens,1656.78,1.5,Debit Card,15,4,0.267,0.19,14,2,0
102757,1013,Apparel - Mens,2229.05,7.5,Credit Card,17,2,0.118,0.19,166,2,0
102758,843,Electronics,9412.91,5.5,Netbanking,9,2,0.222,0.09,34,1,0
102759,1927,Electronics,6785.56,18.1,UPI,11,0,0.0,0.09,101,1,0
102760,1718,Beauty,1173.27,10.1,Debit Card,13,0,0.0,0.05,5,2,0
102761,1270,Mobile Accessories,980.0,12.8,UPI,9,2,0.222,0.06,34,1,1
102762,80,Electronics,8852.58,17.2,UPI,9,5,0.556,0.09,10,2,0
102763,1623,Beauty,1012.3,7.6,UPI,13,1,0.077,0.05,30,0,0
102764,211,Furniture,13890.32,11.8,UPI,10,3,0.3,0.11,51,1,0
102765,1237,Electronics,7621.5,14.2,Credit Card,13,4,0.308,0.09,23,2,1
102766,1297,Beauty,956.9,17.9,UPI,17,0,0.0,0.05,14,1,0
102767,319,Home & Kitchen,1425.97,14.0,UPI,11,3,0.273,0.07,40,3,0
102768,1209,Apparel - Womens,2624.87,27.6,UPI,7,0,0.0,0.28,10,3,0
102769,2019,Furniture,11004.8,24.2,Debit Card,10,0,0.0,0.11,11,1,0
102770,2173,Home & Kitchen,2244.16,18.2,UPI,20,10,0.5,0.07,23,0,0
102771,2002,Mobile Accessories,1051.11,27.0,Credit Card,12,5,0.417,0.06,4,3,0
102772,2047,Apparel - Womens,1570.47,8.3,UPI,14,1,0.071,0.28,49,2,1
102773,1386,Footwear,1622.25,11.9,Debit Card,11,1,0.091,0.24,20,1,0
102774,1274,Apparel - Mens,1648.78,11.1,UPI,10,3,0.3,0.19,3,0,0
102775,443,Footwear,4434.54,6.6,Debit Card,14,9,0.643,0.24,16,0,1
102776,1443,Beauty,1293.34,15.8,Debit Card,8,2,0.25,0.05,0,0,0
102777,1422,Mobile Accessories,754.53,9.1,UPI,12,1,0.083,0.06,22,1,0
102778,1229,Beauty,311.05,11.8,COD,20,5,0.25,0.05,26,1,0
102779,306,Mobile Accessories,663.05,20.9,UPI,17,1,0.059,0.06,66,0,0
102780,1650,Apparel - Mens,1657.37,31.4,Debit Card,8,0,0.0,0.19,35,1,0
102781,1343,Home & Kitchen,1898.47,11.5,Debit Card,17,0,0.0,0.07,20,1,0
102782,1314,Mobile Accessories,728.28,19.7,Credit Card,12,2,0.167,0.06,44,2,0
102783,1451,Mobile Accessories,283.22,21.6,Credit Card,10,3,0.3,0.06,13,0,0
102784,701,Mobile Accessories,792.43,15.8,Credit Card,10,2,0.2,0.06,32,2,0
102785,976,Furniture,10872.69,6.5,Credit Card,10,1,0.1,0.11,11,1,0
102786,1094,Beauty,985.65,10.3,Credit Card,11,3,0.273,0.05,47,1,0
102787,387,Beauty,875.88,18.3,COD,14,3,0.214,0.05,52,1,0
102788,1290,Electronics,4592.39,10.4,COD,9,2,0.222,0.09,93,0,0
102789,954,Footwear,2255.13,3.3,Credit Card,8,1,0.125,0.24,62,1,0
102790,65,Furniture,7491.11,0.7,Netbanking,9,2,0.222,0.11,22,0,0
102791,1552,Apparel - Mens,714.5,8.6,UPI,13,1,0.077,0.19,2,2,0
102792,769,Apparel - Womens,2157.68,28.5,COD,13,1,0.077,0.28,81,1,0
102793,1752,Mobile Accessories,470.28,17.3,Debit Card,14,1,0.071,0.06,31,1,0
102794,1651,Electronics,3915.01,6.4,UPI,6,0,0.0,0.09,20,0,0
102795,674,Apparel - Mens,2226.37,19.7,COD,10,4,0.4,0.19,8,0,0
102796,431,Electronics,4291.8,2.9,Credit Card,9,0,0.0,0.09,60,0,0
102797,536,Apparel - Mens,1619.23,9.8,Netbanking,7,1,0.143,0.19,37,2,1
102798,41,Footwear,4151.85,27.0,COD,9,3,0.333,0.24,36,3,1
102799,1708,Furniture,2068.05,8.2,COD,12,4,0.333,0.11,43,0,0
102800,725,Beauty,741.35,12.9,Netbanking,14,8,0.571,0.05,2,0,1
102801,672,Mobile Accessories,752.95,12.0,Debit Card,9,5,0.556,0.06,20,1,1
102802,2146,Mobile Accessories,630.44,4.6,Netbanking,18,4,0.222,0.06,61,2,1
102803,1764,Footwear,3794.47,8.4,Credit Card,13,2,0.154,0.24,155,2,1
102804,262,Home & Kitchen,3318.62,5.0,UPI,11,5,0.455,0.07,23,2,1
102805,792,Apparel - Mens,1537.5,9.1,UPI,14,0,0.0,0.19,11,0,0
102806,1150,Electronics,3140.86,2.7,Debit Card,10,6,0.6,0.09,34,1,0
102807,808,Beauty,1245.79,16.9,Debit Card,14,0,0.0,0.05,13,0,0
102808,28,Mobile Accessories,397.84,14.2,UPI,12,1,0.083,0.06,88,3,0
102809,1055,Furniture,7612.67,3.7,Netbanking,9,3,0.333,0.11,32,1,0
102810,1170,Electronics,5961.3,8.6,Credit Card,18,9,0.5,0.09,24,1,0
102811,389,Footwear,2224.33,16.7,Credit Card,13,4,0.308,0.24,1,1,0
102812,640,Mobile Accessories,1593.86,2.0,COD,11,3,0.273,0.06,7,1,1
102813,531,Home & Kitchen,2405.13,13.8,UPI,12,2,0.167,0.07,24,3,0
102814,123,Home & Kitchen,1354.51,8.6,Credit Card,7,0,0.0,0.07,57,1,0
102815,529,Home & Kitchen,1514.19,20.8,Debit Card,12,1,0.083,0.07,15,3,0
102816,1348,Furniture,12034.84,17.4,COD,11,0,0.0,0.11,38,1,0
102817,1354,Mobile Accessories,388.77,4.6,Debit Card,7,1,0.143,0.06,22,1,0
102818,82,Beauty,1298.2,23.0,COD,8,3,0.375,0.05,30,3,1
102819,2075,Electronics,6670.41,7.4,UPI,14,0,0.0,0.09,79,2,1
102820,1443,Beauty,943.55,22.7,Credit Card,8,2,0.25,0.05,33,2,1
102821,1930,Beauty,1195.51,11.4,Credit Card,11,3,0.273,0.05,40,0,0
102822,1337,Apparel - Mens,556.19,15.1,Credit Card,7,2,0.286,0.19,200,0,0
102823,554,Beauty,1044.78,1.5,COD,18,5,0.278,0.05,125,1,0
102824,1153,Mobile Accessories,656.78,15.2,COD,11,2,0.182,0.06,18,0,0
102825,420,Furniture,11568.19,21.9,Credit Card,10,1,0.1,0.11,54,0,0
102826,2170,Electronics,7062.64,4.6,UPI,11,0,0.0,0.09,49,0,0
102827,44,Beauty,483.72,27.9,Debit Card,13,0,0.0,0.05,11,1,0
102828,970,Beauty,1009.66,34.1,Netbanking,10,0,0.0,0.05,8,2,0
102829,550,Beauty,941.54,27.2,UPI,9,1,0.111,0.05,12,0,0
102830,2108,Beauty,710.67,5.9,UPI,16,1,0.062,0.05,15,1,0
102831,1788,Beauty,794.49,16.2,Debit Card,13,8,0.615,0.05,44,0,0
102832,1264,Apparel - Womens,2226.15,7.5,UPI,15,0,0.0,0.28,7,2,0
102833,1368,Footwear,1649.45,3.7,COD,16,3,0.188,0.24,0,0,0
102834,70,Furniture,10457.74,2.4,Netbanking,16,6,0.375,0.11,21,1,0
102835,30,Apparel - Mens,2442.61,6.2,COD,12,7,0.583,0.19,43,1,0
102836,1522,Home & Kitchen,2379.78,11.2,Debit Card,12,1,0.083,0.07,42,1,0
102837,1679,Mobile Accessories,700.71,5.3,UPI,10,4,0.4,0.06,1,3,0
102838,1878,Home & Kitchen,1646.81,3.6,COD,18,5,0.278,0.07,0,1,0
102839,337,Apparel - Womens,3469.25,19.0,UPI,16,2,0.125,0.28,30,2,0
102840,321,Electronics,7452.89,17.6,Credit Card,10,2,0.2,0.09,132,0,0
102841,1306,Beauty,793.97,1.4,COD,11,5,0.455,0.05,87,1,0
102842,1992,Apparel - Womens,2010.99,22.9,Netbanking,10,0,0.0,0.28,1,1,0
102843,1765,Mobile Accessories,668.63,3.7,UPI,15,1,0.067,0.06,25,0,0
102844,1376,Footwear,1394.69,12.7,Netbanking,18,5,0.278,0.24,10,2,1
102845,1512,Furniture,6131.96,10.2,Debit Card,9,0,0.0,0.11,35,1,0
102846,1263,Beauty,850.78,19.5,Credit Card,13,2,0.154,0.05,52,3,0
102847,1479,Apparel - Womens,1858.92,16.9,Debit Card,12,5,0.417,0.28,6,0,1
102848,1547,Apparel - Womens,2804.41,9.2,COD,17,2,0.118,0.28,10,0,0
102849,2084,Beauty,1008.52,34.0,Credit Card,10,3,0.3,0.05,26,3,0
102850,1069,Beauty,824.26,11.7,Credit Card,11,0,0.0,0.05,25,0,0
102851,151,Furniture,12180.79,1.3,UPI,11,3,0.273,0.11,25,4,0
102852,1522,Home & Kitchen,482.93,14.2,Credit Card,12,1,0.083,0.07,11,3,0
102853,876,Apparel - Womens,767.44,11.8,UPI,12,0,0.0,0.28,41,2,0
102854,343,Furniture,5983.19,9.7,COD,15,4,0.267,0.11,47,1,0
102855,1084,Furniture,14946.27,1.2,UPI,17,6,0.353,0.11,141,1,0
102856,1163,Apparel - Mens,460.72,6.3,COD,12,1,0.083,0.19,38,2,0
102857,1544,Apparel - Mens,1431.35,9.6,Netbanking,10,6,0.6,0.19,85,0,0
102858,973,Beauty,1205.35,3.7,Credit Card,8,2,0.25,0.05,24,2,0
102859,375,Electronics,6000.23,23.0,Credit Card,8,3,0.375,0.09,10,4,0
102860,667,Home & Kitchen,1655.57,19.5,UPI,14,0,0.0,0.07,15,2,0
102861,1294,Home & Kitchen,2181.11,10.4,COD,13,0,0.0,0.07,31,0,0
102862,46,Beauty,582.9,3.7,COD,13,1,0.077,0.05,53,0,0
102863,1828,Home & Kitchen,2266.02,1.4,Netbanking,11,3,0.273,0.07,82,0,0
102864,474,Electronics,13050.12,5.0,Debit Card,10,0,0.0,0.09,17,0,0
102865,372,Home & Kitchen,2905.07,9.6,COD,12,3,0.25,0.07,57,1,0
102866,1390,Footwear,2031.27,11.0,COD,12,2,0.167,0.24,2,3,1
102867,505,Beauty,1347.84,13.9,UPI,11,1,0.091,0.05,20,1,0
102868,742,Home & Kitchen,3719.26,17.9,Credit Card,13,0,0.0,0.07,34,1,1
102869,1253,Home & Kitchen,1843.97,5.8,Debit Card,16,1,0.062,0.07,122,2,0
102870,252,Electronics,7806.12,14.8,Credit Card,9,1,0.111,0.09,26,1,0
102871,795,Furniture,7466.37,21.5,UPI,13,3,0.231,0.11,60,1,0
102872,1230,Electronics,8478.29,10.4,COD,8,1,0.125,0.09,93,0,0
102873,583,Home & Kitchen,2527.22,9.2,UPI,8,2,0.25,0.07,4,1,1
102874,733,Apparel - Mens,1428.2,13.1,Debit Card,11,2,0.182,0.19,5,2,0
102875,675,Electronics,3446.25,12.7,Netbanking,12,3,0.25,0.09,7,2,0
102876,603,Footwear,1649.05,21.8,Debit Card,12,4,0.333,0.24,45,1,0
102877,1698,Furniture,3821.9,2.1,COD,15,3,0.2,0.11,121,0,0
102878,1400,Apparel - Mens,2883.43,7.8,UPI,12,2,0.167,0.19,5,3,1
102879,2016,Beauty,1836.47,14.4,Credit Card,12,1,0.083,0.05,9,0,0
102880,233,Electronics,5247.58,20.0,UPI,8,1,0.125,0.09,55,0,1
102881,1248,Electronics,3882.86,24.1,COD,9,0,0.0,0.09,53,1,0
102882,1497,Apparel - Mens,2008.31,3.8,Credit Card,17,3,0.176,0.19,12,1,0
102883,1942,Apparel - Womens,1989.07,12.2,Credit Card,13,1,0.077,0.28,39,1,0
102884,654,Electronics,6795.4,15.0,UPI,8,3,0.375,0.09,136,0,1
102885,1809,Apparel - Womens,2073.61,14.5,Netbanking,17,4,0.235,0.28,12,1,0
102886,1969,Apparel - Mens,1765.33,11.8,Netbanking,10,4,0.4,0.19,30,2,0
102887,511,Electronics,7055.01,18.6,UPI,17,0,0.0,0.09,50,4,0
102888,1947,Apparel - Womens,2044.49,17.9,Debit Card,13,0,0.0,0.28,57,3,0
102889,869,Apparel - Mens,2490.98,1.2,COD,13,1,0.077,0.19,22,4,0
102890,34,Home & Kitchen,1177.33,1.0,UPI,13,1,0.077,0.07,9,3,0
102891,696,Apparel - Womens,1703.57,19.0,UPI,10,1,0.1,0.28,2,0,1
102892,181,Apparel - Mens,1330.7,17.8,Credit Card,10,4,0.4,0.19,68,2,0
102893,836,Electronics,4644.95,13.9,Debit Card,11,2,0.182,0.09,14,1,0
102894,727,Apparel - Mens,2995.73,16.1,Debit Card,13,4,0.308,0.19,107,0,0
102895,1471,Apparel - Womens,1239.23,1.1,Debit Card,12,1,0.083,0.28,57,1,0
102896,367,Home & Kitchen,2481.24,9.9,UPI,17,2,0.118,0.07,96,1,0
102897,1045,Furniture,1259.18,17.4,Credit Card,13,6,0.462,0.11,5,0,0
102898,228,Footwear,1973.17,8.6,UPI,10,3,0.3,0.24,44,0,0
102899,1836,Home & Kitchen,3115.58,22.1,Credit Card,12,1,0.083,0.07,19,1,1
102900,631,Apparel - Womens,2292.3,10.7,COD,16,0,0.0,0.28,70,4,0
102901,406,Electronics,3094.67,13.4,Debit Card,11,2,0.182,0.09,171,1,0
102902,1000,Mobile Accessories,487.41,13.8,Credit Card,12,1,0.083,0.06,9,1,0
102903,259,Mobile Accessories,229.01,1.5,COD,12,0,0.0,0.06,39,0,0
102904,2049,Apparel - Womens,2373.04,8.1,COD,8,0,0.0,0.28,15,4,0
102905,161,Apparel - Mens,2367.15,2.1,Credit Card,11,1,0.091,0.19,60,1,0
102906,661,Apparel - Mens,2139.16,1.9,UPI,12,2,0.167,0.19,31,0,0
102907,1894,Mobile Accessories,807.56,9.0,COD,13,0,0.0,0.06,36,0,0
102908,554,Electronics,8713.87,17.3,Credit Card,18,5,0.278,0.09,59,2,0
102909,868,Apparel - Womens,1705.34,13.9,Credit Card,14,5,0.357,0.28,5,1,1
102910,606,Home & Kitchen,1811.74,8.1,Debit Card,12,0,0.0,0.07,11,0,0
102911,20,Mobile Accessories,154.07,11.6,COD,13,2,0.154,0.06,11,1,0
102912,1912,Beauty,1235.21,1.8,UPI,11,5,0.455,0.05,43,1,1
102913,1103,Electronics,8453.82,2.8,Debit Card,11,1,0.091,0.09,15,2,0
102914,1586,Mobile Accessories,796.85,6.0,UPI,16,2,0.125,0.06,39,1,0
102915,1224,Mobile Accessories,349.77,14.1,Debit Card,15,3,0.2,0.06,72,0,0
102916,2111,Footwear,2370.37,23.1,COD,8,1,0.125,0.24,99,1,1
102917,1841,Apparel - Womens,2705.41,16.6,Credit Card,13,2,0.154,0.28,12,2,1
102918,1140,Beauty,1155.55,17.8,Credit Card,9,0,0.0,0.05,32,1,0
102919,1539,Home & Kitchen,2081.85,1.2,UPI,9,1,0.111,0.07,31,0,0
102920,352,Footwear,4026.74,26.2,Credit Card,12,1,0.083,0.24,28,1,0
102921,1468,Footwear,2376.65,13.1,Credit Card,11,0,0.0,0.24,2,0,1
102922,575,Electronics,4054.38,15.4,Credit Card,14,3,0.214,0.09,82,1,0
102923,1889,Furniture,6433.6,15.0,UPI,14,3,0.214,0.11,18,1,1
102924,970,Mobile Accessories,922.08,3.6,UPI,10,0,0.0,0.06,64,2,0
102925,887,Home & Kitchen,1371.39,19.7,Debit Card,13,6,0.462,0.07,1,1,0
102926,1007,Beauty,909.1,4.9,Credit Card,12,1,0.083,0.05,44,0,0
102927,57,Mobile Accessories,783.21,28.2,UPI,13,1,0.077,0.06,42,3,0
102928,883,Home & Kitchen,3651.65,3.9,UPI,10,0,0.0,0.07,134,2,0
102929,664,Electronics,9575.2,16.9,Credit Card,10,0,0.0,0.09,28,0,0
102930,248,Apparel - Mens,1784.69,17.8,Debit Card,6,1,0.167,0.19,61,1,0
102931,1258,Furniture,10439.0,3.1,UPI,10,0,0.0,0.11,27,2,0
102932,103,Apparel - Mens,599.61,21.2,Credit Card,11,0,0.0,0.19,23,2,0
102933,2067,Electronics,6507.24,0.4,Credit Card,11,4,0.364,0.09,43,1,1
102934,1106,Electronics,10401.7,13.3,COD,13,1,0.077,0.09,2,3,0
102935,1342,Electronics,6993.54,7.1,Credit Card,15,0,0.0,0.09,81,1,0
102936,1788,Apparel - Mens,860.71,5.1,UPI,13,8,0.615,0.19,92,0,1
102937,177,Furniture,12098.14,22.9,UPI,14,4,0.286,0.11,3,0,0
102938,1361,Furniture,6936.77,4.7,Debit Card,11,2,0.182,0.11,10,2,0
102939,1188,Furniture,7993.03,17.2,UPI,11,0,0.0,0.11,18,2,0
102940,1094,Apparel - Womens,1057.06,7.8,UPI,11,3,0.273,0.28,9,0,1
102941,1775,Apparel - Womens,1565.44,35.0,COD,13,2,0.154,0.28,35,1,0
102942,2042,Mobile Accessories,908.29,24.2,UPI,10,3,0.3,0.06,33,2,0
102943,2180,Home & Kitchen,4790.03,13.7,Netbanking,13,0,0.0,0.07,24,2,0
102944,626,Apparel - Womens,932.25,16.1,UPI,10,1,0.1,0.28,25,2,0
102945,1403,Apparel - Womens,1764.04,14.8,UPI,7,2,0.286,0.28,13,1,0
102946,1707,Electronics,3437.39,10.7,UPI,9,0,0.0,0.09,28,3,1
102947,1416,Home & Kitchen,1866.58,8.2,Credit Card,19,4,0.211,0.07,7,3,0
102948,227,Apparel - Mens,950.73,2.2,COD,18,3,0.167,0.19,11,2,1
102949,789,Apparel - Womens,1762.7,16.9,Debit Card,18,4,0.222,0.28,176,4,0
102950,1932,Electronics,5252.88,5.7,UPI,16,1,0.062,0.09,101,5,0
102951,829,Footwear,2717.82,1.8,UPI,9,0,0.0,0.24,18,4,0
102952,1141,Apparel - Womens,2434.61,8.2,COD,18,3,0.167,0.28,70,0,0
102953,281,Electronics,150.0,30.7,UPI,7,0,0.0,0.09,144,1,0
102954,1254,Home & Kitchen,1619.42,25.1,UPI,10,3,0.3,0.07,31,2,0
102955,657,Beauty,690.9,9.6,Debit Card,11,1,0.091,0.05,63,3,0
102956,232,Mobile Accessories,482.35,12.2,Debit Card,11,4,0.364,0.06,33,0,0
102957,1019,Apparel - Mens,1716.99,9.4,COD,17,5,0.294,0.19,8,0,0
102958,1821,Furniture,14461.32,4.2,COD,11,2,0.182,0.11,133,2,0
102959,408,Beauty,712.57,13.5,COD,13,0,0.0,0.05,40,1,1
102960,91,Home & Kitchen,1400.33,12.5,UPI,12,1,0.083,0.07,13,1,0
102961,113,Home & Kitchen,2510.35,9.2,COD,13,2,0.154,0.07,26,1,0
102962,1142,Furniture,9095.57,0.9,Debit Card,14,5,0.357,0.11,17,2,0
102963,1278,Mobile Accessories,755.74,0.2,Debit Card,15,2,0.133,0.06,35,2,0
102964,562,Mobile Accessories,740.28,10.3,COD,13,2,0.154,0.06,100,1,0
102965,1782,Home & Kitchen,1683.41,9.0,Credit Card,13,0,0.0,0.07,88,0,0
102966,603,Furniture,8204.34,6.4,Credit Card,12,4,0.333,0.11,30,1,1
102967,1525,Apparel - Womens,526.18,16.6,COD,12,2,0.167,0.28,9,0,1
102968,317,Furniture,9577.34,14.1,COD,8,0,0.0,0.11,13,1,0
102969,663,Apparel - Mens,1895.26,21.3,UPI,8,2,0.25,0.19,7,0,1
102970,1600,Apparel - Mens,2478.96,3.0,UPI,13,3,0.231,0.19,18,1,0
102971,1810,Furniture,10170.57,14.9,UPI,15,6,0.4,0.11,54,0,0
102972,829,Footwear,3121.99,25.5,UPI,9,0,0.0,0.24,46,0,0
102973,1186,Furniture,9584.11,12.1,UPI,9,5,0.556,0.11,6,2,0
102974,1074,Apparel - Womens,1308.12,3.8,Credit Card,15,2,0.133,0.28,3,0,0
102975,1237,Electronics,9138.58,33.2,Netbanking,13,4,0.308,0.09,13,0,0
102976,1406,Apparel - Womens,2251.52,4.0,Debit Card,11,4,0.364,0.28,50,1,1
102977,1284,Home & Kitchen,2772.18,15.2,Credit Card,11,5,0.455,0.07,6,2,1
102978,1986,Mobile Accessories,615.89,6.3,Netbanking,9,2,0.222,0.06,44,1,0
102979,1988,Apparel - Womens,312.59,14.6,UPI,9,0,0.0,0.28,20,0,1
102980,613,Beauty,778.13,2.6,COD,13,1,0.077,0.05,12,0,0
102981,702,Apparel - Womens,2432.09,8.2,UPI,9,0,0.0,0.28,44,3,0
102982,2169,Footwear,2267.45,28.3,UPI,11,1,0.091,0.24,39,3,0
102983,889,Apparel - Mens,813.45,18.8,UPI,16,4,0.25,0.19,8,2,0
102984,1367,Furniture,10344.34,13.0,UPI,14,5,0.357,0.11,14,1,0
102985,371,Beauty,1400.35,16.6,COD,15,1,0.067,0.05,61,0,0
102986,509,Furniture,8292.76,11.4,Credit Card,17,4,0.235,0.11,33,0,0
102987,1704,Apparel - Womens,1634.73,6.1,UPI,8,3,0.375,0.28,13,1,1
102988,388,Furniture,2420.26,12.2,Credit Card,13,5,0.385,0.11,38,2,0
102989,77,Apparel - Womens,2340.0,8.9,COD,12,4,0.333,0.28,37,2,0
102990,1047,Home & Kitchen,2186.55,30.2,Netbanking,16,4,0.25,0.07,0,0,1
102991,2054,Apparel - Womens,1650.52,2.1,Credit Card,5,1,0.2,0.28,0,2,1
102992,186,Beauty,1028.73,8.0,Credit Card,12,4,0.333,0.05,32,3,0
102993,489,Apparel - Mens,1385.59,8.9,COD,17,0,0.0,0.19,59,3,0
102994,1324,Electronics,5428.05,3.0,UPI,11,2,0.182,0.09,38,1,0
102995,1771,Electronics,5620.38,4.5,Credit Card,15,0,0.0,0.09,78,2,0
102996,2003,Home & Kitchen,1878.31,7.2,COD,11,0,0.0,0.07,47,2,0
102997,884,Apparel - Mens,553.0,13.9,COD,13,2,0.154,0.19,0,2,0
102998,339,Footwear,596.55,16.0,COD,16,0,0.0,0.24,28,2,1
102999,2017,Apparel - Womens,1413.7,10.4,COD,12,2,0.167,0.28,34,1,0
103000,742,Footwear,1553.24,25.5,UPI,13,0,0.0,0.24,17,2,1
103001,32,Apparel - Mens,152.1,10.3,UPI,14,5,0.357,0.19,2,2,1
103002,455,Footwear,3221.91,19.8,Debit Card,11,1,0.091,0.24,48,1,0
103003,2043,Apparel - Mens,1135.17,4.9,Credit Card,17,1,0.059,0.19,141,1,0
103004,58,Apparel - Womens,1162.1,11.7,UPI,14,1,0.071,0.28,35,1,1
103005,1151,Mobile Accessories,849.91,0.6,COD,10,6,0.6,0.06,28,0,0
103006,1061,Home & Kitchen,2061.0,19.2,Credit Card,8,1,0.125,0.07,15,2,0
103007,250,Beauty,1225.57,37.5,Debit Card,9,2,0.222,0.05,17,0,0
103008,1328,Apparel - Mens,1508.92,0.4,Credit Card,17,2,0.118,0.19,70,2,0
103009,1067,Furniture,8090.91,21.9,Credit Card,12,2,0.167,0.11,10,2,0
103010,1544,Beauty,786.07,6.7,COD,10,6,0.6,0.05,46,0,0
103011,804,Footwear,3211.57,35.9,UPI,12,6,0.5,0.24,68,1,1
103012,302,Home & Kitchen,1443.09,12.7,COD,14,0,0.0,0.07,0,3,0
103013,1067,Home & Kitchen,2184.81,14.6,Netbanking,12,2,0.167,0.07,1,1,1
103014,2106,Home & Kitchen,4558.09,22.4,Credit Card,9,4,0.444,0.07,2,2,0
103015,2035,Mobile Accessories,226.62,8.1,COD,15,4,0.267,0.06,8,1,0
103016,2027,Apparel - Womens,905.79,21.4,Debit Card,9,0,0.0,0.28,5,0,0
103017,361,Apparel - Mens,1755.0,16.5,UPI,10,5,0.5,0.19,64,1,1
103018,331,Home & Kitchen,981.54,14.8,UPI,10,3,0.3,0.07,36,1,0
103019,1355,Apparel - Mens,1885.45,7.9,COD,7,0,0.0,0.19,30,1,0
103020,1099,Apparel - Womens,2629.87,4.5,COD,11,2,0.182,0.28,34,0,1
103021,603,Home & Kitchen,1777.82,5.8,COD,12,4,0.333,0.07,18,1,0
103022,1527,Footwear,2991.8,7.0,COD,13,6,0.462,0.24,25,0,0
103023,1047,Apparel - Womens,1418.13,13.4,UPI,16,4,0.25,0.28,8,0,0
103024,1621,Apparel - Mens,2172.98,2.1,UPI,11,0,0.0,0.19,80,2,0
103025,244,Mobile Accessories,702.7,17.2,Credit Card,8,1,0.125,0.06,41,1,0
103026,131,Furniture,4924.14,4.6,UPI,12,3,0.25,0.11,16,2,1
103027,966,Electronics,2409.07,11.3,UPI,12,4,0.333,0.09,8,1,1
103028,386,Apparel - Womens,2893.75,1.7,Credit Card,10,5,0.5,0.28,41,0,0
103029,2119,Beauty,1394.79,14.4,UPI,10,0,0.0,0.05,43,1,0
103030,598,Home & Kitchen,1700.78,25.1,Credit Card,19,5,0.263,0.07,32,0,1
103031,2191,Apparel - Mens,1297.29,3.3,UPI,17,2,0.118,0.19,5,1,0
103032,178,Electronics,5529.78,27.6,UPI,13,1,0.077,0.09,56,1,0
103033,375,Beauty,1338.81,6.3,UPI,8,3,0.375,0.05,51,2,1
103034,1720,Furniture,4422.44,32.7,Debit Card,21,2,0.095,0.11,2,0,0
103035,1323,Mobile Accessories,863.04,11.1,COD,9,0,0.0,0.06,0,2,0
103036,1189,Furniture,10668.12,13.5,UPI,10,1,0.1,0.11,56,0,0
103037,289,Apparel - Mens,1648.58,5.3,Debit Card,10,1,0.1,0.19,29,2,0
103038,1819,Apparel - Mens,981.17,6.8,UPI,10,3,0.3,0.19,7,3,0
103039,1041,Beauty,747.54,4.3,Credit Card,12,1,0.083,0.05,84,0,1
103040,702,Electronics,4494.83,10.4,UPI,9,0,0.0,0.09,13,0,0
103041,48,Home & Kitchen,2615.82,6.9,COD,15,4,0.267,0.07,6,3,0
103042,632,Apparel - Womens,1954.64,21.6,COD,12,0,0.0,0.28,16,0,0
103043,1780,Beauty,1262.34,10.4,COD,10,1,0.1,0.05,23,2,0
103044,285,Beauty,919.18,6.3,COD,10,1,0.1,0.05,11,1,0
103045,1659,Apparel - Mens,1562.01,15.0,Debit Card,11,0,0.0,0.19,16,1,0
103046,2039,Furniture,14665.16,23.8,UPI,14,3,0.214,0.11,2,3,0
103047,477,Apparel - Mens,1096.09,0.5,Debit Card,13,0,0.0,0.19,7,3,0
103048,740,Beauty,1323.95,7.2,Credit Card,15,2,0.133,0.05,4,0,1
103049,145,Apparel - Womens,2208.69,10.9,COD,12,5,0.417,0.28,7,0,1
103050,1682,Apparel - Womens,2708.81,15.4,COD,14,1,0.071,0.28,9,1,0
103051,2184,Beauty,348.74,4.0,UPI,14,4,0.286,0.05,18,0,0
103052,897,Mobile Accessories,1343.89,5.6,COD,16,4,0.25,0.06,1,2,0
103053,1866,Beauty,1577.22,1.5,COD,14,2,0.143,0.05,2,1,0
103054,935,Apparel - Womens,3177.23,0.2,Debit Card,12,2,0.167,0.28,7,1,1
103055,276,Electronics,6464.77,15.2,UPI,9,1,0.111,0.09,1,3,1
103056,274,Apparel - Mens,1564.94,39.2,Debit Card,14,0,0.0,0.19,35,1,0
103057,1328,Apparel - Womens,911.04,10.9,Credit Card,17,2,0.118,0.28,25,0,0
103058,1990,Mobile Accessories,983.62,2.7,COD,13,4,0.308,0.06,39,2,0
103059,2064,Home & Kitchen,2503.99,8.5,COD,10,1,0.1,0.07,3,2,1
103060,1765,Apparel - Mens,1958.54,2.5,COD,15,1,0.067,0.19,41,0,0
103061,1510,Electronics,4552.05,12.9,Debit Card,10,1,0.1,0.09,78,1,0
103062,614,Beauty,359.53,0.5,COD,12,3,0.25,0.05,118,3,0
103063,1272,Mobile Accessories,862.54,17.4,Debit Card,12,0,0.0,0.06,59,3,0
103064,1505,Mobile Accessories,1059.33,5.7,Debit Card,8,1,0.125,0.06,27,4,0
103065,1312,Mobile Accessories,275.52,12.4,UPI,11,4,0.364,0.06,11,0,0
103066,243,Beauty,1108.35,17.8,COD,12,1,0.083,0.05,1,2,0
103067,557,Apparel - Mens,2347.25,22.7,COD,17,0,0.0,0.19,46,1,0
103068,365,Apparel - Womens,1297.31,10.5,UPI,11,4,0.364,0.28,10,0,1
103069,411,Home & Kitchen,4387.14,0.9,UPI,14,2,0.143,0.07,28,1,1
103070,624,Beauty,784.63,14.3,Debit Card,13,5,0.385,0.05,72,2,1
103071,1124,Home & Kitchen,2959.32,4.0,UPI,12,4,0.333,0.07,3,2,0
103072,548,Furniture,6945.52,5.7,UPI,16,4,0.25,0.11,41,0,0
103073,1832,Mobile Accessories,1021.34,28.2,Debit Card,17,2,0.118,0.06,6,0,0
103074,1136,Furniture,7010.17,28.2,COD,14,1,0.071,0.11,46,2,0
103075,1815,Apparel - Womens,1537.73,6.7,UPI,8,1,0.125,0.28,1,1,0
103076,1553,Home & Kitchen,1558.6,23.8,Netbanking,9,3,0.333,0.07,20,1,0
103077,1125,Electronics,7541.61,13.5,UPI,7,0,0.0,0.09,93,2,0
103078,1046,Footwear,3257.04,24.6,COD,17,7,0.412,0.24,35,1,0
103079,258,Furniture,2226.32,7.1,Netbanking,14,7,0.5,0.11,17,0,0
103080,7,Mobile Accessories,338.64,26.2,COD,15,4,0.267,0.06,10,1,0
103081,1304,Apparel - Womens,1703.55,2.8,Credit Card,13,4,0.308,0.28,3,4,1
103082,1560,Apparel - Womens,1283.33,10.4,UPI,11,0,0.0,0.28,43,1,0
103083,1601,Mobile Accessories,750.05,11.8,Credit Card,7,3,0.429,0.06,25,1,0
103084,1492,Mobile Accessories,1036.66,25.9,Credit Card,10,2,0.2,0.06,6,2,0
103085,795,Apparel - Mens,1253.28,6.8,Debit Card,13,3,0.231,0.19,38,2,1
103086,691,Electronics,11416.79,4.7,Debit Card,13,1,0.077,0.09,122,3,1
103087,1207,Mobile Accessories,368.27,10.5,Credit Card,14,0,0.0,0.06,32,3,0
103088,237,Home & Kitchen,2754.57,6.3,UPI,13,4,0.308,0.07,9,1,0
103089,2089,Home & Kitchen,1058.62,9.2,UPI,11,0,0.0,0.07,6,0,0
103090,1636,Beauty,1042.61,4.4,COD,11,2,0.182,0.05,105,0,0
103091,1671,Apparel - Womens,1705.43,11.8,UPI,12,2,0.167,0.28,8,1,0
103092,1776,Apparel - Womens,2132.22,27.0,Credit Card,11,3,0.273,0.28,18,3,1
103093,1875,Footwear,2476.02,31.4,COD,15,0,0.0,0.24,31,1,0
103094,946,Home & Kitchen,2323.32,23.9,UPI,14,6,0.429,0.07,21,1,0
103095,1462,Beauty,807.78,9.5,COD,15,0,0.0,0.05,16,1,0
103096,644,Home & Kitchen,351.24,13.7,COD,11,4,0.364,0.07,17,2,0
103097,806,Apparel - Mens,2283.55,13.9,UPI,16,1,0.062,0.19,62,1,0
103098,467,Apparel - Womens,1489.9,1.5,UPI,14,2,0.143,0.28,42,0,0
103099,491,Home & Kitchen,2954.56,10.1,UPI,11,1,0.091,0.07,71,1,1
103100,1020,Apparel - Womens,1849.64,1.6,UPI,10,3,0.3,0.28,83,1,1
103101,1681,Footwear,1640.59,31.0,UPI,14,2,0.143,0.24,16,3,1
103102,1583,Furniture,8203.96,9.6,Netbanking,10,2,0.2,0.11,7,2,0
103103,1105,Apparel - Mens,1251.89,27.8,Credit Card,11,1,0.091,0.19,21,0,0
103104,1592,Beauty,250.68,11.5,Debit Card,7,1,0.143,0.05,12,1,0
103105,1456,Apparel - Mens,2137.76,41.9,UPI,18,1,0.056,0.19,8,1,0
103106,2120,Beauty,1181.24,13.2,Credit Card,11,2,0.182,0.05,16,1,1
103107,2065,Electronics,6484.96,9.4,COD,17,1,0.059,0.09,5,1,0
103108,553,Furniture,9122.6,17.0,Debit Card,18,1,0.056,0.11,57,1,0
103109,391,Footwear,2154.76,13.8,Debit Card,9,2,0.222,0.24,0,1,1
103110,258,Beauty,1013.27,22.9,Credit Card,14,7,0.5,0.05,17,1,1
103111,1355,Apparel - Womens,974.17,11.7,Debit Card,7,0,0.0,0.28,150,1,1
103112,908,Apparel - Mens,699.29,19.7,COD,8,1,0.125,0.19,2,0,0
103113,1021,Apparel - Mens,2442.35,5.2,Credit Card,16,7,0.438,0.19,26,1,0
103114,1474,Apparel - Womens,2504.17,13.8,Credit Card,11,0,0.0,0.28,6,3,0
103115,50,Home & Kitchen,1855.89,18.2,UPI,8,0,0.0,0.07,76,2,0
103116,1218,Beauty,1229.4,7.0,Credit Card,9,0,0.0,0.05,54,1,0
103117,191,Beauty,956.34,16.3,COD,15,4,0.267,0.05,25,1,0
103118,911,Beauty,1109.14,10.3,Credit Card,18,2,0.111,0.05,123,0,0
103119,1518,Footwear,2900.38,19.6,UPI,11,7,0.636,0.24,62,0,1
103120,1539,Apparel - Womens,1254.66,7.8,COD,9,1,0.111,0.28,77,2,1
103121,1881,Footwear,3624.96,3.4,COD,12,2,0.167,0.24,21,0,0
103122,1264,Electronics,4578.45,1.7,COD,15,0,0.0,0.09,76,2,0
103123,127,Beauty,438.72,8.6,COD,10,1,0.1,0.05,24,2,0
103124,85,Footwear,4457.6,5.3,UPI,11,4,0.364,0.24,12,1,0
103125,361,Apparel - Mens,972.07,5.2,COD,10,5,0.5,0.19,24,0,0
103126,804,Apparel - Mens,1670.22,5.2,Credit Card,12,6,0.5,0.19,7,1,1
103127,1757,Apparel - Womens,2574.42,10.0,COD,13,7,0.538,0.28,17,0,0
103128,419,Electronics,6450.44,29.8,Credit Card,9,2,0.222,0.09,10,1,0
103129,1728,Beauty,874.82,14.1,UPI,12,2,0.167,0.05,4,1,0
103130,1624,Electronics,5751.35,3.7,COD,8,1,0.125,0.09,68,0,0
103131,534,Home & Kitchen,2935.87,1.2,COD,13,3,0.231,0.07,13,1,0
103132,1708,Electronics,5055.28,16.8,Credit Card,12,4,0.333,0.09,8,2,1
103133,2125,Beauty,1307.75,2.0,COD,11,3,0.273,0.05,24,1,1
103134,1107,Apparel - Womens,1096.59,25.4,Credit Card,8,3,0.375,0.28,3,0,1
103135,1788,Beauty,251.02,9.4,Credit Card,13,8,0.615,0.05,3,0,0
103136,93,Apparel - Womens,1714.38,23.8,Netbanking,12,0,0.0,0.28,24,1,1
103137,416,Mobile Accessories,415.59,28.9,UPI,10,1,0.1,0.06,18,2,1
103138,161,Home & Kitchen,2247.36,11.2,Credit Card,11,1,0.091,0.07,63,0,0
103139,1412,Mobile Accessories,326.24,19.3,Credit Card,10,2,0.2,0.06,28,0,0
103140,1433,Home & Kitchen,2786.44,6.7,Credit Card,16,1,0.062,0.07,16,1,1
103141,1249,Apparel - Womens,1402.51,17.8,UPI,10,2,0.2,0.28,41,1,0
103142,1769,Apparel - Mens,1184.31,2.9,Credit Card,18,4,0.222,0.19,42,1,0
103143,1922,Home & Kitchen,2025.05,5.7,Credit Card,16,0,0.0,0.07,25,0,0
103144,1469,Home & Kitchen,3977.35,25.8,UPI,9,4,0.444,0.07,34,1,0
103145,1936,Furniture,5053.25,9.6,UPI,12,3,0.25,0.11,27,3,0
103146,1256,Beauty,1488.87,17.4,Debit Card,11,0,0.0,0.05,51,3,0
103147,1299,Apparel - Mens,1462.43,16.1,Credit Card,16,6,0.375,0.19,57,2,0
103148,1754,Beauty,1031.42,16.3,UPI,14,8,0.571,0.05,149,2,0
103149,764,Beauty,1005.0,9.7,UPI,15,6,0.4,0.05,3,1,0
103150,185,Apparel - Mens,152.52,9.1,COD,13,4,0.308,0.19,8,0,0
103151,2112,Apparel - Mens,1497.78,13.9,Credit Card,11,2,0.182,0.19,27,2,0
103152,1377,Apparel - Womens,820.45,22.4,UPI,12,0,0.0,0.28,36,1,0
103153,30,Mobile Accessories,801.36,26.0,UPI,12,7,0.583,0.06,15,1,0
103154,747,Footwear,3657.38,10.5,Credit Card,14,0,0.0,0.24,17,1,0
103155,688,Footwear,3393.21,17.8,Credit Card,14,4,0.286,0.24,5,1,1
103156,1256,Home & Kitchen,3696.26,16.0,Credit Card,11,0,0.0,0.07,83,1,0
103157,794,Home & Kitchen,1312.38,7.9,Credit Card,12,0,0.0,0.07,8,1,0
103158,847,Beauty,435.1,6.2,Credit Card,12,0,0.0,0.05,16,2,0
103159,1582,Electronics,5833.01,2.3,COD,13,0,0.0,0.09,17,1,0
103160,1082,Apparel - Womens,1621.28,15.1,Credit Card,18,6,0.333,0.28,7,0,0
103161,2013,Mobile Accessories,403.19,13.6,Debit Card,11,1,0.091,0.06,21,2,0
103162,1355,Home & Kitchen,2460.16,5.4,Netbanking,7,0,0.0,0.07,5,0,0
103163,1305,Furniture,11045.86,20.0,UPI,10,2,0.2,0.11,46,1,1
103164,912,Apparel - Womens,1859.4,7.6,Credit Card,12,1,0.083,0.28,107,1,0
103165,1322,Beauty,728.82,13.5,UPI,15,0,0.0,0.05,112,2,0
103166,709,Home & Kitchen,3903.97,27.5,UPI,13,6,0.462,0.07,7,0,0
103167,644,Apparel - Mens,2793.81,4.6,Credit Card,11,4,0.364,0.19,42,2,1
103168,2184,Electronics,7140.15,11.2,UPI,14,4,0.286,0.09,5,0,0
103169,878,Electronics,1561.05,6.3,Credit Card,17,1,0.059,0.09,12,4,0
103170,1722,Electronics,6010.74,4.4,Credit Card,15,2,0.133,0.09,4,2,0
103171,339,Beauty,1357.48,21.4,UPI,16,0,0.0,0.05,13,0,0
103172,1974,Apparel - Womens,1617.05,9.1,Debit Card,12,1,0.083,0.28,24,1,0
103173,1719,Beauty,1284.33,15.1,Credit Card,7,1,0.143,0.05,19,1,0
103174,608,Beauty,992.36,9.0,Credit Card,11,3,0.273,0.05,17,1,0
103175,311,Furniture,6658.49,11.2,COD,15,1,0.067,0.11,29,4,0
103176,1912,Apparel - Mens,1505.69,14.3,COD,11,5,0.455,0.19,58,0,0
103177,1425,Furniture,6602.91,18.0,COD,13,1,0.077,0.11,9,1,0
103178,2174,Home & Kitchen,4072.4,5.7,COD,19,5,0.263,0.07,12,2,0
103179,1852,Furniture,6658.47,2.7,Credit Card,12,0,0.0,0.11,22,2,0
103180,1977,Mobile Accessories,334.34,5.9,UPI,12,1,0.083,0.06,13,2,0
103181,1010,Apparel - Womens,1813.47,0.6,Credit Card,8,0,0.0,0.28,51,0,0
103182,886,Beauty,1106.02,16.7,UPI,13,4,0.308,0.05,56,0,0
103183,724,Beauty,964.89,17.1,Credit Card,14,0,0.0,0.05,55,1,0
103184,1898,Furniture,7617.01,22.4,COD,13,1,0.077,0.11,5,2,0
103185,469,Apparel - Mens,1510.41,18.2,UPI,8,1,0.125,0.19,18,0,1
103186,1226,Electronics,6176.39,20.4,Credit Card,11,7,0.636,0.09,21,0,0
103187,1518,Apparel - Mens,3431.63,18.7,COD,11,7,0.636,0.19,58,1,1
103188,444,Furniture,6878.39,11.6,Credit Card,15,1,0.067,0.11,62,1,0
103189,535,Apparel - Mens,3017.07,22.2,Credit Card,13,1,0.077,0.19,17,1,0
103190,2031,Apparel - Womens,3248.3,2.2,Credit Card,11,3,0.273,0.28,30,1,0
103191,1480,Electronics,3907.42,2.6,Credit Card,9,2,0.222,0.09,0,1,0
103192,548,Footwear,2797.08,18.3,UPI,16,4,0.25,0.24,22,0,0
103193,902,Home & Kitchen,2108.5,10.0,UPI,17,11,0.647,0.07,11,2,1
103194,2093,Electronics,280.25,5.0,COD,10,2,0.2,0.09,31,1,0
103195,130,Apparel - Womens,2099.81,4.3,Credit Card,12,1,0.083,0.28,109,0,0
103196,1345,Electronics,10740.32,16.0,Netbanking,13,3,0.231,0.09,20,2,0
103197,109,Electronics,7445.53,18.2,UPI,12,6,0.5,0.09,46,1,0
103198,1187,Electronics,4461.24,8.3,COD,8,0,0.0,0.09,10,0,0
103199,1887,Home & Kitchen,1612.85,20.0,Netbanking,10,0,0.0,0.07,99,1,0
103200,1427,Apparel - Mens,1248.53,2.9,UPI,9,0,0.0,0.19,49,2,0
103201,365,Home & Kitchen,1789.81,5.9,COD,11,4,0.364,0.07,13,2,0
103202,1056,Mobile Accessories,949.74,12.0,COD,9,1,0.111,0.06,18,1,0
103203,2122,Home & Kitchen,533.56,8.2,UPI,15,7,0.467,0.07,27,1,0
103204,2118,Apparel - Mens,1498.01,11.1,COD,10,6,0.6,0.19,59,0,0
103205,842,Apparel - Mens,1848.88,20.8,Credit Card,12,5,0.417,0.19,132,1,0
103206,9,Apparel - Womens,2147.28,5.4,Debit Card,15,5,0.333,0.28,15,1,1
103207,497,Footwear,2799.3,4.8,Credit Card,17,0,0.0,0.24,0,1,0
103208,349,Home & Kitchen,2616.82,5.4,UPI,11,1,0.091,0.07,25,0,0
103209,2189,Apparel - Womens,2673.26,9.9,UPI,12,6,0.5,0.28,58,0,1
103210,8,Beauty,813.16,1.1,Credit Card,16,0,0.0,0.05,18,0,0
103211,1159,Apparel - Womens,3411.71,14.8,UPI,13,2,0.154,0.28,35,1,1
103212,860,Apparel - Womens,837.51,10.2,COD,10,3,0.3,0.28,19,1,0
103213,1472,Apparel - Womens,2453.97,11.4,UPI,11,2,0.182,0.28,1,0,0
103214,485,Apparel - Mens,1495.79,6.0,UPI,16,5,0.312,0.19,17,0,0
103215,608,Beauty,1191.4,2.0,Credit Card,11,3,0.273,0.05,9,3,0
103216,516,Beauty,344.7,4.9,Debit Card,11,3,0.273,0.05,90,2,0
103217,403,Footwear,1871.8,8.9,Debit Card,17,2,0.118,0.24,21,0,0
103218,1599,Furniture,10929.49,19.6,Debit Card,15,0,0.0,0.11,24,3,0
103219,406,Apparel - Mens,1500.88,15.6,Netbanking,11,2,0.182,0.19,98,1,0
103220,1075,Mobile Accessories,944.59,25.0,Credit Card,6,0,0.0,0.06,9,4,0
103221,1009,Furniture,7828.84,8.3,Debit Card,11,1,0.091,0.11,159,1,0
103222,1038,Apparel - Womens,1950.24,1.3,Credit Card,11,1,0.091,0.28,33,1,0
103223,2135,Apparel - Womens,1057.6,8.5,Credit Card,13,6,0.462,0.28,26,2,0
103224,1793,Electronics,1212.17,28.4,COD,12,1,0.083,0.09,10,2,0
103225,852,Beauty,975.95,15.1,COD,13,0,0.0,0.05,24,1,0
103226,788,Electronics,3248.83,15.4,COD,14,0,0.0,0.09,68,1,0
103227,528,Footwear,734.96,4.4,Debit Card,7,0,0.0,0.24,120,2,0
103228,1459,Mobile Accessories,798.59,24.2,UPI,9,2,0.222,0.06,13,0,0
103229,1522,Mobile Accessories,509.25,34.0,Debit Card,12,1,0.083,0.06,1,0,0
103230,1893,Beauty,194.26,9.1,UPI,19,3,0.158,0.05,57,2,0
103231,1903,Footwear,1040.53,4.5,UPI,14,3,0.214,0.24,1,1,1
103232,1050,Apparel - Mens,150.0,8.9,Credit Card,15,12,0.8,0.19,8,0,1
103233,1510,Footwear,3350.42,3.6,Credit Card,10,1,0.1,0.24,103,0,0
103234,77,Beauty,1517.61,6.4,Netbanking,12,4,0.333,0.05,11,2,0
103235,1627,Apparel - Mens,3055.35,11.5,Credit Card,13,1,0.077,0.19,56,1,0
103236,1184,Mobile Accessories,353.47,6.3,UPI,10,4,0.4,0.06,66,2,0
103237,2176,Footwear,3104.49,7.3,UPI,10,2,0.2,0.24,11,2,0
103238,562,Apparel - Womens,1936.72,11.2,COD,13,2,0.154,0.28,26,3,1
103239,615,Beauty,457.02,18.4,Credit Card,12,4,0.333,0.05,22,2,0
103240,2009,Apparel - Womens,1527.11,20.4,UPI,17,1,0.059,0.28,100,3,0
103241,14,Home & Kitchen,1689.53,0.9,Credit Card,10,0,0.0,0.07,3,0,0
103242,39,Home & Kitchen,1189.45,19.2,Credit Card,15,1,0.067,0.07,10,0,0
103243,1532,Electronics,4460.07,8.6,Credit Card,13,4,0.308,0.09,12,0,0
103244,1528,Footwear,1540.56,10.4,Credit Card,10,1,0.1,0.24,8,3,0
103245,2091,Electronics,1079.53,3.1,Debit Card,13,4,0.308,0.09,16,1,0
103246,1501,Apparel - Womens,1605.6,18.0,COD,10,3,0.3,0.28,41,0,1
103247,164,Beauty,907.68,31.5,UPI,14,3,0.214,0.05,31,1,1
103248,2199,Beauty,942.79,8.5,COD,15,4,0.267,0.05,14,0,1
103249,1409,Beauty,1504.76,11.8,Debit Card,10,1,0.1,0.05,9,2,0
103250,711,Beauty,1404.25,11.2,UPI,13,1,0.077,0.05,29,0,0
103251,2034,Furniture,3573.46,13.4,UPI,16,0,0.0,0.11,55,2,0
103252,1572,Footwear,1433.54,11.8,Credit Card,9,0,0.0,0.24,128,4,0
103253,1075,Home & Kitchen,1689.58,31.5,COD,6,0,0.0,0.07,17,3,0
103254,1951,Furniture,11905.99,13.7,Credit Card,12,1,0.083,0.11,6,2,0
103255,1951,Home & Kitchen,1881.54,1.4,COD,12,1,0.083,0.07,46,2,0
103256,1098,Mobile Accessories,434.17,13.5,Netbanking,13,6,0.462,0.06,71,0,0
103257,1101,Electronics,6416.71,3.3,COD,12,1,0.083,0.09,59,0,0
103258,2087,Apparel - Womens,2191.89,7.0,UPI,11,4,0.364,0.28,58,3,0
103259,1075,Apparel - Mens,1318.6,35.7,UPI,6,0,0.0,0.19,67,0,1
103260,2015,Apparel - Womens,2328.86,1.9,COD,16,1,0.062,0.28,7,1,0
103261,1134,Footwear,2319.19,13.8,COD,9,2,0.222,0.24,23,1,0
103262,848,Home & Kitchen,2718.87,21.7,UPI,11,1,0.091,0.07,24,0,0
103263,941,Furniture,10007.89,7.5,Credit Card,9,4,0.444,0.11,54,1,1
103264,896,Apparel - Womens,744.25,24.3,UPI,15,4,0.267,0.28,6,0,0
103265,297,Home & Kitchen,735.77,18.5,Credit Card,12,3,0.25,0.07,61,0,1
103266,1941,Footwear,1567.83,21.1,UPI,13,2,0.154,0.24,11,3,0
103267,210,Apparel - Womens,1787.41,24.9,UPI,9,1,0.111,0.28,29,0,1
103268,68,Apparel - Womens,1746.22,8.9,COD,15,0,0.0,0.28,14,1,0
103269,214,Apparel - Womens,2483.89,36.6,UPI,11,4,0.364,0.28,50,0,1
103270,692,Beauty,726.12,3.9,Netbanking,13,6,0.462,0.05,27,2,0
103271,855,Beauty,309.44,0.9,Credit Card,12,1,0.083,0.05,8,3,0
103272,81,Footwear,1719.04,2.9,Debit Card,14,2,0.143,0.24,126,0,1
103273,1110,Beauty,878.68,8.3,Credit Card,10,0,0.0,0.05,56,1,0
103274,1998,Electronics,5894.42,7.6,Credit Card,14,7,0.5,0.09,6,2,0
103275,621,Beauty,1362.92,5.6,UPI,14,4,0.286,0.05,11,1,0
103276,262,Footwear,4789.88,4.0,Credit Card,11,5,0.455,0.24,2,1,0
103277,1004,Mobile Accessories,557.3,15.0,UPI,17,1,0.059,0.06,33,1,0
103278,1170,Mobile Accessories,439.8,2.4,UPI,18,9,0.5,0.06,1,0,0
103279,21,Electronics,5145.92,25.8,UPI,10,2,0.2,0.09,6,1,0
103280,1259,Mobile Accessories,965.13,17.5,UPI,11,1,0.091,0.06,73,0,0
103281,1230,Mobile Accessories,1027.53,9.6,UPI,8,1,0.125,0.06,124,2,0
103282,2171,Furniture,7645.09,28.7,Credit Card,10,0,0.0,0.11,17,1,0
103283,1221,Apparel - Womens,2692.92,6.5,UPI,11,0,0.0,0.28,26,1,0
103284,1861,Apparel - Mens,1552.88,12.4,UPI,21,1,0.048,0.19,21,1,0
103285,436,Home & Kitchen,2475.3,2.6,Credit Card,17,6,0.353,0.07,47,1,0
103286,2093,Footwear,3767.62,25.8,COD,10,2,0.2,0.24,12,1,1
103287,458,Apparel - Mens,1813.33,5.9,Credit Card,12,3,0.25,0.19,2,0,0
103288,1368,Mobile Accessories,1299.57,14.0,Credit Card,16,3,0.188,0.06,135,1,0
103289,2170,Apparel - Mens,796.41,22.5,Credit Card,11,0,0.0,0.19,35,0,0
103290,1764,Electronics,3139.05,6.1,COD,13,2,0.154,0.09,63,0,0
103291,795,Apparel - Womens,1517.79,30.2,COD,13,3,0.231,0.28,72,1,0
103292,1220,Footwear,3197.81,5.0,Credit Card,13,0,0.0,0.24,31,0,0
103293,697,Apparel - Womens,2681.92,4.1,UPI,10,0,0.0,0.28,20,2,0
103294,177,Apparel - Womens,1556.87,7.2,Credit Card,14,4,0.286,0.28,74,2,0
103295,2079,Home & Kitchen,3003.32,28.4,Credit Card,13,0,0.0,0.07,13,0,0
103296,1884,Apparel - Mens,1088.51,6.3,COD,13,5,0.385,0.19,19,2,0
103297,47,Beauty,1090.54,11.1,UPI,8,1,0.125,0.05,11,2,0
103298,1109,Electronics,8070.91,10.1,Credit Card,10,5,0.5,0.09,18,0,1
103299,2127,Home & Kitchen,2641.48,2.8,COD,11,1,0.091,0.07,11,1,0
103300,988,Home & Kitchen,1025.68,23.5,Credit Card,7,1,0.143,0.07,58,2,0
103301,353,Electronics,5320.13,15.0,UPI,13,3,0.231,0.09,6,1,0
103302,292,Apparel - Womens,1093.77,7.4,UPI,11,0,0.0,0.28,99,0,0
103303,1403,Furniture,13131.18,21.7,COD,7,2,0.286,0.11,23,0,0
103304,1696,Mobile Accessories,1060.18,10.2,Credit Card,12,1,0.083,0.06,10,1,0
103305,110,Mobile Accessories,996.83,17.7,COD,11,1,0.091,0.06,4,0,0
103306,1313,Electronics,5933.64,2.3,UPI,4,0,0.0,0.09,121,3,0
103307,702,Beauty,766.01,15.9,COD,9,0,0.0,0.05,12,2,0
103308,1093,Beauty,1219.19,10.3,UPI,13,1,0.077,0.05,73,2,0
103309,2127,Home & Kitchen,2214.97,8.8,COD,11,1,0.091,0.07,1,2,0
103310,313,Home & Kitchen,1236.53,8.6,Debit Card,12,4,0.333,0.07,124,0,0
103311,1446,Home & Kitchen,1878.24,8.6,UPI,11,6,0.545,0.07,21,1,1
103312,1371,Footwear,2955.87,0.8,COD,13,3,0.231,0.24,83,2,0
103313,262,Electronics,4817.59,6.6,COD,11,5,0.455,0.09,10,1,0
103314,820,Home & Kitchen,2568.47,6.7,Credit Card,13,2,0.154,0.07,49,2,0
103315,917,Beauty,1169.95,15.3,Credit Card,13,3,0.231,0.05,45,1,0
103316,1490,Electronics,2653.94,17.9,Credit Card,17,4,0.235,0.09,2,2,0
103317,918,Apparel - Mens,1235.08,13.0,UPI,7,3,0.429,0.19,6,2,0
103318,1182,Apparel - Womens,710.81,12.5,UPI,7,0,0.0,0.28,8,1,1
103319,2072,Apparel - Womens,150.0,6.9,Debit Card,9,1,0.111,0.28,18,1,1
103320,217,Beauty,1367.14,5.9,Credit Card,11,2,0.182,0.05,55,0,0
103321,169,Electronics,10023.75,1.5,Credit Card,12,2,0.167,0.09,0,0,0
103322,360,Apparel - Womens,1849.93,3.2,UPI,16,1,0.062,0.28,25,1,0
103323,1097,Furniture,6226.73,5.2,COD,13,2,0.154,0.11,4,1,0
103324,635,Home & Kitchen,3265.76,5.7,COD,14,6,0.429,0.07,11,2,0
103325,1237,Electronics,4601.67,11.4,COD,13,4,0.308,0.09,17,2,0
103326,2108,Apparel - Womens,3296.36,23.8,UPI,16,1,0.062,0.28,75,1,0
103327,2183,Apparel - Womens,3536.5,8.7,UPI,17,5,0.294,0.28,29,0,0
103328,72,Beauty,369.87,11.1,Netbanking,13,2,0.154,0.05,11,1,0
103329,432,Furniture,13032.65,3.0,COD,8,1,0.125,0.11,34,0,0
103330,1023,Apparel - Womens,1188.82,8.1,Debit Card,8,3,0.375,0.28,29,0,0
103331,154,Apparel - Mens,2753.39,21.6,Debit Card,12,1,0.083,0.19,53,0,1
103332,125,Home & Kitchen,2780.53,11.6,Credit Card,13,1,0.077,0.07,0,2,0
103333,1859,Furniture,9487.35,24.7,Credit Card,11,2,0.182,0.11,9,1,0
103334,442,Apparel - Mens,1942.82,5.8,UPI,11,0,0.0,0.19,55,2,0
103335,355,Apparel - Mens,861.32,0.5,Debit Card,15,3,0.2,0.19,6,1,1
103336,1664,Apparel - Mens,1322.87,1.2,Debit Card,18,4,0.222,0.19,56,1,0
103337,1489,Mobile Accessories,825.38,38.3,UPI,9,4,0.444,0.06,7,1,1
103338,1390,Mobile Accessories,1097.89,1.9,Credit Card,12,2,0.167,0.06,8,1,0
103339,2030,Footwear,5020.74,9.2,Credit Card,8,2,0.25,0.24,1,3,0
103340,337,Footwear,2860.77,2.6,Debit Card,16,2,0.125,0.24,52,2,0
103341,176,Apparel - Mens,1713.51,6.7,UPI,11,0,0.0,0.19,41,1,0
103342,1737,Apparel - Womens,1952.69,18.0,Credit Card,12,1,0.083,0.28,61,0,0
103343,1247,Electronics,6889.51,22.6,UPI,8,2,0.25,0.09,47,1,0
103344,1539,Mobile Accessories,858.1,8.7,UPI,9,1,0.111,0.06,88,0,0
103345,951,Mobile Accessories,802.76,8.3,COD,15,0,0.0,0.06,35,2,0
103346,926,Home & Kitchen,1527.18,11.8,COD,12,2,0.167,0.07,15,0,0
103347,524,Electronics,3710.21,1.0,Credit Card,13,2,0.154,0.09,11,6,0
103348,1531,Footwear,2424.76,19.5,UPI,11,0,0.0,0.24,31,4,1
103349,1307,Apparel - Mens,2796.49,11.6,COD,12,5,0.417,0.19,59,1,0
103350,2122,Home & Kitchen,1477.61,6.6,COD,15,7,0.467,0.07,11,1,0
103351,37,Beauty,608.7,4.1,COD,13,0,0.0,0.05,7,1,0
103352,1443,Electronics,531.0,10.3,UPI,8,2,0.25,0.09,6,1,0
103353,1554,Footwear,2757.82,29.4,Credit Card,13,2,0.154,0.24,84,3,1
103354,2068,Home & Kitchen,1558.76,14.8,Credit Card,17,0,0.0,0.07,52,1,0
103355,1254,Electronics,11546.49,16.2,Netbanking,10,3,0.3,0.09,57,0,0
103356,2084,Apparel - Womens,2694.2,11.8,UPI,10,3,0.3,0.28,33,1,1
103357,408,Home & Kitchen,2406.67,28.2,COD,13,0,0.0,0.07,23,0,0
103358,791,Mobile Accessories,553.24,25.9,UPI,12,0,0.0,0.06,11,5,0
103359,1237,Furniture,7305.81,6.3,COD,13,4,0.308,0.11,8,1,0
103360,2085,Apparel - Mens,356.82,18.4,UPI,14,1,0.071,0.19,41,0,0
103361,520,Footwear,4828.29,7.9,Netbanking,8,0,0.0,0.24,29,0,0
103362,241,Home & Kitchen,3355.89,16.9,Netbanking,9,0,0.0,0.07,7,0,0
103363,394,Apparel - Mens,1868.65,15.5,UPI,16,5,0.312,0.19,24,2,1
103364,671,Footwear,4401.49,17.8,COD,11,0,0.0,0.24,13,2,0
103365,58,Furniture,12656.42,3.2,Credit Card,14,1,0.071,0.11,26,1,0
103366,264,Apparel - Mens,2204.27,5.5,Credit Card,15,1,0.067,0.19,9,3,0
103367,451,Electronics,5282.94,19.4,UPI,10,1,0.1,0.09,39,3,0
103368,1612,Electronics,7567.13,1.1,Credit Card,9,2,0.222,0.09,8,1,0
103369,1268,Home & Kitchen,2459.9,19.4,UPI,18,2,0.111,0.07,48,0,0
103370,61,Furniture,7696.67,6.5,COD,16,12,0.75,0.11,14,0,0
103371,1319,Mobile Accessories,683.19,36.0,Credit Card,16,5,0.312,0.06,145,0,1
103372,1773,Beauty,322.44,14.4,COD,12,3,0.25,0.05,29,1,0
103373,717,Footwear,1768.43,10.3,COD,7,1,0.143,0.24,57,0,0
103374,451,Apparel - Womens,1610.66,10.9,COD,10,1,0.1,0.28,63,1,1
103375,1271,Apparel - Womens,2403.13,10.9,Credit Card,20,1,0.05,0.28,16,0,0
103376,1854,Home & Kitchen,1810.43,6.2,UPI,16,0,0.0,0.07,21,0,0
103377,80,Beauty,564.32,17.9,UPI,9,5,0.556,0.05,47,1,1
103378,196,Apparel - Womens,2823.96,6.9,UPI,17,4,0.235,0.28,6,0,1
103379,1753,Electronics,5960.46,12.2,UPI,11,3,0.273,0.09,0,1,1
103380,305,Apparel - Womens,2200.9,8.9,UPI,10,2,0.2,0.28,38,1,0
103381,1362,Beauty,699.08,13.0,UPI,13,2,0.154,0.05,20,0,0
103382,1106,Apparel - Womens,1802.48,1.3,UPI,13,1,0.077,0.28,8,1,0
103383,244,Mobile Accessories,830.67,4.0,COD,8,1,0.125,0.06,9,2,0
103384,878,Apparel - Womens,1747.95,2.0,Credit Card,17,1,0.059,0.28,8,2,0
103385,1475,Home & Kitchen,1702.42,19.9,Debit Card,8,0,0.0,0.07,47,1,0
103386,1778,Mobile Accessories,808.46,7.1,COD,8,0,0.0,0.06,210,0,0
103387,327,Home & Kitchen,1456.69,9.9,COD,14,1,0.071,0.07,39,1,1
103388,1155,Home & Kitchen,1180.55,12.1,Netbanking,8,0,0.0,0.07,5,0,0
103389,1182,Apparel - Womens,1906.3,10.6,COD,7,0,0.0,0.28,122,0,0
103390,46,Beauty,989.96,23.0,Debit Card,13,1,0.077,0.05,47,0,0
103391,1033,Furniture,10629.91,21.0,UPI,19,1,0.053,0.11,2,0,0
103392,1211,Beauty,585.6,12.4,COD,11,5,0.455,0.05,34,3,1
103393,1768,Furniture,10121.31,14.5,COD,12,3,0.25,0.11,140,1,0
103394,2119,Apparel - Womens,1769.67,12.2,COD,10,0,0.0,0.28,4,1,1
103395,957,Footwear,3037.28,8.1,COD,13,2,0.154,0.24,7,3,0
103396,1520,Mobile Accessories,728.01,17.5,UPI,13,1,0.077,0.06,51,1,0
103397,555,Mobile Accessories,809.98,2.9,COD,11,0,0.0,0.06,41,0,0
103398,1835,Beauty,428.0,9.7,UPI,17,2,0.118,0.05,19,2,0
103399,685,Footwear,4430.97,25.8,UPI,10,0,0.0,0.24,32,3,0
103400,1398,Furniture,10411.72,3.2,UPI,16,4,0.25,0.11,67,3,1
103401,992,Apparel - Mens,1365.71,6.6,UPI,14,2,0.143,0.19,9,1,0
103402,1530,Home & Kitchen,3038.91,18.5,UPI,16,3,0.188,0.07,33,0,0
103403,80,Furniture,14225.79,18.0,UPI,9,5,0.556,0.11,5,2,0
103404,686,Footwear,3126.26,13.3,UPI,12,3,0.25,0.24,21,3,0
103405,1463,Apparel - Mens,1961.94,20.5,UPI,8,2,0.25,0.19,94,2,1
103406,1417,Mobile Accessories,807.34,36.3,UPI,14,5,0.357,0.06,81,0,1
103407,538,Footwear,4374.01,17.1,Debit Card,11,2,0.182,0.24,43,0,0
103408,437,Apparel - Mens,461.69,9.8,UPI,8,1,0.125,0.19,21,0,0
103409,1441,Footwear,3670.19,5.5,COD,13,5,0.385,0.24,190,0,1
103410,78,Mobile Accessories,435.57,3.2,Debit Card,6,1,0.167,0.06,27,1,0
103411,261,Apparel - Mens,1285.11,7.1,Credit Card,6,1,0.167,0.19,50,1,1
103412,1618,Electronics,4499.91,3.8,UPI,10,1,0.1,0.09,54,1,0
103413,905,Apparel - Mens,1571.21,36.8,Credit Card,12,4,0.333,0.19,18,2,1
103414,2134,Apparel - Womens,1814.71,6.4,Debit Card,8,2,0.25,0.28,6,1,1
103415,904,Apparel - Womens,1984.46,7.3,COD,11,3,0.273,0.28,88,0,0
103416,1767,Footwear,1819.61,11.3,UPI,15,4,0.267,0.24,2,0,0
103417,741,Beauty,322.25,6.3,UPI,10,1,0.1,0.05,17,0,0
103418,1511,Mobile Accessories,683.85,19.3,Netbanking,10,1,0.1,0.06,20,1,0
103419,1206,Footwear,1225.07,16.8,UPI,8,1,0.125,0.24,1,1,0
103420,129,Furniture,8225.65,2.0,COD,13,7,0.538,0.11,30,4,0
103421,446,Mobile Accessories,507.62,12.9,Credit Card,11,3,0.273,0.06,36,5,0
103422,715,Furniture,9417.35,8.2,Credit Card,12,2,0.167,0.11,43,4,0
103423,1331,Beauty,626.17,24.3,UPI,12,2,0.167,0.05,5,0,0
103424,2032,Mobile Accessories,150.0,22.2,UPI,16,5,0.312,0.06,16,1,0
103425,1547,Electronics,7903.44,9.4,Credit Card,17,2,0.118,0.09,41,2,0
103426,1848,Beauty,1261.05,12.8,UPI,14,3,0.214,0.05,17,3,0
103427,349,Electronics,7017.53,16.9,Credit Card,11,1,0.091,0.09,6,0,0
103428,119,Footwear,2683.07,3.2,Netbanking,9,1,0.111,0.24,11,2,1
103429,1452,Footwear,2100.58,17.8,Debit Card,8,3,0.375,0.24,78,0,0
103430,895,Beauty,697.76,16.1,Credit Card,11,0,0.0,0.05,10,3,0
103431,1625,Apparel - Mens,776.99,2.8,Netbanking,13,1,0.077,0.19,41,1,0
103432,742,Apparel - Womens,1516.75,3.7,Credit Card,13,0,0.0,0.28,10,0,0
103433,2084,Apparel - Womens,1626.43,22.1,COD,10,3,0.3,0.28,19,1,1
103434,277,Apparel - Womens,2062.5,10.4,Credit Card,11,1,0.091,0.28,19,1,0
103435,1247,Footwear,2766.57,10.0,Credit Card,8,2,0.25,0.24,53,3,0
103436,2077,Home & Kitchen,150.28,14.4,Debit Card,12,0,0.0,0.07,20,2,0
103437,1754,Apparel - Mens,1201.58,10.2,UPI,14,8,0.571,0.19,19,2,0
103438,793,Footwear,2998.82,18.5,COD,9,0,0.0,0.24,3,1,0
103439,590,Beauty,596.49,9.9,UPI,9,0,0.0,0.05,46,4,0
103440,1902,Beauty,1348.34,3.8,UPI,13,1,0.077,0.05,167,0,0
103441,1233,Footwear,1648.84,24.0,UPI,14,2,0.143,0.24,31,0,0
103442,1160,Apparel - Mens,1611.66,7.3,UPI,14,5,0.357,0.19,51,2,0
103443,817,Furniture,4633.34,8.9,Credit Card,11,3,0.273,0.11,26,0,0
103444,774,Mobile Accessories,591.95,11.2,UPI,9,4,0.444,0.06,10,1,1
103445,2089,Electronics,2867.46,6.9,Debit Card,11,0,0.0,0.09,6,0,0
103446,1279,Footwear,1272.02,14.0,Credit Card,14,3,0.214,0.24,79,3,0
103447,1517,Apparel - Mens,2165.71,14.1,Debit Card,15,1,0.067,0.19,24,2,0
103448,161,Footwear,1819.17,10.6,UPI,11,1,0.091,0.24,44,2,0
103449,354,Electronics,4296.76,27.1,Credit Card,13,4,0.308,0.09,151,1,1
103450,31,Home & Kitchen,1106.0,2.4,COD,8,1,0.125,0.07,20,2,1
103451,436,Apparel - Womens,960.53,8.3,Credit Card,17,6,0.353,0.28,52,0,0
103452,1707,Footwear,2232.17,8.0,COD,9,0,0.0,0.24,31,2,0
103453,583,Footwear,3528.3,12.3,Credit Card,8,2,0.25,0.24,10,4,0
103454,1798,Home & Kitchen,3064.91,18.4,COD,11,3,0.273,0.07,0,0,0
103455,1647,Furniture,11701.13,4.8,COD,9,0,0.0,0.11,20,0,1
103456,624,Furniture,9521.54,12.7,COD,13,5,0.385,0.11,18,1,0
103457,2041,Apparel - Womens,2828.4,9.0,Debit Card,15,5,0.333,0.28,45,3,1
103458,1822,Home & Kitchen,1367.39,12.4,UPI,11,2,0.182,0.07,12,2,0
103459,700,Beauty,1191.72,12.6,COD,20,1,0.05,0.05,31,0,0
103460,2106,Home & Kitchen,1732.87,17.5,COD,9,4,0.444,0.07,9,0,0
103461,263,Mobile Accessories,881.16,19.7,UPI,14,3,0.214,0.06,48,0,0
103462,45,Electronics,4648.96,11.0,COD,13,1,0.077,0.09,3,0,0
103463,1466,Footwear,5002.49,2.4,Netbanking,12,3,0.25,0.24,24,1,0
103464,1404,Furniture,6368.17,20.3,Netbanking,12,4,0.333,0.11,173,4,0
103465,1166,Apparel - Womens,2790.11,3.1,COD,16,1,0.062,0.28,32,1,0
103466,1310,Beauty,833.32,24.6,Debit Card,12,3,0.25,0.05,109,3,0
103467,1945,Mobile Accessories,1001.06,14.1,COD,12,0,0.0,0.06,17,1,0
103468,907,Mobile Accessories,423.3,27.2,Credit Card,14,0,0.0,0.06,4,0,0
103469,1777,Home & Kitchen,776.78,15.2,COD,10,3,0.3,0.07,30,2,0
103470,689,Apparel - Womens,1333.14,7.9,Credit Card,9,1,0.111,0.28,1,2,0
103471,281,Beauty,1051.5,6.0,UPI,7,0,0.0,0.05,63,1,0
103472,1571,Apparel - Womens,1222.97,14.2,UPI,13,0,0.0,0.28,14,1,1
103473,1753,Furniture,11448.97,0.8,COD,11,3,0.273,0.11,1,0,0
103474,177,Footwear,2696.57,10.1,UPI,14,4,0.286,0.24,11,2,1
103475,1570,Apparel - Womens,2417.75,15.3,Credit Card,16,5,0.312,0.28,22,1,0
103476,1744,Apparel - Womens,2421.71,3.1,COD,15,0,0.0,0.28,36,0,0
103477,278,Footwear,2512.64,8.7,UPI,15,5,0.333,0.24,58,2,0
103478,174,Apparel - Mens,1665.36,20.0,Debit Card,13,6,0.462,0.19,27,2,1
103479,680,Apparel - Womens,1599.55,16.6,Netbanking,12,2,0.167,0.28,11,2,0
103480,1692,Apparel - Womens,1531.27,25.2,Debit Card,13,0,0.0,0.28,28,1,0
103481,1416,Beauty,1028.91,3.2,Debit Card,19,4,0.211,0.05,66,2,0
103482,1682,Home & Kitchen,4220.44,1.3,COD,14,1,0.071,0.07,46,2,0
103483,1142,Electronics,3930.01,7.2,UPI,14,5,0.357,0.09,16,4,0
103484,937,Apparel - Mens,1658.4,33.5,COD,9,0,0.0,0.19,82,1,1
103485,1960,Beauty,1356.58,14.2,COD,17,4,0.235,0.05,49,1,0
103486,101,Home & Kitchen,2870.59,27.4,UPI,13,2,0.154,0.07,0,1,0
103487,1510,Apparel - Womens,2878.79,8.1,Credit Card,10,1,0.1,0.28,7,1,0
103488,800,Furniture,10709.05,2.5,Credit Card,10,2,0.2,0.11,44,0,0
103489,1485,Home & Kitchen,888.95,0.6,UPI,9,0,0.0,0.07,66,0,0
103490,136,Home & Kitchen,3323.57,2.1,COD,13,0,0.0,0.07,29,0,0
103491,1317,Electronics,4664.5,4.9,Netbanking,10,1,0.1,0.09,75,0,0
103492,2067,Mobile Accessories,628.66,6.6,Credit Card,11,4,0.364,0.06,21,0,0
103493,2093,Mobile Accessories,748.51,3.1,Credit Card,10,2,0.2,0.06,12,0,0
103494,1389,Electronics,8112.87,9.6,UPI,9,4,0.444,0.09,9,1,0
103495,1442,Furniture,13997.97,10.4,Credit Card,9,6,0.667,0.11,17,1,1
103496,1019,Footwear,3838.92,5.2,UPI,17,5,0.294,0.24,25,1,0
103497,58,Electronics,5807.51,29.3,UPI,14,1,0.071,0.09,18,1,0
103498,1265,Beauty,162.26,21.5,UPI,14,1,0.071,0.05,10,2,0
103499,1188,Beauty,1062.47,5.4,UPI,11,0,0.0,0.05,45,0,1
103500,1550,Furniture,8612.24,20.1,COD,20,6,0.3,0.11,17,2,0
103501,1092,Apparel - Womens,2104.01,2.9,Debit Card,10,0,0.0,0.28,44,0,0
103502,298,Beauty,1250.12,10.3,COD,11,2,0.182,0.05,80,1,0
103503,369,Apparel - Womens,521.98,3.1,UPI,12,0,0.0,0.28,120,2,0
103504,2022,Electronics,7708.24,7.3,Credit Card,17,1,0.059,0.09,4,2,0
103505,796,Beauty,1451.41,8.5,COD,8,2,0.25,0.05,9,4,0
103506,948,Electronics,5593.44,21.3,Credit Card,9,0,0.0,0.09,40,0,0
103507,1474,Mobile Accessories,1483.38,3.5,UPI,11,0,0.0,0.06,56,2,0
103508,1920,Mobile Accessories,762.31,18.8,UPI,12,2,0.167,0.06,19,2,0
103509,273,Apparel - Womens,1255.39,24.9,UPI,13,5,0.385,0.28,58,1,0
103510,215,Apparel - Mens,1451.88,10.8,Netbanking,9,6,0.667,0.19,44,3,1
103511,1632,Home & Kitchen,620.57,6.6,Debit Card,9,1,0.111,0.07,22,2,0
103512,844,Footwear,2220.84,12.6,Credit Card,12,1,0.083,0.24,6,1,0
103513,950,Furniture,9692.66,12.8,COD,16,10,0.625,0.11,53,2,0
103514,1304,Mobile Accessories,836.66,13.8,COD,13,4,0.308,0.06,11,1,0
103515,724,Home & Kitchen,2428.56,11.4,Credit Card,14,0,0.0,0.07,28,2,0
103516,2098,Home & Kitchen,2163.99,7.3,UPI,10,3,0.3,0.07,12,1,0
103517,195,Electronics,5655.99,7.3,UPI,9,1,0.111,0.09,34,1,0
103518,65,Mobile Accessories,589.98,2.7,UPI,9,2,0.222,0.06,100,2,0
103519,1463,Electronics,6645.3,10.6,UPI,8,2,0.25,0.09,42,1,1
103520,72,Mobile Accessories,864.39,16.9,COD,13,2,0.154,0.06,34,3,0
103521,1721,Apparel - Womens,3464.79,11.4,Debit Card,11,0,0.0,0.28,28,1,0
103522,2002,Mobile Accessories,788.8,11.0,Debit Card,12,5,0.417,0.06,14,1,0
103523,119,Apparel - Womens,2434.32,4.1,Credit Card,9,1,0.111,0.28,3,1,1
103524,251,Footwear,2640.05,11.9,Credit Card,13,5,0.385,0.24,10,2,1
103525,328,Home & Kitchen,1599.28,23.6,Credit Card,15,8,0.533,0.07,16,2,1
103526,195,Footwear,2110.65,6.6,UPI,9,1,0.111,0.24,1,1,0
103527,226,Beauty,863.21,7.3,Credit Card,13,2,0.154,0.05,10,0,0
103528,208,Apparel - Womens,590.09,20.3,Credit Card,15,5,0.333,0.28,115,0,0
103529,502,Mobile Accessories,839.27,16.2,COD,10,2,0.2,0.06,8,1,1
103530,737,Apparel - Mens,1820.5,8.8,Credit Card,15,3,0.2,0.19,26,0,1
103531,948,Apparel - Mens,1250.3,19.2,COD,9,0,0.0,0.19,37,0,0
103532,1758,Beauty,212.9,9.3,UPI,8,1,0.125,0.05,47,1,0
103533,347,Apparel - Mens,3591.8,17.6,Credit Card,13,8,0.615,0.19,5,2,1
103534,602,Footwear,1779.74,6.4,COD,14,4,0.286,0.24,12,2,0
103535,154,Electronics,6793.23,25.1,UPI,12,1,0.083,0.09,31,4,0
103536,889,Home & Kitchen,1633.41,14.1,UPI,16,4,0.25,0.07,48,2,0
103537,972,Footwear,2577.62,6.8,Debit Card,10,7,0.7,0.24,6,1,1
103538,1540,Footwear,1641.27,7.2,Credit Card,7,1,0.143,0.24,12,4,1
103539,1873,Apparel - Womens,2674.5,2.3,UPI,13,3,0.231,0.28,8,2,0
103540,1889,Mobile Accessories,896.99,9.6,Debit Card,14,3,0.214,0.06,49,0,0
103541,376,Beauty,150.0,6.1,Netbanking,9,1,0.111,0.05,27,1,0
103542,715,Apparel - Mens,1841.42,3.2,UPI,12,2,0.167,0.19,37,1,1
103543,936,Home & Kitchen,1698.43,10.0,UPI,14,3,0.214,0.07,8,0,0
103544,544,Footwear,1152.93,10.0,UPI,13,7,0.538,0.24,3,0,0
103545,1046,Home & Kitchen,3841.78,5.0,COD,17,7,0.412,0.07,215,1,0
103546,2073,Apparel - Mens,1928.12,22.0,Credit Card,16,8,0.5,0.19,13,2,0
103547,209,Home & Kitchen,2278.09,3.8,UPI,8,0,0.0,0.07,88,1,0
103548,826,Footwear,3165.6,24.5,COD,9,6,0.667,0.24,84,3,0
103549,1247,Home & Kitchen,2449.77,2.8,COD,8,2,0.25,0.07,35,2,0
103550,1793,Mobile Accessories,698.11,2.5,COD,12,1,0.083,0.06,4,1,0
103551,2102,Footwear,2022.57,19.0,UPI,8,0,0.0,0.24,0,2,0
103552,1048,Apparel - Womens,1420.72,14.9,Credit Card,8,1,0.125,0.28,13,1,1
103553,64,Electronics,281.44,0.1,UPI,11,0,0.0,0.09,121,0,0
103554,2032,Home & Kitchen,1945.18,12.1,Netbanking,16,5,0.312,0.07,12,0,0
103555,1576,Footwear,2146.32,3.1,Credit Card,11,1,0.091,0.24,41,2,1
103556,672,Footwear,2473.38,12.0,Debit Card,9,5,0.556,0.24,13,0,1
103557,1704,Home & Kitchen,1919.26,12.9,UPI,8,3,0.375,0.07,18,2,0
103558,373,Home & Kitchen,1840.14,16.3,UPI,14,3,0.214,0.07,70,2,0
103559,142,Apparel - Womens,3017.01,5.3,Debit Card,12,3,0.25,0.28,29,0,0
103560,1916,Apparel - Womens,756.61,11.3,Debit Card,13,0,0.0,0.28,80,2,0
103561,2038,Home & Kitchen,3188.25,3.3,UPI,17,3,0.176,0.07,25,3,0
103562,238,Footwear,1081.92,20.0,UPI,13,3,0.231,0.24,0,1,0
103563,1583,Electronics,5021.44,2.1,UPI,10,2,0.2,0.09,4,2,0
103564,1815,Footwear,952.17,4.6,COD,8,1,0.125,0.24,25,3,0
103565,1411,Electronics,5975.97,5.8,UPI,14,1,0.071,0.09,53,2,0
103566,799,Mobile Accessories,947.17,4.9,UPI,10,1,0.1,0.06,8,1,1
103567,1645,Apparel - Womens,2130.63,10.0,Credit Card,11,3,0.273,0.28,139,1,0
103568,1810,Footwear,1981.44,5.0,Credit Card,15,6,0.4,0.24,3,0,1
103569,1093,Beauty,857.14,12.4,Credit Card,13,1,0.077,0.05,35,1,0
103570,38,Mobile Accessories,1008.71,8.2,UPI,13,1,0.077,0.06,33,1,0
103571,745,Beauty,1709.21,16.2,Credit Card,13,1,0.077,0.05,3,1,0
103572,992,Home & Kitchen,2743.22,30.8,Debit Card,14,2,0.143,0.07,0,1,0
103573,146,Furniture,7092.97,5.9,Netbanking,16,3,0.188,0.11,19,1,0
103574,1120,Electronics,8409.74,4.3,COD,17,3,0.176,0.09,20,1,0
103575,132,Furniture,15741.46,1.5,Debit Card,17,6,0.353,0.11,83,0,1
103576,517,Beauty,858.54,35.6,COD,12,1,0.083,0.05,15,1,0
103577,1887,Footwear,3752.8,15.7,COD,10,0,0.0,0.24,20,3,0
103578,1509,Apparel - Mens,3093.33,32.1,Credit Card,8,0,0.0,0.19,5,2,1
103579,1276,Electronics,2956.94,20.5,Debit Card,15,2,0.133,0.09,7,1,0
103580,542,Mobile Accessories,684.8,6.1,UPI,10,0,0.0,0.06,11,1,0
103581,2107,Apparel - Womens,2036.4,23.9,Debit Card,13,0,0.0,0.28,57,1,0
103582,1219,Mobile Accessories,448.88,2.9,Debit Card,11,2,0.182,0.06,34,3,0
103583,2094,Home & Kitchen,936.36,13.6,COD,18,5,0.278,0.07,0,1,1
103584,667,Mobile Accessories,1172.34,4.6,Credit Card,14,0,0.0,0.06,1,1,0
103585,12,Furniture,6829.63,3.5,Credit Card,12,2,0.167,0.11,80,3,0
103586,458,Footwear,2603.78,12.7,Debit Card,12,3,0.25,0.24,52,1,1
103587,638,Footwear,2690.85,6.6,UPI,19,15,0.789,0.24,25,1,1
103588,1244,Home & Kitchen,3302.09,10.5,Credit Card,15,4,0.267,0.07,11,1,1
103589,1914,Beauty,1235.14,3.0,UPI,15,2,0.133,0.05,12,1,0
103590,1311,Electronics,6911.29,32.0,UPI,11,7,0.636,0.09,49,1,1
103591,1972,Home & Kitchen,2328.03,18.2,Credit Card,10,2,0.2,0.07,13,4,0
103592,848,Electronics,5619.62,7.5,UPI,11,1,0.091,0.09,47,3,0
103593,2042,Mobile Accessories,669.51,28.9,Debit Card,10,3,0.3,0.06,72,0,0
103594,1850,Footwear,3781.45,11.7,UPI,11,1,0.091,0.24,47,0,0
103595,2027,Apparel - Mens,1532.06,18.4,Debit Card,9,0,0.0,0.19,18,1,0
103596,1785,Furniture,5219.9,11.8,UPI,9,1,0.111,0.11,42,1,0
103597,1080,Footwear,2444.79,23.6,Debit Card,11,0,0.0,0.24,36,1,0
103598,249,Beauty,786.28,23.2,Debit Card,10,0,0.0,0.05,111,0,0
103599,2128,Mobile Accessories,723.77,10.5,Debit Card,11,5,0.455,0.06,0,0,0
103600,568,Home & Kitchen,2765.05,1.6,Debit Card,13,0,0.0,0.07,57,1,0
103601,1823,Apparel - Womens,2065.86,15.1,COD,17,0,0.0,0.28,5,1,0
103602,1168,Apparel - Mens,1454.73,3.9,Credit Card,14,2,0.143,0.19,45,3,0
103603,1401,Beauty,1192.96,10.6,UPI,12,4,0.333,0.05,37,3,0
103604,267,Mobile Accessories,190.82,11.0,Debit Card,15,2,0.133,0.06,121,1,0
103605,881,Footwear,1266.41,4.7,UPI,13,2,0.154,0.24,72,0,0
103606,438,Apparel - Womens,1321.1,8.2,Credit Card,9,3,0.333,0.28,14,1,0
103607,1456,Apparel - Womens,1486.68,15.7,COD,18,1,0.056,0.28,19,0,0
103608,1413,Electronics,5089.53,14.9,COD,17,4,0.235,0.09,4,2,0
103609,2114,Apparel - Womens,2230.94,1.6,Debit Card,11,2,0.182,0.28,28,1,0
103610,72,Footwear,553.92,2.2,UPI,13,2,0.154,0.24,0,1,0
103611,1604,Electronics,8554.44,20.7,UPI,14,1,0.071,0.09,6,1,0
103612,943,Electronics,6891.04,2.9,COD,12,0,0.0,0.09,100,0,1
103613,400,Footwear,1273.14,19.5,Netbanking,10,0,0.0,0.24,2,4,0
103614,1404,Electronics,5879.12,4.4,Credit Card,12,4,0.333,0.09,60,1,1
103615,308,Furniture,4293.02,8.4,COD,13,1,0.077,0.11,3,3,0
103616,9,Apparel - Mens,1259.18,11.4,Credit Card,15,5,0.333,0.19,77,0,0
103617,2068,Beauty,356.63,23.6,UPI,17,0,0.0,0.05,142,2,0
103618,1739,Apparel - Womens,2301.99,19.9,Netbanking,13,4,0.308,0.28,106,1,1
103619,1460,Apparel - Mens,150.0,15.7,Debit Card,7,1,0.143,0.19,56,1,0
103620,56,Home & Kitchen,2949.6,29.2,Credit Card,14,1,0.071,0.07,144,0,0
103621,805,Beauty,874.68,7.2,UPI,13,1,0.077,0.05,3,4,0
103622,1925,Electronics,10089.21,9.5,Credit Card,10,6,0.6,0.09,29,2,0
103623,819,Furniture,10890.97,12.9,UPI,8,3,0.375,0.11,8,0,1
103624,178,Electronics,9769.42,22.8,Netbanking,13,1,0.077,0.09,8,3,0
103625,877,Mobile Accessories,806.94,28.1,Credit Card,11,1,0.091,0.06,54,2,0
103626,1414,Mobile Accessories,367.65,10.4,Debit Card,11,3,0.273,0.06,22,2,0
103627,1005,Footwear,762.59,13.7,Credit Card,9,2,0.222,0.24,42,1,0
103628,888,Apparel - Womens,150.0,0.8,Credit Card,17,2,0.118,0.28,28,1,0
103629,2019,Apparel - Mens,2499.55,12.6,UPI,10,0,0.0,0.19,5,2,0
103630,1443,Furniture,13140.83,6.5,COD,8,2,0.25,0.11,25,1,0
103631,685,Beauty,564.89,4.9,UPI,10,0,0.0,0.05,6,3,0
103632,240,Mobile Accessories,723.79,9.0,UPI,11,0,0.0,0.06,115,0,0
103633,1193,Furniture,9600.95,1.8,Credit Card,15,5,0.333,0.11,8,2,0
103634,909,Beauty,1693.32,6.4,UPI,17,2,0.118,0.05,24,0,0
103635,1312,Home & Kitchen,1276.49,25.4,COD,11,4,0.364,0.07,6,1,0
103636,1047,Home & Kitchen,3279.33,0.0,Debit Card,16,4,0.25,0.07,42,0,0
103637,1044,Apparel - Womens,2344.54,3.4,UPI,12,3,0.25,0.28,28,0,1
103638,214,Electronics,7398.23,10.6,Credit Card,11,4,0.364,0.09,6,2,1
103639,376,Electronics,8197.73,0.4,Credit Card,9,1,0.111,0.09,19,1,0
103640,812,Apparel - Womens,1710.48,9.5,Debit Card,9,2,0.222,0.28,8,1,0
103641,300,Apparel - Womens,2633.16,19.3,Credit Card,11,1,0.091,0.28,7,0,0
103642,461,Furniture,12640.75,24.7,Credit Card,9,3,0.333,0.11,1,3,0
103643,779,Furniture,9586.43,23.8,UPI,10,2,0.2,0.11,102,0,0
103644,2086,Electronics,2401.63,11.3,Credit Card,8,0,0.0,0.09,167,2,0
103645,298,Furniture,10120.42,7.6,UPI,11,2,0.182,0.11,6,2,0
103646,2120,Mobile Accessories,899.47,5.2,Debit Card,11,2,0.182,0.06,55,1,0
103647,1511,Mobile Accessories,947.28,14.1,Netbanking,10,1,0.1,0.06,10,1,0
103648,768,Home & Kitchen,2154.86,19.5,UPI,10,3,0.3,0.07,21,1,0
103649,1456,Home & Kitchen,2711.08,7.5,UPI,18,1,0.056,0.07,23,2,1
103650,1432,Electronics,9880.51,1.8,Netbanking,11,1,0.091,0.09,32,1,0
103651,1597,Beauty,244.53,18.6,Credit Card,12,2,0.167,0.05,27,1,0
103652,846,Footwear,3222.41,17.8,Credit Card,13,6,0.462,0.24,74,3,0
103653,84,Footwear,4260.48,3.0,Credit Card,6,1,0.167,0.24,35,1,0
103654,2011,Apparel - Womens,1631.74,22.3,UPI,12,2,0.167,0.28,47,1,0
103655,877,Footwear,3865.45,16.7,Netbanking,11,1,0.091,0.24,22,1,0
103656,725,Beauty,796.44,22.3,COD,14,8,0.571,0.05,22,1,0
103657,679,Apparel - Mens,1934.28,13.3,Debit Card,13,0,0.0,0.19,2,0,0
103658,59,Furniture,5063.66,7.3,UPI,12,7,0.583,0.11,61,2,1
103659,1672,Mobile Accessories,823.15,5.1,Debit Card,18,3,0.167,0.06,23,1,0
103660,491,Furniture,7095.85,18.4,Credit Card,11,1,0.091,0.11,10,1,0
103661,818,Home & Kitchen,3485.47,15.4,UPI,15,4,0.267,0.07,1,2,0
103662,1079,Beauty,312.33,1.8,COD,12,3,0.25,0.05,55,1,0
103663,1266,Apparel - Mens,1717.92,16.0,Netbanking,14,1,0.071,0.19,11,1,1
103664,1033,Electronics,4832.69,3.6,UPI,19,1,0.053,0.09,41,0,0
103665,135,Furniture,12380.38,5.4,UPI,9,1,0.111,0.11,7,2,1
103666,588,Furniture,11572.02,9.2,Credit Card,12,2,0.167,0.11,47,1,0
103667,1780,Electronics,12777.67,9.1,Credit Card,10,1,0.1,0.09,16,1,1
103668,301,Furniture,6484.65,12.3,Netbanking,11,4,0.364,0.11,31,0,0
103669,436,Furniture,10322.82,25.2,Credit Card,17,6,0.353,0.11,29,1,0
103670,1459,Footwear,1396.42,15.3,Credit Card,9,2,0.222,0.24,41,0,0
103671,953,Beauty,583.93,20.9,Netbanking,14,0,0.0,0.05,9,4,0
103672,1087,Apparel - Womens,2077.96,12.3,COD,14,5,0.357,0.28,130,1,0
103673,1396,Home & Kitchen,2200.67,6.4,UPI,11,3,0.273,0.07,15,2,0
103674,952,Beauty,963.3,7.0,UPI,10,0,0.0,0.05,67,0,0
103675,700,Footwear,2992.22,23.2,UPI,20,1,0.05,0.24,72,0,0
103676,15,Footwear,2056.35,20.1,Debit Card,13,2,0.154,0.24,35,0,1
103677,2166,Footwear,4293.55,26.7,Credit Card,10,0,0.0,0.24,38,0,0
103678,71,Beauty,150.0,14.8,Credit Card,10,2,0.2,0.05,15,1,0
103679,1035,Footwear,3194.32,18.4,UPI,11,1,0.091,0.24,54,1,1
103680,401,Footwear,2288.93,1.8,Debit Card,7,0,0.0,0.24,10,3,0
103681,415,Electronics,6248.93,11.4,UPI,12,2,0.167,0.09,10,2,0
103682,2137,Apparel - Mens,2757.89,2.1,Debit Card,9,1,0.111,0.19,7,3,1
103683,1257,Apparel - Mens,2032.62,7.3,Credit Card,12,3,0.25,0.19,1,0,0
103684,1027,Apparel - Mens,1551.32,3.3,UPI,14,2,0.143,0.19,33,1,1
103685,175,Electronics,6292.74,20.3,UPI,14,6,0.429,0.09,4,1,1
103686,1613,Apparel - Womens,1744.98,20.3,UPI,14,7,0.5,0.28,72,1,1
103687,1035,Home & Kitchen,2197.62,13.0,Netbanking,11,1,0.091,0.07,65,2,0
103688,835,Apparel - Mens,819.35,24.3,Debit Card,19,0,0.0,0.19,54,0,0
103689,399,Footwear,1432.97,10.2,UPI,14,3,0.214,0.24,20,2,0
103690,305,Electronics,3450.99,5.2,UPI,10,2,0.2,0.09,35,4,0
103691,856,Beauty,898.61,27.5,UPI,11,5,0.455,0.05,4,1,0
103692,839,Home & Kitchen,2781.33,23.2,Debit Card,10,0,0.0,0.07,21,5,0
103693,2077,Beauty,1337.76,5.9,COD,12,0,0.0,0.05,29,0,0
103694,951,Apparel - Mens,1700.4,21.5,Credit Card,15,0,0.0,0.19,1,2,0
103695,944,Apparel - Mens,2086.62,4.5,Credit Card,16,3,0.188,0.19,59,0,0
103696,557,Apparel - Womens,3031.49,0.7,Credit Card,17,0,0.0,0.28,4,0,1
103697,557,Apparel - Womens,1193.69,3.7,Credit Card,17,0,0.0,0.28,78,2,1
103698,1389,Mobile Accessories,514.96,4.4,UPI,9,4,0.444,0.06,22,2,1
103699,246,Furniture,13486.42,10.0,UPI,5,0,0.0,0.11,96,1,0
103700,752,Mobile Accessories,208.36,9.2,UPI,12,1,0.083,0.06,11,2,0
103701,385,Furniture,13802.3,18.4,COD,11,1,0.091,0.11,44,1,0
103702,1732,Apparel - Womens,1320.07,8.7,COD,11,3,0.273,0.28,118,1,0
103703,759,Apparel - Womens,1980.21,10.6,COD,8,1,0.125,0.28,98,1,0
103704,1236,Furniture,14173.88,14.5,Debit Card,19,2,0.105,0.11,37,1,0
103705,1835,Footwear,2958.76,13.6,UPI,17,2,0.118,0.24,91,2,0
103706,1598,Beauty,652.69,15.3,UPI,12,4,0.333,0.05,14,1,0
103707,2117,Apparel - Womens,1677.8,26.3,COD,16,3,0.188,0.28,8,0,1
103708,884,Apparel - Mens,1406.86,18.9,UPI,13,2,0.154,0.19,39,1,1
103709,1211,Apparel - Mens,2238.87,4.2,UPI,11,5,0.455,0.19,40,0,0
103710,2067,Footwear,483.06,26.3,Credit Card,11,4,0.364,0.24,34,1,1
103711,592,Furniture,10645.72,2.3,COD,15,3,0.2,0.11,8,2,0
103712,2018,Apparel - Womens,2083.93,10.1,COD,14,1,0.071,0.28,102,0,1
103713,37,Apparel - Womens,1948.23,8.8,Credit Card,13,0,0.0,0.28,45,1,0
103714,704,Footwear,2488.48,11.6,COD,7,4,0.571,0.24,13,2,1
103715,2171,Apparel - Womens,1317.7,13.6,COD,10,0,0.0,0.28,66,3,1
103716,222,Beauty,1441.01,3.5,Credit Card,11,3,0.273,0.05,1,1,0
103717,138,Electronics,7798.16,9.5,Credit Card,11,1,0.091,0.09,153,0,0
103718,1936,Electronics,9903.39,22.8,Credit Card,12,3,0.25,0.09,33,2,1
103719,347,Apparel - Womens,1653.22,19.6,UPI,13,8,0.615,0.28,105,2,1
103720,1156,Mobile Accessories,871.51,17.7,Debit Card,9,2,0.222,0.06,127,3,0
103721,683,Mobile Accessories,873.7,2.2,Credit Card,11,1,0.091,0.06,1,1,0
103722,809,Apparel - Womens,1459.47,6.5,UPI,12,2,0.167,0.28,21,4,0
103723,664,Beauty,745.05,4.0,COD,10,0,0.0,0.05,8,0,0
103724,251,Apparel - Mens,802.72,15.6,UPI,13,5,0.385,0.19,31,2,0
103725,1363,Footwear,5107.25,3.5,COD,13,3,0.231,0.24,75,0,0
103726,150,Apparel - Mens,1855.81,13.2,Credit Card,12,0,0.0,0.19,14,1,0
103727,1237,Furniture,15906.44,5.5,Credit Card,13,4,0.308,0.11,72,1,1
103728,1846,Beauty,1193.86,9.9,UPI,15,9,0.6,0.05,10,2,0
103729,260,Home & Kitchen,402.94,20.2,UPI,11,5,0.455,0.07,10,0,1
103730,1232,Electronics,8878.81,35.8,Netbanking,14,5,0.357,0.09,30,2,1
103731,2108,Beauty,1245.35,6.9,UPI,16,1,0.062,0.05,34,0,0
103732,366,Electronics,5160.48,4.2,Credit Card,8,2,0.25,0.09,147,1,1
103733,1116,Mobile Accessories,570.69,5.2,Credit Card,16,2,0.125,0.06,2,1,0
103734,2040,Apparel - Womens,717.67,7.0,UPI,9,3,0.333,0.28,45,1,1
103735,45,Furniture,7061.12,17.3,Credit Card,13,1,0.077,0.11,5,2,0
103736,2166,Home & Kitchen,1694.67,9.3,UPI,10,0,0.0,0.07,10,0,0
103737,1519,Apparel - Womens,1762.76,7.3,UPI,8,2,0.25,0.28,2,0,0
103738,444,Furniture,9124.43,16.5,COD,15,1,0.067,0.11,155,1,0
103739,408,Apparel - Mens,1075.25,7.4,UPI,13,0,0.0,0.19,33,6,0
103740,40,Furniture,8774.0,12.9,COD,13,0,0.0,0.11,3,2,0
103741,1130,Apparel - Mens,1649.7,4.5,COD,17,0,0.0,0.19,130,0,0
103742,765,Footwear,1194.04,0.8,UPI,15,0,0.0,0.24,43,2,0
103743,1043,Electronics,8393.05,18.1,COD,12,3,0.25,0.09,30,2,0
103744,1802,Electronics,9391.77,24.1,COD,16,2,0.125,0.09,59,1,0
103745,392,Apparel - Womens,574.26,8.7,Credit Card,16,2,0.125,0.28,41,2,0
103746,828,Mobile Accessories,1176.25,5.6,UPI,10,2,0.2,0.06,5,4,0
103747,1694,Furniture,7582.07,17.1,Credit Card,9,2,0.222,0.11,11,1,0
103748,371,Apparel - Mens,1658.97,6.1,UPI,15,1,0.067,0.19,7,0,0
103749,2006,Beauty,747.6,2.4,UPI,14,0,0.0,0.05,75,3,0
103750,254,Home & Kitchen,2815.54,8.1,COD,11,1,0.091,0.07,27,2,0
103751,1467,Apparel - Womens,2232.86,22.3,Netbanking,13,3,0.231,0.28,40,0,1
103752,1614,Beauty,150.0,29.8,Debit Card,13,3,0.231,0.05,28,0,0
103753,818,Furniture,12117.38,6.0,Debit Card,15,4,0.267,0.11,41,1,0
103754,1046,Furniture,10253.65,13.4,Netbanking,17,7,0.412,0.11,30,1,1
103755,708,Home & Kitchen,1983.45,23.5,Debit Card,10,1,0.1,0.07,36,2,1
103756,819,Footwear,1509.43,8.5,Debit Card,8,3,0.375,0.24,13,1,1
103757,1477,Electronics,5133.79,9.7,UPI,10,3,0.3,0.09,15,0,0
103758,1724,Footwear,1841.71,7.1,UPI,14,3,0.214,0.24,91,1,0
103759,1753,Footwear,2002.18,0.8,UPI,11,3,0.273,0.24,21,1,0
103760,1609,Apparel - Womens,1777.69,6.7,UPI,11,0,0.0,0.28,12,3,0
103761,1860,Footwear,1840.42,4.9,COD,13,4,0.308,0.24,40,1,0
103762,635,Beauty,830.08,6.5,UPI,14,6,0.429,0.05,173,0,1
103763,216,Furniture,5255.47,16.7,Credit Card,8,0,0.0,0.11,105,1,0
103764,1493,Electronics,7652.98,3.9,Netbanking,7,0,0.0,0.09,5,0,0
103765,1538,Footwear,2332.52,22.4,Credit Card,9,1,0.111,0.24,21,0,0
103766,932,Electronics,6081.2,3.4,Credit Card,6,0,0.0,0.09,0,2,0
103767,237,Apparel - Womens,1999.51,8.6,COD,13,4,0.308,0.28,38,1,0
103768,354,Beauty,922.65,6.1,UPI,13,4,0.308,0.05,25,0,0
103769,586,Apparel - Womens,2822.68,4.3,Credit Card,13,4,0.308,0.28,4,0,1
103770,785,Furniture,12978.72,5.8,Netbanking,12,3,0.25,0.11,88,1,0
103771,1344,Beauty,1193.67,5.0,UPI,12,2,0.167,0.05,29,0,0
103772,756,Electronics,8974.09,13.4,COD,9,3,0.333,0.09,139,3,1
103773,716,Footwear,3393.02,3.1,UPI,12,2,0.167,0.24,5,3,0
103774,1763,Furniture,17326.98,18.1,Debit Card,16,2,0.125,0.11,31,4,1
103775,1466,Apparel - Womens,2234.95,2.1,Credit Card,12,3,0.25,0.28,20,0,1
103776,1485,Apparel - Womens,1684.2,13.3,Credit Card,9,0,0.0,0.28,8,1,0
103777,1826,Mobile Accessories,728.91,12.2,Credit Card,11,0,0.0,0.06,18,1,0
103778,162,Electronics,7221.54,13.7,UPI,17,3,0.176,0.09,12,0,0
103779,1542,Beauty,478.04,17.8,UPI,21,14,0.667,0.05,127,0,1
103780,2015,Furniture,8619.16,6.9,COD,16,1,0.062,0.11,31,2,0
103781,1552,Apparel - Mens,1074.83,1.0,UPI,13,1,0.077,0.19,40,0,0
103782,1347,Home & Kitchen,3491.71,13.4,Debit Card,14,2,0.143,0.07,11,0,0
103783,199,Home & Kitchen,3267.43,17.4,Debit Card,20,7,0.35,0.07,29,0,0
103784,316,Apparel - Womens,2191.27,2.9,UPI,12,0,0.0,0.28,12,2,0
103785,1559,Home & Kitchen,2947.51,3.7,Debit Card,10,2,0.2,0.07,81,2,0
103786,354,Mobile Accessories,1472.9,20.5,Credit Card,13,4,0.308,0.06,144,1,1
103787,363,Furniture,9960.05,13.6,UPI,13,4,0.308,0.11,51,0,0
103788,711,Beauty,1432.07,27.0,UPI,13,1,0.077,0.05,92,0,0
103789,2162,Beauty,1325.1,16.6,Credit Card,12,1,0.083,0.05,13,3,0
103790,127,Apparel - Womens,1916.36,11.4,Netbanking,10,1,0.1,0.28,10,0,1
103791,1640,Furniture,13727.86,2.9,UPI,11,2,0.182,0.11,4,2,0
103792,403,Apparel - Womens,1625.83,15.0,UPI,17,2,0.118,0.28,19,0,0
103793,519,Footwear,335.19,29.5,Credit Card,9,0,0.0,0.24,24,0,0
103794,1637,Beauty,1176.85,14.6,COD,13,0,0.0,0.05,20,0,0
103795,1174,Footwear,2311.68,4.6,UPI,18,6,0.333,0.24,22,1,0
103796,992,Home & Kitchen,249.49,11.5,Debit Card,14,2,0.143,0.07,80,2,1
103797,180,Apparel - Mens,2410.24,2.6,UPI,13,0,0.0,0.19,22,0,0
103798,1815,Furniture,7765.27,24.5,UPI,8,1,0.125,0.11,5,1,1
103799,1729,Furniture,8095.14,1.0,Credit Card,17,0,0.0,0.11,0,2,0
103800,1436,Mobile Accessories,604.0,13.9,Debit Card,10,4,0.4,0.06,62,2,0
103801,1746,Mobile Accessories,1479.83,8.1,Credit Card,12,0,0.0,0.06,3,1,0
103802,736,Footwear,3433.42,13.5,Debit Card,16,0,0.0,0.24,29,1,0
103803,265,Furniture,150.0,13.5,UPI,14,0,0.0,0.11,66,0,0
103804,1206,Apparel - Mens,908.31,2.7,UPI,8,1,0.125,0.19,28,0,0
103805,936,Beauty,655.43,4.5,Credit Card,14,3,0.214,0.05,3,1,0
103806,861,Beauty,150.0,5.9,Credit Card,11,5,0.455,0.05,39,1,0
103807,2098,Beauty,1236.85,4.7,UPI,10,3,0.3,0.05,52,0,0
103808,1968,Electronics,5731.3,18.8,Debit Card,9,0,0.0,0.09,187,0,0
103809,1939,Furniture,14084.4,2.4,UPI,10,0,0.0,0.11,68,3,0
103810,908,Furniture,6167.75,36.8,UPI,8,1,0.125,0.11,25,1,0
103811,1332,Mobile Accessories,508.08,5.1,UPI,14,5,0.357,0.06,7,2,1
103812,714,Footwear,3485.59,1.8,UPI,9,0,0.0,0.24,24,1,0
103813,789,Apparel - Womens,1342.29,18.4,Credit Card,18,4,0.222,0.28,65,0,0
103814,690,Electronics,1450.9,20.2,Credit Card,9,6,0.667,0.09,29,2,0
103815,1112,Furniture,7627.05,16.7,Netbanking,9,1,0.111,0.11,0,1,0
103816,780,Mobile Accessories,437.56,4.6,UPI,12,1,0.083,0.06,24,1,0
103817,1305,Mobile Accessories,699.24,9.1,Credit Card,10,2,0.2,0.06,23,1,0
103818,1663,Mobile Accessories,497.04,14.4,Credit Card,11,0,0.0,0.06,80,3,0
103819,305,Electronics,12907.28,5.4,UPI,10,2,0.2,0.09,17,1,0
103820,157,Furniture,5418.73,8.2,Debit Card,14,4,0.286,0.11,28,2,0
103821,632,Home & Kitchen,2271.61,14.9,COD,12,0,0.0,0.07,3,1,0
103822,32,Beauty,1168.78,28.5,UPI,14,5,0.357,0.05,24,2,1
103823,1812,Beauty,1018.15,7.5,COD,18,3,0.167,0.05,9,2,0
103824,728,Apparel - Mens,2725.63,4.4,COD,18,3,0.167,0.19,56,0,1
103825,1349,Apparel - Womens,1038.51,6.9,UPI,10,0,0.0,0.28,13,1,1
103826,1532,Apparel - Mens,1351.88,21.2,Netbanking,13,4,0.308,0.19,55,4,0
103827,144,Beauty,866.31,8.9,Netbanking,9,2,0.222,0.05,6,2,0
103828,10,Beauty,693.97,8.9,Credit Card,9,4,0.444,0.05,22,0,0
103829,1791,Footwear,3100.0,1.9,UPI,13,2,0.154,0.24,177,2,0
103830,1443,Beauty,1470.84,18.8,Credit Card,8,2,0.25,0.05,27,1,0
103831,1604,Footwear,1856.2,5.3,COD,14,1,0.071,0.24,9,1,0
103832,1689,Beauty,945.45,2.1,COD,16,3,0.188,0.05,3,2,0
103833,1692,Apparel - Womens,1808.13,4.9,Debit Card,13,0,0.0,0.28,54,1,0
103834,2024,Furniture,10472.74,8.9,COD,12,3,0.25,0.11,39,0,0
103835,1777,Apparel - Womens,3268.38,4.1,UPI,10,3,0.3,0.28,56,2,1
103836,1537,Home & Kitchen,3355.74,6.7,UPI,9,8,0.889,0.07,16,0,1
103837,1632,Furniture,14577.79,9.6,Debit Card,9,1,0.111,0.11,33,2,0
103838,2075,Apparel - Womens,1788.73,5.3,UPI,14,0,0.0,0.28,19,4,0
103839,1746,Apparel - Womens,2680.43,32.7,UPI,12,0,0.0,0.28,5,1,1
103840,909,Electronics,8848.19,7.5,COD,17,2,0.118,0.09,0,1,0
103841,20,Footwear,2671.85,22.9,UPI,13,2,0.154,0.24,11,1,0
103842,2154,Mobile Accessories,713.68,12.9,COD,12,1,0.083,0.06,0,1,0
103843,1649,Home & Kitchen,1964.83,7.8,Debit Card,13,1,0.077,0.07,12,2,0
103844,2046,Beauty,1107.28,10.2,COD,11,1,0.091,0.05,3,0,0
103845,321,Footwear,1270.34,3.6,Debit Card,10,2,0.2,0.24,26,3,0
103846,1193,Footwear,2319.78,9.8,Credit Card,15,5,0.333,0.24,15,0,1
103847,851,Footwear,4461.51,23.2,UPI,16,6,0.375,0.24,6,2,1
103848,1864,Footwear,1641.39,6.8,UPI,14,7,0.5,0.24,14,2,1
103849,478,Home & Kitchen,2072.86,29.4,Debit Card,16,3,0.188,0.07,39,1,1
103850,975,Mobile Accessories,672.4,4.6,COD,7,1,0.143,0.06,22,0,0
103851,1252,Apparel - Womens,2352.19,10.4,Credit Card,10,4,0.4,0.28,4,2,1
103852,1591,Apparel - Womens,150.0,14.8,UPI,10,6,0.6,0.28,63,1,1
103853,1702,Beauty,534.41,13.9,UPI,16,5,0.312,0.05,33,4,0
103854,1788,Mobile Accessories,310.14,12.4,Credit Card,13,8,0.615,0.06,60,1,0
103855,1697,Apparel - Mens,992.93,7.1,COD,13,3,0.231,0.19,4,0,0
103856,755,Apparel - Womens,2812.21,23.1,Credit Card,15,3,0.2,0.28,13,0,0
103857,41,Mobile Accessories,999.81,6.2,UPI,9,3,0.333,0.06,40,2,0
103858,94,Beauty,1267.17,21.5,COD,9,0,0.0,0.05,64,2,0
103859,617,Apparel - Mens,1948.48,27.5,UPI,13,2,0.154,0.19,33,0,0
103860,1204,Furniture,5588.71,11.5,UPI,8,1,0.125,0.11,18,0,0
103861,1482,Home & Kitchen,2909.92,8.7,Credit Card,9,0,0.0,0.07,25,2,0
103862,689,Electronics,9198.32,15.4,COD,9,1,0.111,0.09,31,3,0
103863,1761,Home & Kitchen,1145.43,4.1,Credit Card,14,3,0.214,0.07,27,0,0
103864,35,Apparel - Mens,1809.21,9.8,COD,13,4,0.308,0.19,70,1,0
103865,2158,Apparel - Womens,1376.51,5.1,UPI,11,2,0.182,0.28,9,0,0
103866,909,Footwear,1422.41,15.4,UPI,17,2,0.118,0.24,91,0,0
103867,1410,Furniture,14988.66,5.6,UPI,15,3,0.2,0.11,59,0,0
103868,16,Beauty,1275.66,15.8,Debit Card,11,2,0.182,0.05,10,2,0
103869,701,Footwear,1824.52,29.4,Credit Card,10,2,0.2,0.24,5,0,0
103870,2000,Furniture,12307.05,4.7,Credit Card,16,2,0.125,0.11,15,1,0
103871,1087,Footwear,1765.11,10.4,COD,14,5,0.357,0.24,36,1,0
103872,517,Apparel - Womens,2168.25,4.7,UPI,12,1,0.083,0.28,7,0,0
103873,1911,Electronics,4675.53,19.0,Netbanking,11,2,0.182,0.09,4,1,0
103874,1791,Beauty,962.74,6.5,UPI,13,2,0.154,0.05,25,1,0
103875,1121,Footwear,1851.79,5.5,UPI,12,1,0.083,0.24,16,0,0
103876,1999,Apparel - Womens,1474.88,17.6,Debit Card,13,0,0.0,0.28,207,1,0
103877,2042,Mobile Accessories,552.38,12.3,Credit Card,10,3,0.3,0.06,125,0,0
103878,510,Apparel - Womens,2003.84,8.3,COD,18,5,0.278,0.28,41,0,0
103879,1487,Apparel - Mens,1023.18,18.1,COD,15,1,0.067,0.19,8,0,0
103880,1219,Electronics,9033.79,7.7,UPI,11,2,0.182,0.09,1,1,0
103881,570,Electronics,2577.04,11.8,Debit Card,12,2,0.167,0.09,78,1,0
103882,1843,Beauty,787.93,16.8,COD,7,3,0.429,0.05,30,1,0
103883,586,Apparel - Womens,704.78,20.7,UPI,13,4,0.308,0.28,21,0,0
103884,1250,Apparel - Womens,1433.19,4.7,Debit Card,16,1,0.062,0.28,28,1,0
103885,1928,Footwear,3100.81,19.7,COD,18,1,0.056,0.24,97,2,0
103886,1281,Footwear,1736.99,8.2,Debit Card,13,4,0.308,0.24,23,3,0
103887,945,Footwear,1288.59,42.8,COD,13,1,0.077,0.24,95,3,0
103888,2070,Electronics,3934.11,8.6,UPI,10,1,0.1,0.09,51,1,1
103889,837,Furniture,8018.36,31.7,UPI,10,1,0.1,0.11,0,2,0
103890,1417,Footwear,3525.79,13.2,UPI,14,5,0.357,0.24,6,0,0
103891,222,Beauty,943.52,23.3,COD,11,3,0.273,0.05,18,0,1
103892,273,Furniture,4698.39,13.5,Debit Card,13,5,0.385,0.11,62,1,1
103893,2159,Apparel - Womens,1484.75,0.1,UPI,12,2,0.167,0.28,72,2,0
103894,1589,Footwear,1810.92,10.9,Credit Card,13,1,0.077,0.24,13,0,0
103895,1564,Electronics,4537.29,23.4,Debit Card,16,2,0.125,0.09,19,0,0
103896,1879,Footwear,2902.04,2.7,Credit Card,16,3,0.188,0.24,2,0,0
103897,826,Mobile Accessories,740.67,5.9,UPI,9,6,0.667,0.06,10,1,0
103898,1983,Beauty,1025.15,24.2,Credit Card,15,2,0.133,0.05,9,1,0
103899,1283,Apparel - Womens,1866.38,6.6,UPI,11,2,0.182,0.28,29,1,1
103900,19,Electronics,7240.16,5.4,Credit Card,17,0,0.0,0.09,7,3,0
103901,1498,Apparel - Mens,945.91,2.3,COD,13,1,0.077,0.19,1,0,0
103902,2070,Footwear,1436.27,9.1,Netbanking,10,1,0.1,0.24,76,1,0
103903,290,Furniture,5330.26,17.3,Credit Card,22,7,0.318,0.11,52,0,0
103904,892,Home & Kitchen,2474.1,11.7,Credit Card,17,7,0.412,0.07,16,2,0
103905,491,Footwear,3933.85,3.6,Debit Card,11,1,0.091,0.24,63,2,0
103906,954,Apparel - Womens,2051.35,11.5,Netbanking,8,1,0.125,0.28,5,0,1
103907,190,Mobile Accessories,415.77,12.4,COD,16,7,0.438,0.06,2,3,0
103908,376,Apparel - Mens,2113.65,8.5,Debit Card,9,1,0.111,0.19,26,2,0
103909,2033,Furniture,2179.95,4.9,Debit Card,11,3,0.273,0.11,26,0,0
103910,2190,Beauty,448.57,25.8,UPI,11,1,0.091,0.05,55,1,0
103911,1190,Footwear,150.0,46.7,COD,16,1,0.062,0.24,2,3,0
103912,686,Footwear,1820.28,6.1,Credit Card,12,3,0.25,0.24,21,3,1
103913,1323,Apparel - Womens,3700.46,12.1,Credit Card,9,0,0.0,0.28,1,1,0
103914,902,Apparel - Womens,733.03,11.9,Debit Card,17,11,0.647,0.28,33,3,1
103915,1343,Mobile Accessories,983.7,15.6,COD,17,0,0.0,0.06,37,3,0
103916,524,Electronics,7546.05,4.5,Debit Card,13,2,0.154,0.09,56,0,0
103917,261,Electronics,7926.23,27.2,Debit Card,6,1,0.167,0.09,1,2,1
103918,797,Home & Kitchen,4089.09,25.1,Netbanking,9,0,0.0,0.07,111,2,0
103919,25,Apparel - Womens,1883.02,6.6,Netbanking,11,1,0.091,0.28,135,1,0
103920,1920,Mobile Accessories,935.59,2.1,Credit Card,12,2,0.167,0.06,193,0,0
103921,1603,Home & Kitchen,2875.93,17.0,Credit Card,10,3,0.3,0.07,13,1,0
103922,726,Furniture,18185.15,5.7,COD,10,3,0.3,0.11,7,1,1
103923,940,Furniture,13581.93,0.9,COD,17,3,0.176,0.11,34,2,0
103924,47,Mobile Accessories,594.31,28.9,UPI,8,1,0.125,0.06,10,0,0
103925,434,Apparel - Womens,614.11,11.2,UPI,9,0,0.0,0.28,74,0,0
103926,472,Apparel - Mens,1204.03,12.2,UPI,9,3,0.333,0.19,28,2,0
103927,7,Home & Kitchen,3578.82,14.4,Credit Card,15,4,0.267,0.07,53,1,0
103928,1291,Furniture,16525.05,10.7,UPI,10,5,0.5,0.11,27,1,1
103929,139,Electronics,3439.57,4.0,Netbanking,9,0,0.0,0.09,48,1,0
103930,817,Footwear,2131.15,22.1,UPI,11,3,0.273,0.24,45,1,1
103931,984,Apparel - Womens,1720.9,9.5,Debit Card,7,0,0.0,0.28,15,1,1
103932,1929,Mobile Accessories,523.09,37.4,Credit Card,11,2,0.182,0.06,12,0,0
103933,1206,Footwear,2800.9,8.9,UPI,8,1,0.125,0.24,3,0,0
103934,1510,Electronics,6682.25,10.8,Debit Card,10,1,0.1,0.09,37,0,0
103935,2196,Footwear,1926.35,12.6,Debit Card,12,1,0.083,0.24,5,1,1
103936,171,Home & Kitchen,1591.89,6.0,Credit Card,9,2,0.222,0.07,10,1,0
103937,2113,Furniture,9189.52,1.0,COD,12,0,0.0,0.11,39,3,0
103938,590,Home & Kitchen,2015.93,8.9,Netbanking,9,0,0.0,0.07,23,1,0
103939,1525,Electronics,5328.18,19.5,UPI,12,2,0.167,0.09,8,0,0
103940,1765,Home & Kitchen,2761.55,15.1,UPI,15,1,0.067,0.07,94,1,0
103941,1070,Home & Kitchen,2436.67,12.2,UPI,13,1,0.077,0.07,63,0,0
103942,724,Apparel - Womens,1749.48,7.7,Debit Card,14,0,0.0,0.28,1,3,0
103943,484,Electronics,8012.4,13.0,Credit Card,5,0,0.0,0.09,50,2,0
103944,928,Electronics,6868.34,27.1,Netbanking,11,2,0.182,0.09,23,2,0
103945,290,Apparel - Mens,1757.71,19.8,Credit Card,22,7,0.318,0.19,5,2,1
103946,1983,Footwear,1591.45,3.5,Debit Card,15,2,0.133,0.24,12,2,0
103947,811,Apparel - Mens,1486.43,24.2,UPI,16,4,0.25,0.19,17,0,0
103948,492,Electronics,10537.93,5.8,Debit Card,16,7,0.438,0.09,6,2,0
103949,1932,Apparel - Mens,2117.85,16.2,Debit Card,16,1,0.062,0.19,37,0,0
103950,2010,Apparel - Mens,632.59,3.2,UPI,10,1,0.1,0.19,29,1,0
103951,1476,Apparel - Mens,1073.07,25.4,UPI,7,3,0.429,0.19,46,1,1
103952,728,Apparel - Mens,1959.92,13.5,Credit Card,18,3,0.167,0.19,18,1,1
103953,411,Mobile Accessories,609.1,13.6,COD,14,2,0.143,0.06,74,0,0
103954,456,Apparel - Womens,1424.2,19.4,UPI,13,0,0.0,0.28,41,2,0
103955,292,Apparel - Womens,1775.35,12.1,COD,11,0,0.0,0.28,28,1,0
103956,2051,Home & Kitchen,3241.42,4.7,UPI,14,1,0.071,0.07,17,1,0
103957,339,Footwear,3438.99,11.7,COD,16,0,0.0,0.24,39,1,0
103958,1442,Home & Kitchen,2738.85,9.7,UPI,9,6,0.667,0.07,3,1,1
103959,1302,Beauty,1144.5,8.6,Credit Card,15,7,0.467,0.05,2,4,0
103960,224,Home & Kitchen,1471.63,17.2,COD,9,1,0.111,0.07,29,2,0
103961,1811,Footwear,2111.48,2.0,Debit Card,9,4,0.444,0.24,19,1,1
103962,233,Mobile Accessories,1204.65,9.0,Credit Card,8,1,0.125,0.06,3,3,0
103963,1124,Home & Kitchen,2033.84,34.2,UPI,12,4,0.333,0.07,43,0,0
103964,1000,Mobile Accessories,924.18,8.4,Credit Card,12,1,0.083,0.06,8,1,0
103965,1427,Apparel - Womens,1627.11,23.1,COD,9,0,0.0,0.28,12,4,0
103966,1729,Home & Kitchen,2535.62,25.3,COD,17,0,0.0,0.07,77,0,0
103967,1593,Apparel - Womens,1104.63,4.6,UPI,8,3,0.375,0.28,27,1,0
103968,1906,Beauty,833.07,12.8,COD,10,2,0.2,0.05,20,3,0
103969,303,Footwear,2700.95,6.5,UPI,11,2,0.182,0.24,71,0,1
103970,269,Electronics,8953.34,4.0,Credit Card,10,0,0.0,0.09,21,4,0
103971,2024,Electronics,6251.02,13.5,Debit Card,12,3,0.25,0.09,1,1,0
103972,1290,Electronics,6409.04,13.6,Credit Card,9,2,0.222,0.09,112,0,1
103973,1387,Apparel - Mens,2294.07,3.9,Credit Card,15,3,0.2,0.19,2,3,0
103974,658,Furniture,3489.78,13.8,Debit Card,12,0,0.0,0.11,1,2,0
103975,1805,Footwear,3721.77,26.0,UPI,19,2,0.105,0.24,1,0,0
103976,1243,Beauty,1105.3,24.2,UPI,13,0,0.0,0.05,28,0,0
103977,1224,Apparel - Mens,1102.0,1.2,UPI,15,3,0.2,0.19,25,0,0
103978,1391,Furniture,10439.36,17.3,UPI,9,4,0.444,0.11,3,2,1
103979,2079,Beauty,369.14,12.8,Credit Card,13,0,0.0,0.05,5,2,0
103980,1082,Footwear,2210.22,8.0,UPI,18,6,0.333,0.24,11,1,0
103981,540,Beauty,1000.62,21.5,Debit Card,14,0,0.0,0.05,1,0,0
103982,1131,Footwear,1853.12,4.1,COD,10,3,0.3,0.24,22,0,1
103983,1911,Beauty,769.87,4.1,Credit Card,11,2,0.182,0.05,28,0,0
103984,719,Mobile Accessories,987.17,36.4,COD,17,2,0.118,0.06,25,1,0
103985,2048,Electronics,5431.2,1.2,COD,14,7,0.5,0.09,20,1,0
103986,569,Mobile Accessories,625.59,0.4,UPI,9,1,0.111,0.06,17,2,0
103987,1529,Beauty,601.61,1.4,Credit Card,12,3,0.25,0.05,5,1,0
103988,2076,Mobile Accessories,441.01,1.7,UPI,12,3,0.25,0.06,97,2,0
103989,802,Apparel - Womens,2083.02,2.3,Credit Card,15,0,0.0,0.28,28,0,0
103990,153,Apparel - Womens,1990.01,13.0,Credit Card,10,2,0.2,0.28,0,2,1
103991,2091,Apparel - Womens,2033.76,4.2,UPI,13,4,0.308,0.28,55,0,0
103992,660,Electronics,9428.48,2.5,UPI,7,1,0.143,0.09,19,1,0
103993,1661,Footwear,2844.92,5.6,UPI,11,0,0.0,0.24,29,0,0
103994,98,Furniture,5893.82,20.6,Debit Card,10,0,0.0,0.11,177,0,0
103995,1392,Electronics,6557.03,8.2,Credit Card,10,3,0.3,0.09,47,1,1
103996,2121,Apparel - Mens,1999.63,17.4,UPI,15,1,0.067,0.19,32,2,0
103997,375,Home & Kitchen,2825.77,3.8,Credit Card,8,3,0.375,0.07,3,1,1
103998,1408,Footwear,1094.71,18.6,UPI,10,6,0.6,0.24,58,1,1
103999,1107,Mobile Accessories,1089.86,18.0,Credit Card,8,3,0.375,0.06,33,0,0
104000,1193,Home & Kitchen,2582.49,12.1,COD,15,5,0.333,0.07,39,0,0
104001,1826,Apparel - Mens,806.02,15.6,Credit Card,11,0,0.0,0.19,58,2,0
104002,702,Electronics,6296.02,16.2,Debit Card,9,0,0.0,0.09,21,1,0
104003,2017,Apparel - Mens,1881.99,11.2,Credit Card,12,2,0.167,0.19,55,0,0
104004,2034,Electronics,8817.01,2.2,COD,16,0,0.0,0.09,16,3,0
104005,317,Apparel - Mens,1141.79,21.9,COD,8,0,0.0,0.19,114,1,0
104006,433,Electronics,6168.26,16.4,COD,14,4,0.286,0.09,11,2,1
104007,1962,Beauty,1195.81,17.2,Debit Card,8,0,0.0,0.05,14,1,0
104008,1980,Apparel - Mens,1446.98,19.5,UPI,11,1,0.091,0.19,31,2,0
104009,923,Footwear,1240.39,20.2,UPI,11,0,0.0,0.24,5,1,0
104010,1551,Apparel - Mens,793.03,9.8,Netbanking,17,1,0.059,0.19,41,0,0
104011,1658,Apparel - Mens,1772.83,1.2,Credit Card,9,1,0.111,0.19,17,1,0
104012,922,Footwear,595.15,5.7,UPI,14,0,0.0,0.24,35,1,0
104013,269,Apparel - Mens,2051.73,5.6,Credit Card,10,0,0.0,0.19,0,0,0
104014,1983,Home & Kitchen,3233.02,2.5,COD,15,2,0.133,0.07,5,2,0
104015,1726,Electronics,8225.2,16.0,UPI,15,1,0.067,0.09,10,1,0
104016,478,Mobile Accessories,1144.04,4.6,COD,16,3,0.188,0.06,17,0,0
104017,1084,Apparel - Womens,2084.52,32.2,Netbanking,17,6,0.353,0.28,14,2,0
104018,951,Electronics,9182.78,2.6,Credit Card,15,0,0.0,0.09,88,3,0
104019,1457,Mobile Accessories,150.0,16.0,COD,8,0,0.0,0.06,10,1,0
104020,1026,Mobile Accessories,694.79,15.3,UPI,7,0,0.0,0.06,7,0,0
104021,1405,Home & Kitchen,946.41,6.1,COD,11,1,0.091,0.07,83,2,0
104022,1385,Home & Kitchen,2409.35,5.9,COD,8,2,0.25,0.07,49,2,0
104023,1977,Electronics,5466.78,14.1,UPI,12,1,0.083,0.09,0,1,0
104024,475,Mobile Accessories,863.01,15.5,COD,16,8,0.5,0.06,47,2,0
104025,521,Footwear,1136.21,29.8,Credit Card,6,1,0.167,0.24,46,2,0
104026,138,Furniture,4190.13,21.4,UPI,11,1,0.091,0.11,18,1,0
104027,110,Home & Kitchen,2648.47,16.9,Debit Card,11,1,0.091,0.07,52,1,0
104028,194,Apparel - Mens,825.9,9.9,UPI,16,5,0.312,0.19,1,1,0
104029,73,Home & Kitchen,3190.62,10.1,Debit Card,13,1,0.077,0.07,8,0,0
104030,2193,Furniture,14234.51,23.4,Credit Card,17,2,0.118,0.11,27,0,0
104031,2088,Apparel - Womens,1694.03,15.2,UPI,10,3,0.3,0.28,26,1,1
104032,1199,Apparel - Mens,1870.74,7.6,UPI,11,0,0.0,0.19,16,2,0
104033,1333,Mobile Accessories,816.88,3.1,Credit Card,19,1,0.053,0.06,22,0,0
104034,148,Home & Kitchen,3487.74,2.2,Netbanking,13,1,0.077,0.07,30,3,0
104035,505,Apparel - Womens,1606.16,3.6,Credit Card,11,1,0.091,0.28,57,2,0
104036,410,Footwear,821.1,21.5,Credit Card,7,0,0.0,0.24,14,0,1
104037,1938,Footwear,3768.38,25.2,UPI,12,5,0.417,0.24,42,1,0
104038,1505,Apparel - Womens,3055.4,15.6,COD,8,1,0.125,0.28,8,4,1
104039,970,Beauty,733.47,1.5,COD,10,0,0.0,0.05,110,1,0
104040,1682,Furniture,14626.3,18.2,COD,14,1,0.071,0.11,123,0,0
104041,473,Apparel - Womens,515.86,4.8,UPI,12,4,0.333,0.28,130,3,0
104042,1424,Apparel - Womens,3253.88,17.1,Credit Card,9,2,0.222,0.28,28,1,0
104043,1101,Apparel - Mens,951.96,7.0,UPI,12,1,0.083,0.19,27,1,0
104044,503,Apparel - Womens,1570.19,1.8,Credit Card,8,0,0.0,0.28,20,1,0
104045,1649,Beauty,935.78,1.6,UPI,13,1,0.077,0.05,0,0,0
104046,2064,Footwear,2459.88,16.7,Credit Card,10,1,0.1,0.24,69,2,0
104047,1435,Footwear,1915.76,5.4,Credit Card,9,0,0.0,0.24,48,3,0
104048,1404,Electronics,7378.92,34.0,COD,12,4,0.333,0.09,29,1,0
104049,1633,Home & Kitchen,1093.79,19.8,Credit Card,12,1,0.083,0.07,15,2,0
104050,114,Beauty,751.28,9.7,Credit Card,6,2,0.333,0.05,32,2,0
104051,1878,Apparel - Mens,1787.52,22.8,Credit Card,18,5,0.278,0.19,23,2,1
104052,1208,Home & Kitchen,2427.92,6.3,COD,14,6,0.429,0.07,50,1,0
104053,315,Apparel - Womens,1739.17,7.4,Netbanking,14,5,0.357,0.28,24,3,0
104054,1996,Footwear,1118.32,1.6,Credit Card,12,0,0.0,0.24,25,1,0
104055,1146,Home & Kitchen,1977.62,7.6,UPI,12,4,0.333,0.07,107,1,0
104056,1431,Mobile Accessories,546.31,18.0,UPI,12,0,0.0,0.06,6,1,0
104057,1514,Furniture,11803.61,13.2,Credit Card,12,1,0.083,0.11,23,0,0
104058,497,Home & Kitchen,1570.28,2.4,Debit Card,17,0,0.0,0.07,18,0,0
104059,1570,Mobile Accessories,521.53,2.9,Netbanking,16,5,0.312,0.06,10,1,0
104060,1060,Home & Kitchen,771.38,31.6,UPI,16,4,0.25,0.07,0,2,1
104061,410,Mobile Accessories,445.15,16.9,UPI,7,0,0.0,0.06,166,2,0
104062,1959,Mobile Accessories,907.73,10.1,Credit Card,8,0,0.0,0.06,71,2,0
104063,2039,Mobile Accessories,698.59,16.8,Credit Card,14,3,0.214,0.06,2,1,0
104064,650,Furniture,9702.57,10.4,Debit Card,13,4,0.308,0.11,11,1,0
104065,956,Footwear,2136.41,0.6,UPI,7,1,0.143,0.24,167,0,0
104066,1269,Footwear,2922.69,13.3,UPI,13,1,0.077,0.24,109,4,1
104067,286,Electronics,4367.91,14.0,Credit Card,7,3,0.429,0.09,23,0,0
104068,607,Apparel - Mens,2117.66,30.6,COD,13,2,0.154,0.19,64,0,0
104069,720,Furniture,7152.0,23.5,Credit Card,12,1,0.083,0.11,10,1,0
104070,1949,Footwear,3217.86,1.4,Netbanking,14,2,0.143,0.24,195,2,0
104071,1756,Furniture,7997.96,6.9,Debit Card,10,1,0.1,0.11,17,2,0
104072,222,Beauty,1302.53,14.3,UPI,11,3,0.273,0.05,11,2,1
104073,1802,Electronics,9310.13,8.7,Debit Card,16,2,0.125,0.09,121,5,1
104074,1000,Furniture,7887.06,12.5,COD,12,1,0.083,0.11,15,2,0
104075,2070,Electronics,4590.06,37.2,COD,10,1,0.1,0.09,263,0,0
104076,2073,Home & Kitchen,1757.93,22.7,Credit Card,16,8,0.5,0.07,5,0,1
104077,2083,Mobile Accessories,150.0,4.9,Debit Card,15,1,0.067,0.06,33,2,1
104078,1519,Footwear,1426.58,19.0,COD,8,2,0.25,0.24,10,1,0
104079,1194,Apparel - Womens,1009.18,13.0,UPI,16,0,0.0,0.28,77,1,0
104080,593,Mobile Accessories,1046.91,4.5,Netbanking,12,0,0.0,0.06,34,0,0
104081,2113,Mobile Accessories,180.89,1.5,UPI,12,0,0.0,0.06,33,1,0
104082,86,Apparel - Mens,919.67,6.2,UPI,11,1,0.091,0.19,30,0,0
104083,1940,Footwear,1255.24,5.9,UPI,9,2,0.222,0.24,7,0,1
104084,1733,Apparel - Womens,430.86,43.9,Debit Card,8,2,0.25,0.28,4,3,1
104085,2164,Electronics,6168.43,1.0,Credit Card,9,1,0.111,0.09,7,1,0
104086,2077,Footwear,3164.92,20.6,COD,12,0,0.0,0.24,47,1,0
104087,1667,Apparel - Mens,1629.61,10.3,Credit Card,13,4,0.308,0.19,27,2,0
104088,744,Footwear,2441.81,22.6,UPI,15,4,0.267,0.24,10,2,0
104089,425,Beauty,361.45,2.8,Debit Card,8,2,0.25,0.05,11,2,0
104090,158,Apparel - Womens,1316.08,4.9,UPI,14,1,0.071,0.28,139,3,0
104091,107,Apparel - Mens,712.6,9.1,UPI,12,4,0.333,0.19,12,1,1
104092,1808,Beauty,1234.41,11.0,UPI,11,1,0.091,0.05,75,0,0
104093,194,Beauty,1397.73,29.3,Debit Card,16,5,0.312,0.05,288,2,0
104094,681,Furniture,14573.41,10.4,Debit Card,16,7,0.438,0.11,44,1,1
104095,1252,Footwear,1931.03,15.1,UPI,10,4,0.4,0.24,17,2,1
104096,1611,Furniture,3877.56,12.1,COD,11,2,0.182,0.11,32,0,0
104097,1726,Electronics,8987.9,13.4,Debit Card,15,1,0.067,0.09,6,0,0
104098,1537,Electronics,11421.56,6.5,Debit Card,9,8,0.889,0.09,50,5,1
104099,510,Electronics,6118.13,14.2,Credit Card,18,5,0.278,0.09,54,0,0
104100,26,Home & Kitchen,2547.62,17.8,COD,11,2,0.182,0.07,82,1,0
104101,873,Mobile Accessories,309.01,4.9,UPI,16,4,0.25,0.06,72,1,0
104102,1836,Electronics,5941.94,12.5,Credit Card,12,1,0.083,0.09,5,2,0
104103,872,Apparel - Mens,1050.75,8.5,Debit Card,14,4,0.286,0.19,7,0,0
104104,618,Home & Kitchen,1284.61,1.9,COD,9,1,0.111,0.07,24,2,1
104105,1907,Footwear,2501.37,0.5,UPI,12,1,0.083,0.24,0,2,0
104106,1680,Apparel - Womens,1954.09,0.3,Credit Card,13,3,0.231,0.28,74,3,0
104107,1624,Electronics,7249.83,11.2,UPI,8,1,0.125,0.09,48,0,0
104108,1283,Footwear,1977.89,9.4,Credit Card,11,2,0.182,0.24,21,2,0
104109,1376,Footwear,3558.37,10.7,Credit Card,18,5,0.278,0.24,85,0,0
104110,1442,Home & Kitchen,2374.39,30.9,Credit Card,9,6,0.667,0.07,42,1,0
104111,1268,Home & Kitchen,444.74,0.4,UPI,18,2,0.111,0.07,33,2,0
104112,1202,Mobile Accessories,240.23,1.5,Debit Card,12,5,0.417,0.06,25,1,1
104113,1935,Apparel - Womens,1710.52,25.1,Credit Card,14,0,0.0,0.28,8,1,0
104114,1469,Apparel - Womens,844.21,15.9,UPI,9,4,0.444,0.28,26,1,0
104115,1401,Mobile Accessories,273.43,6.1,Debit Card,12,4,0.333,0.06,12,0,1
104116,1094,Home & Kitchen,656.25,20.8,UPI,11,3,0.273,0.07,13,1,0
104117,165,Mobile Accessories,509.21,13.4,Debit Card,16,0,0.0,0.06,39,0,0
104118,1252,Furniture,10798.89,31.2,UPI,10,4,0.4,0.11,19,0,0
104119,280,Apparel - Mens,598.41,9.5,COD,12,2,0.167,0.19,36,1,0
104120,16,Apparel - Womens,2214.05,22.9,UPI,11,2,0.182,0.28,42,1,0
104121,155,Electronics,7697.41,4.3,UPI,13,0,0.0,0.09,15,1,0
104122,558,Footwear,2685.3,4.0,COD,11,4,0.364,0.24,5,1,0
104123,835,Mobile Accessories,1222.29,37.4,Credit Card,19,0,0.0,0.06,15,1,0
104124,1719,Apparel - Mens,2191.16,4.7,COD,7,1,0.143,0.19,19,0,0
104125,1603,Footwear,2913.22,7.3,UPI,10,3,0.3,0.24,28,4,0
104126,1529,Footwear,2917.3,8.0,COD,12,3,0.25,0.24,78,3,0
104127,2012,Footwear,3466.81,10.7,Credit Card,11,3,0.273,0.24,5,0,0
104128,1483,Apparel - Mens,974.39,0.7,Credit Card,8,3,0.375,0.19,30,1,1
104129,961,Footwear,3719.09,26.1,UPI,14,0,0.0,0.24,7,1,0
104130,1606,Home & Kitchen,3844.41,7.7,Credit Card,9,0,0.0,0.07,19,1,0
104131,558,Beauty,1146.11,3.1,UPI,11,4,0.364,0.05,32,0,1
104132,8,Apparel - Mens,2103.15,3.4,Credit Card,16,0,0.0,0.19,22,2,0
104133,309,Furniture,9531.48,29.3,COD,9,0,0.0,0.11,139,0,0
104134,1322,Mobile Accessories,403.41,10.5,Credit Card,15,0,0.0,0.06,25,3,0
104135,2157,Electronics,6247.46,17.4,UPI,13,1,0.077,0.09,45,0,0
104136,1499,Apparel - Mens,1851.55,24.2,UPI,13,1,0.077,0.19,142,2,0
104137,1117,Apparel - Mens,1317.4,8.1,Credit Card,15,2,0.133,0.19,20,0,0
104138,1490,Electronics,8450.88,3.8,UPI,17,4,0.235,0.09,18,0,1
104139,1649,Home & Kitchen,2386.31,6.7,UPI,13,1,0.077,0.07,15,0,0
104140,78,Home & Kitchen,3379.07,3.6,UPI,6,1,0.167,0.07,55,0,0
104141,1986,Home & Kitchen,1977.54,9.7,Credit Card,9,2,0.222,0.07,2,3,1
104142,1873,Home & Kitchen,2318.22,17.0,Credit Card,13,3,0.231,0.07,22,1,0
104143,1604,Electronics,5382.24,26.4,Credit Card,14,1,0.071,0.09,97,1,0
104144,1208,Apparel - Mens,2027.19,18.9,Credit Card,14,6,0.429,0.19,34,2,0
104145,1131,Furniture,10758.07,9.0,UPI,10,3,0.3,0.11,59,2,0
104146,371,Furniture,9202.69,7.9,UPI,15,1,0.067,0.11,89,3,0
104147,300,Electronics,3634.51,6.1,UPI,11,1,0.091,0.09,29,2,1
104148,1726,Footwear,2765.23,3.9,Credit Card,15,1,0.067,0.24,2,0,1
104149,36,Apparel - Womens,1693.91,1.8,COD,19,0,0.0,0.28,13,0,1
104150,2194,Home & Kitchen,2244.07,36.6,UPI,7,1,0.143,0.07,61,0,0
104151,1638,Beauty,820.1,7.9,Netbanking,14,4,0.286,0.05,49,0,0
104152,1493,Furniture,12289.36,14.7,COD,7,0,0.0,0.11,59,2,0
104153,1717,Mobile Accessories,313.64,17.2,COD,7,1,0.143,0.06,36,0,0
104154,1025,Mobile Accessories,1133.59,2.9,UPI,6,1,0.167,0.06,24,3,0
104155,266,Footwear,2291.39,2.8,COD,18,0,0.0,0.24,25,0,0
104156,2111,Electronics,2259.5,8.4,COD,8,1,0.125,0.09,19,0,0
104157,1395,Apparel - Womens,2669.46,11.2,UPI,15,3,0.2,0.28,75,0,0
104158,758,Footwear,2844.46,23.0,COD,14,6,0.429,0.24,90,3,1
104159,2046,Apparel - Womens,1933.13,23.9,COD,11,1,0.091,0.28,1,0,1
104160,1299,Footwear,2262.91,9.1,UPI,16,6,0.375,0.24,25,1,0
104161,1335,Apparel - Womens,2408.85,3.3,Netbanking,17,2,0.118,0.28,10,0,0
104162,1909,Home & Kitchen,2026.96,20.3,COD,9,0,0.0,0.07,73,1,0
104163,1746,Mobile Accessories,546.54,23.1,Netbanking,12,0,0.0,0.06,90,1,0
104164,1688,Mobile Accessories,659.28,3.8,Debit Card,10,0,0.0,0.06,21,0,0
104165,1990,Mobile Accessories,524.32,1.4,UPI,13,4,0.308,0.06,120,0,0
104166,1439,Apparel - Mens,2229.14,4.2,Debit Card,17,1,0.059,0.19,52,0,0
104167,472,Furniture,6437.34,15.6,UPI,9,3,0.333,0.11,50,0,0
104168,444,Apparel - Womens,2196.94,7.0,Credit Card,15,1,0.067,0.28,5,2,0
104169,221,Apparel - Womens,1644.32,3.9,Debit Card,14,5,0.357,0.28,29,2,1
104170,1470,Mobile Accessories,150.0,21.4,UPI,13,6,0.462,0.06,40,0,1
104171,157,Apparel - Womens,2702.92,24.3,Debit Card,14,4,0.286,0.28,26,0,1
104172,207,Mobile Accessories,774.01,27.4,Credit Card,12,2,0.167,0.06,0,1,0
104173,430,Electronics,4218.16,10.2,UPI,15,3,0.2,0.09,78,1,0
104174,720,Beauty,1247.4,2.1,COD,12,1,0.083,0.05,9,2,0
104175,540,Beauty,821.91,3.2,Credit Card,14,0,0.0,0.05,31,0,0
104176,1272,Beauty,554.04,20.3,COD,12,0,0.0,0.05,14,3,0
104177,739,Furniture,7867.84,29.0,Credit Card,7,1,0.143,0.11,47,2,1
104178,2148,Apparel - Mens,1613.2,10.7,Credit Card,12,3,0.25,0.19,42,0,0
104179,1244,Apparel - Mens,1362.3,25.4,UPI,15,4,0.267,0.19,45,1,0
104180,1411,Apparel - Womens,1727.15,3.7,COD,14,1,0.071,0.28,17,1,0
104181,21,Apparel - Mens,1824.95,23.5,Debit Card,10,2,0.2,0.19,209,1,0
104182,2131,Apparel - Mens,2223.2,1.7,COD,11,1,0.091,0.19,1,2,0
104183,1601,Home & Kitchen,3314.55,10.6,Debit Card,7,3,0.429,0.07,15,0,0
104184,1039,Apparel - Womens,1813.32,0.9,COD,17,0,0.0,0.28,14,0,0
104185,204,Electronics,6721.64,22.6,COD,9,0,0.0,0.09,61,0,0
104186,1071,Apparel - Womens,2021.89,3.9,Credit Card,10,1,0.1,0.28,26,3,0
104187,1113,Footwear,2576.65,37.4,UPI,9,1,0.111,0.24,10,1,0
104188,1198,Mobile Accessories,822.38,28.5,UPI,15,0,0.0,0.06,2,2,0
104189,442,Beauty,622.22,10.6,Debit Card,11,0,0.0,0.05,16,1,0
104190,2139,Apparel - Womens,1258.29,13.8,Credit Card,16,0,0.0,0.28,53,1,0
104191,255,Electronics,9283.6,30.5,Credit Card,14,0,0.0,0.09,37,0,0
104192,1415,Footwear,2886.45,41.2,COD,12,3,0.25,0.24,53,3,1
104193,1897,Home & Kitchen,4727.6,8.3,Credit Card,11,0,0.0,0.07,9,1,0
104194,161,Apparel - Womens,2095.37,1.1,UPI,11,1,0.091,0.28,6,2,0
104195,68,Furniture,10694.66,4.7,UPI,15,0,0.0,0.11,77,2,0
104196,1807,Electronics,10282.37,5.0,Credit Card,14,3,0.214,0.09,85,0,0
104197,2121,Apparel - Womens,1418.9,16.7,Debit Card,15,1,0.067,0.28,25,1,0
104198,199,Electronics,7202.37,6.0,UPI,20,7,0.35,0.09,143,2,0
104199,1573,Apparel - Mens,394.6,32.2,COD,10,2,0.2,0.19,6,2,0
104200,860,Home & Kitchen,2964.16,32.4,UPI,10,3,0.3,0.07,142,1,0
104201,197,Apparel - Womens,1737.19,19.9,COD,19,2,0.105,0.28,50,1,1
104202,2149,Home & Kitchen,2667.2,12.5,Credit Card,16,0,0.0,0.07,12,2,0
104203,1585,Home & Kitchen,2781.7,12.9,Credit Card,13,3,0.231,0.07,18,1,0
104204,805,Electronics,5230.82,11.9,Credit Card,13,1,0.077,0.09,6,1,0
104205,145,Furniture,18147.24,5.2,Debit Card,12,5,0.417,0.11,1,2,1
104206,1662,Apparel - Womens,1845.27,7.3,Debit Card,13,8,0.615,0.28,75,1,0
104207,721,Beauty,845.46,7.2,UPI,11,0,0.0,0.05,2,2,0
104208,107,Beauty,1717.93,6.9,UPI,12,4,0.333,0.05,2,2,0
104209,1258,Apparel - Womens,1336.68,7.2,COD,10,0,0.0,0.28,24,0,0
104210,860,Home & Kitchen,2539.68,11.6,UPI,10,3,0.3,0.07,10,2,1
104211,1902,Apparel - Mens,3147.77,20.4,Credit Card,13,1,0.077,0.19,113,3,0
104212,1190,Electronics,1636.08,4.0,Credit Card,16,1,0.062,0.09,15,1,0
104213,1915,Home & Kitchen,3075.49,10.8,Debit Card,11,4,0.364,0.07,13,2,0
104214,1913,Apparel - Mens,918.11,16.8,UPI,10,3,0.3,0.19,19,1,0
104215,1445,Footwear,3561.02,1.7,Debit Card,4,1,0.25,0.24,9,0,0
104216,1873,Apparel - Womens,2534.71,3.3,Debit Card,13,3,0.231,0.28,8,1,0
104217,1318,Electronics,7709.33,5.2,UPI,13,0,0.0,0.09,1,2,0
104218,690,Beauty,1280.61,2.5,Credit Card,9,6,0.667,0.05,58,1,0
104219,1553,Footwear,2511.59,16.7,Debit Card,9,3,0.333,0.24,39,2,1
104220,1760,Apparel - Mens,1302.23,13.7,UPI,9,0,0.0,0.19,9,1,0
104221,843,Mobile Accessories,1248.4,14.6,UPI,9,2,0.222,0.06,164,0,0
104222,186,Furniture,6938.74,15.7,Debit Card,12,4,0.333,0.11,22,3,1
104223,1091,Beauty,1009.48,23.5,Debit Card,10,4,0.4,0.05,2,0,1
104224,1720,Apparel - Mens,1020.7,13.6,Debit Card,21,2,0.095,0.19,14,2,0
104225,1912,Home & Kitchen,2108.52,23.3,UPI,11,5,0.455,0.07,8,3,0
104226,1195,Footwear,2710.89,14.6,UPI,17,10,0.588,0.24,36,2,1
104227,1529,Beauty,671.52,24.0,Debit Card,12,3,0.25,0.05,21,1,0
104228,1670,Beauty,815.79,6.6,Credit Card,16,1,0.062,0.05,26,2,0
104229,200,Footwear,165.42,12.3,Debit Card,11,2,0.182,0.24,17,0,1
104230,87,Apparel - Womens,2342.91,16.2,Debit Card,10,2,0.2,0.28,2,3,0
104231,1674,Footwear,2463.27,40.1,UPI,11,2,0.182,0.24,47,2,0
104232,1075,Apparel - Womens,451.24,14.9,COD,6,0,0.0,0.28,35,1,1
104233,2026,Furniture,16821.9,2.6,UPI,6,0,0.0,0.11,7,0,0
104234,874,Home & Kitchen,3761.5,17.2,UPI,14,4,0.286,0.07,24,0,0
104235,2109,Mobile Accessories,527.7,5.7,UPI,14,1,0.071,0.06,22,0,0
104236,1402,Footwear,1833.18,16.6,COD,14,5,0.357,0.24,65,2,0
104237,198,Furniture,12483.52,6.5,COD,14,1,0.071,0.11,37,1,0
104238,1194,Apparel - Mens,1396.35,4.9,Debit Card,16,0,0.0,0.19,10,2,0
104239,1769,Electronics,4666.74,10.8,Credit Card,18,4,0.222,0.09,32,2,0
104240,549,Beauty,991.31,12.8,Debit Card,7,1,0.143,0.05,39,1,0
104241,1271,Footwear,1853.52,6.5,Credit Card,20,1,0.05,0.24,17,3,1
104242,955,Apparel - Womens,1593.47,10.1,Debit Card,7,1,0.143,0.28,34,4,0
104243,1219,Furniture,9438.8,4.5,COD,11,2,0.182,0.11,22,1,0
104244,1823,Apparel - Womens,1159.61,16.0,Debit Card,17,0,0.0,0.28,15,3,1
104245,2126,Home & Kitchen,1489.27,7.0,UPI,11,0,0.0,0.07,8,0,0
104246,1475,Furniture,4557.42,6.3,COD,8,0,0.0,0.11,62,1,0
104247,1874,Home & Kitchen,2372.55,14.0,Credit Card,12,1,0.083,0.07,16,1,0
104248,201,Mobile Accessories,745.65,13.3,UPI,10,2,0.2,0.06,30,0,0
104249,213,Beauty,1180.07,8.0,Credit Card,13,5,0.385,0.05,73,0,0
104250,564,Beauty,894.63,19.1,Netbanking,12,0,0.0,0.05,2,3,0
104251,1478,Electronics,5734.55,29.6,UPI,10,2,0.2,0.09,37,1,0
104252,882,Footwear,2597.7,10.7,Credit Card,11,0,0.0,0.24,106,0,1
104253,1653,Beauty,745.28,10.3,Netbanking,13,1,0.077,0.05,18,1,0
104254,106,Home & Kitchen,2000.6,15.3,Credit Card,13,3,0.231,0.07,86,1,0
104255,1703,Home & Kitchen,2215.05,6.2,UPI,6,2,0.333,0.07,0,0,0
104256,430,Mobile Accessories,922.56,2.6,Debit Card,15,3,0.2,0.06,39,3,0
104257,1927,Electronics,6585.82,20.3,Debit Card,11,0,0.0,0.09,43,1,0
104258,591,Beauty,1341.86,17.6,COD,19,4,0.211,0.05,38,2,0
104259,556,Mobile Accessories,429.76,4.2,UPI,14,3,0.214,0.06,55,1,0
104260,1018,Electronics,5571.46,24.9,Credit Card,8,1,0.125,0.09,10,0,1
104261,687,Mobile Accessories,512.6,8.1,UPI,7,3,0.429,0.06,9,1,0
104262,553,Beauty,234.8,0.7,COD,18,1,0.056,0.05,49,2,0
104263,1626,Footwear,4122.13,3.6,Debit Card,13,8,0.615,0.24,11,2,0
104264,848,Home & Kitchen,693.97,5.3,UPI,11,1,0.091,0.07,1,3,0
104265,1645,Footwear,3866.52,13.9,COD,11,3,0.273,0.24,23,1,0
104266,1856,Apparel - Womens,932.67,8.0,UPI,15,3,0.2,0.28,10,1,0
104267,1554,Electronics,9041.55,34.2,COD,13,2,0.154,0.09,44,0,0
104268,2054,Electronics,5102.85,11.4,Netbanking,5,1,0.2,0.09,19,0,1
104269,1171,Home & Kitchen,1667.14,8.3,Netbanking,10,2,0.2,0.07,2,2,0
104270,1868,Home & Kitchen,1827.82,8.0,COD,18,1,0.056,0.07,98,2,0
104271,1360,Beauty,567.29,6.1,UPI,15,0,0.0,0.05,17,2,1
104272,1694,Apparel - Womens,2732.75,14.4,Credit Card,9,2,0.222,0.28,2,2,0
104273,1119,Apparel - Womens,1899.74,27.9,Credit Card,18,1,0.056,0.28,20,1,0
104274,1361,Electronics,5344.64,4.3,UPI,11,2,0.182,0.09,10,0,0
104275,700,Home & Kitchen,2734.2,36.3,UPI,20,1,0.05,0.07,6,2,0
104276,696,Apparel - Womens,2532.63,38.0,UPI,10,1,0.1,0.28,45,1,1
104277,35,Mobile Accessories,1142.4,9.6,Debit Card,13,4,0.308,0.06,41,2,0
104278,423,Apparel - Womens,2468.5,8.5,UPI,13,1,0.077,0.28,0,0,1
104279,416,Electronics,8127.79,1.6,COD,10,1,0.1,0.09,11,3,1
104280,108,Mobile Accessories,729.06,3.7,Debit Card,15,2,0.133,0.06,4,3,0
104281,208,Furniture,11698.91,4.6,Credit Card,15,5,0.333,0.11,84,0,0
104282,1385,Footwear,1726.61,4.4,COD,8,2,0.25,0.24,3,3,1
104283,739,Apparel - Womens,1380.77,7.2,Credit Card,7,1,0.143,0.28,27,0,0
104284,237,Home & Kitchen,1926.75,10.4,Debit Card,13,4,0.308,0.07,12,2,1
104285,729,Footwear,3551.84,19.3,COD,10,6,0.6,0.24,11,1,1
104286,1406,Apparel - Womens,2038.13,26.9,COD,11,4,0.364,0.28,14,2,0
104287,1967,Apparel - Womens,1214.35,9.6,Credit Card,10,0,0.0,0.28,93,1,1
104288,2121,Beauty,289.69,30.1,Netbanking,15,1,0.067,0.05,48,0,0
104289,925,Footwear,2560.19,14.8,UPI,15,2,0.133,0.24,13,2,0
104290,1693,Apparel - Womens,1329.85,4.6,UPI,11,1,0.091,0.28,6,0,0
104291,1934,Home & Kitchen,2046.47,15.2,UPI,16,4,0.25,0.07,35,1,0
104292,499,Mobile Accessories,589.6,3.9,COD,17,2,0.118,0.06,18,0,0
104293,1240,Home & Kitchen,2283.35,14.9,UPI,12,3,0.25,0.07,30,1,0
104294,2119,Furniture,11437.4,3.5,UPI,10,0,0.0,0.11,37,0,0
104295,1974,Furniture,284.01,5.7,COD,12,1,0.083,0.11,2,2,1
104296,671,Electronics,5164.84,23.8,Credit Card,11,0,0.0,0.09,90,1,0
104297,1592,Beauty,377.85,13.1,Credit Card,7,1,0.143,0.05,1,3,1
104298,1032,Apparel - Mens,1309.99,9.3,COD,7,4,0.571,0.19,47,1,0
104299,340,Mobile Accessories,993.73,19.1,UPI,11,1,0.091,0.06,7,2,0
104300,111,Electronics,7301.29,11.5,UPI,10,4,0.4,0.09,32,2,1
104301,591,Apparel - Mens,890.16,13.4,UPI,19,4,0.211,0.19,13,5,0
104302,1941,Furniture,14731.72,4.0,UPI,13,2,0.154,0.11,80,4,0
104303,2070,Beauty,1188.03,20.9,COD,10,1,0.1,0.05,32,2,0
104304,243,Home & Kitchen,1568.64,6.0,COD,12,1,0.083,0.07,113,1,0
104305,515,Apparel - Womens,1910.33,16.6,Debit Card,15,2,0.133,0.28,1,0,1
104306,1158,Apparel - Womens,1720.82,2.4,COD,12,4,0.333,0.28,45,0,0
104307,588,Apparel - Womens,1915.33,21.4,Credit Card,12,2,0.167,0.28,32,2,0
104308,1843,Mobile Accessories,1032.48,10.9,Netbanking,7,3,0.429,0.06,1,2,0
104309,740,Beauty,939.16,20.6,UPI,15,2,0.133,0.05,17,1,0
104310,387,Footwear,2474.6,13.6,Netbanking,14,3,0.214,0.24,29,1,1
104311,343,Apparel - Womens,2297.11,18.2,Debit Card,15,4,0.267,0.28,27,1,0
104312,255,Apparel - Mens,2102.4,26.0,UPI,14,0,0.0,0.19,28,4,0
104313,676,Furniture,7789.98,4.3,Credit Card,12,1,0.083,0.11,11,1,0
104314,507,Footwear,3393.43,21.1,UPI,15,2,0.133,0.24,16,2,0
104315,997,Footwear,3134.2,6.1,UPI,11,1,0.091,0.24,147,3,1
104316,190,Electronics,3305.6,7.4,COD,16,7,0.438,0.09,80,1,0
104317,1278,Electronics,5280.56,24.9,Credit Card,15,2,0.133,0.09,7,0,0
104318,1811,Electronics,4106.07,4.2,UPI,9,4,0.444,0.09,105,0,0
104319,53,Electronics,5644.17,3.0,UPI,9,2,0.222,0.09,114,2,0
104320,108,Apparel - Mens,2273.67,33.5,Credit Card,15,2,0.133,0.19,85,1,0
104321,606,Mobile Accessories,888.91,13.7,UPI,12,0,0.0,0.06,27,1,0
104322,1662,Furniture,4931.75,22.7,Credit Card,13,8,0.615,0.11,57,2,0
104323,616,Home & Kitchen,906.23,11.9,COD,14,0,0.0,0.07,54,1,0
104324,1178,Mobile Accessories,1744.53,21.9,Credit Card,13,3,0.231,0.06,4,0,0
104325,178,Mobile Accessories,695.55,2.1,COD,13,1,0.077,0.06,59,1,0
104326,1845,Apparel - Mens,1658.73,31.0,Debit Card,11,4,0.364,0.19,23,2,1
104327,388,Apparel - Womens,2626.08,11.4,Credit Card,13,5,0.385,0.28,0,1,1
104328,675,Footwear,1028.56,7.7,COD,12,3,0.25,0.24,18,1,1
104329,2065,Apparel - Womens,1308.2,2.9,UPI,17,1,0.059,0.28,29,1,0
104330,2193,Furniture,10929.13,13.8,Netbanking,17,2,0.118,0.11,6,1,0
104331,1714,Apparel - Mens,1025.11,17.6,COD,14,2,0.143,0.19,112,0,1
104332,1017,Mobile Accessories,532.6,18.6,UPI,20,13,0.65,0.06,83,3,0
104333,693,Furniture,5442.25,12.5,UPI,14,0,0.0,0.11,63,3,0
104334,269,Mobile Accessories,711.4,15.2,UPI,10,0,0.0,0.06,38,1,0
104335,1541,Beauty,1239.92,22.1,Credit Card,8,1,0.125,0.05,10,2,0
104336,885,Electronics,8988.22,11.9,UPI,10,1,0.1,0.09,60,0,0
104337,735,Mobile Accessories,726.01,0.1,Debit Card,11,2,0.182,0.06,51,2,0
104338,853,Apparel - Womens,2318.15,7.4,Debit Card,10,0,0.0,0.28,15,0,0
104339,791,Apparel - Mens,1675.6,3.9,UPI,12,0,0.0,0.19,30,3,0
104340,2030,Beauty,567.31,3.1,COD,8,2,0.25,0.05,48,0,0
104341,1725,Electronics,4452.81,17.2,COD,7,0,0.0,0.09,1,3,0
104342,350,Beauty,936.64,6.5,COD,11,7,0.636,0.05,8,0,1
104343,542,Electronics,7573.5,0.6,Debit Card,10,0,0.0,0.09,6,2,0
104344,1371,Furniture,6605.41,1.5,UPI,13,3,0.231,0.11,75,0,0
104345,1410,Beauty,150.0,9.3,Credit Card,15,3,0.2,0.05,39,1,1
104346,473,Footwear,2037.07,9.8,Netbanking,12,4,0.333,0.24,17,1,0
104347,779,Apparel - Womens,846.12,11.2,UPI,10,2,0.2,0.28,31,3,0
104348,1686,Home & Kitchen,1833.09,18.4,Credit Card,18,8,0.444,0.07,29,1,1
104349,1333,Furniture,3230.46,10.5,Debit Card,19,1,0.053,0.11,45,3,0
104350,784,Apparel - Mens,1255.89,18.5,UPI,10,2,0.2,0.19,0,0,0
104351,1500,Home & Kitchen,2084.99,4.4,Credit Card,13,0,0.0,0.07,34,0,0
104352,718,Beauty,1086.77,8.3,Credit Card,6,0,0.0,0.05,138,1,0
104353,262,Footwear,1444.44,26.2,Netbanking,11,5,0.455,0.24,5,2,0
104354,1293,Furniture,6868.79,13.5,COD,11,2,0.182,0.11,32,1,0
104355,411,Mobile Accessories,803.93,19.0,UPI,14,2,0.143,0.06,42,0,0
104356,354,Mobile Accessories,1044.02,2.6,UPI,13,4,0.308,0.06,16,1,0
104357,71,Electronics,8525.68,12.9,Credit Card,10,2,0.2,0.09,245,3,0
104358,908,Footwear,2394.49,13.5,COD,8,1,0.125,0.24,5,0,0
104359,1629,Mobile Accessories,418.26,8.1,Credit Card,14,2,0.143,0.06,217,1,0
104360,77,Footwear,2962.35,9.5,COD,12,4,0.333,0.24,0,1,0
104361,1582,Apparel - Womens,1508.69,16.4,UPI,13,0,0.0,0.28,35,1,1
104362,401,Electronics,7902.9,8.2,UPI,7,0,0.0,0.09,7,1,0
104363,1891,Mobile Accessories,971.23,9.4,UPI,7,1,0.143,0.06,40,0,1
104364,112,Apparel - Womens,1236.49,12.4,COD,6,1,0.167,0.28,26,1,0
104365,1638,Furniture,7452.58,17.3,Credit Card,14,4,0.286,0.11,26,0,0
104366,250,Furniture,5464.23,6.9,COD,9,2,0.222,0.11,47,1,0
104367,2045,Electronics,5430.88,14.4,UPI,12,0,0.0,0.09,5,2,0
104368,605,Beauty,598.96,18.5,Credit Card,11,0,0.0,0.05,100,1,0
104369,1099,Furniture,18857.03,13.6,UPI,11,2,0.182,0.11,5,0,1
104370,1640,Apparel - Mens,361.57,10.2,UPI,11,2,0.182,0.19,22,1,1
104371,420,Beauty,700.75,0.8,Debit Card,10,1,0.1,0.05,8,1,0
104372,1366,Apparel - Mens,1911.23,3.7,UPI,11,1,0.091,0.19,28,0,0
104373,1439,Home & Kitchen,1968.62,4.6,Netbanking,17,1,0.059,0.07,30,0,0
104374,2135,Apparel - Womens,2617.13,14.1,Credit Card,13,6,0.462,0.28,27,0,1
104375,38,Electronics,3379.36,5.2,Credit Card,13,1,0.077,0.09,52,1,0
104376,838,Furniture,9602.35,34.1,COD,13,3,0.231,0.11,40,2,0
104377,293,Apparel - Mens,2705.7,25.3,UPI,14,1,0.071,0.19,2,0,0
104378,1086,Apparel - Mens,1510.28,10.6,Credit Card,8,0,0.0,0.19,116,0,0
104379,933,Apparel - Womens,617.04,12.0,UPI,11,4,0.364,0.28,47,1,0
104380,287,Footwear,2602.31,19.4,UPI,12,5,0.417,0.24,15,0,0
104381,2056,Footwear,1871.12,11.5,Credit Card,7,1,0.143,0.24,2,2,0
104382,369,Apparel - Womens,1325.9,9.3,UPI,12,0,0.0,0.28,14,1,0
104383,1487,Home & Kitchen,2030.37,22.1,COD,15,1,0.067,0.07,50,2,0
104384,1854,Electronics,3566.61,15.2,Credit Card,16,0,0.0,0.09,28,3,0
104385,1288,Apparel - Mens,1174.77,4.1,UPI,11,5,0.455,0.19,5,0,1
104386,1308,Apparel - Womens,2040.02,12.7,Debit Card,11,0,0.0,0.28,1,2,0
104387,515,Apparel - Mens,1918.53,5.8,UPI,15,2,0.133,0.19,85,1,1
104388,667,Footwear,2944.2,8.0,UPI,14,0,0.0,0.24,7,0,1
104389,536,Mobile Accessories,383.93,11.0,UPI,7,1,0.143,0.06,8,3,0
104390,179,Footwear,3260.92,22.4,UPI,11,0,0.0,0.24,150,0,0
104391,1364,Beauty,573.22,39.4,UPI,13,0,0.0,0.05,33,2,0
104392,1870,Electronics,559.42,11.3,UPI,15,2,0.133,0.09,3,2,0
104393,79,Apparel - Womens,2736.12,9.5,Credit Card,14,3,0.214,0.28,35,1,1
104394,2031,Footwear,1734.86,2.9,UPI,11,3,0.273,0.24,41,1,0
104395,2001,Footwear,445.68,3.4,Debit Card,11,1,0.091,0.24,42,1,0
104396,445,Apparel - Mens,2657.54,4.6,Credit Card,11,1,0.091,0.19,19,3,0
104397,367,Mobile Accessories,150.0,2.7,Credit Card,17,2,0.118,0.06,45,3,0
104398,801,Beauty,1001.87,9.1,COD,10,3,0.3,0.05,4,1,0
104399,1736,Apparel - Mens,2058.76,11.0,UPI,18,5,0.278,0.19,29,1,0
104400,158,Furniture,16565.24,1.2,UPI,14,1,0.071,0.11,11,0,0
104401,20,Apparel - Womens,2114.01,5.4,COD,13,2,0.154,0.28,10,2,0
104402,2009,Footwear,2418.56,13.4,Credit Card,17,1,0.059,0.24,10,0,0
104403,1946,Furniture,6408.58,8.5,Netbanking,12,3,0.25,0.11,70,0,1
104404,773,Furniture,15346.53,23.4,COD,15,3,0.2,0.11,12,2,0
104405,1537,Home & Kitchen,2908.66,12.5,Credit Card,9,8,0.889,0.07,45,0,1
104406,2129,Apparel - Mens,2082.78,1.4,UPI,20,5,0.25,0.19,27,2,0
104407,494,Apparel - Mens,292.2,4.9,Credit Card,14,3,0.214,0.19,9,1,0
104408,1561,Apparel - Mens,966.0,5.9,Credit Card,9,2,0.222,0.19,0,0,0
104409,390,Apparel - Womens,1816.37,10.1,Debit Card,14,3,0.214,0.28,1,3,0
104410,96,Apparel - Mens,1607.82,15.4,UPI,11,8,0.727,0.19,27,1,1
104411,1636,Apparel - Womens,2371.7,2.7,Debit Card,11,2,0.182,0.28,26,1,1
104412,1942,Home & Kitchen,2229.69,10.3,Credit Card,13,1,0.077,0.07,85,0,0
104413,296,Electronics,7732.54,5.9,Credit Card,11,0,0.0,0.09,47,0,0
104414,742,Beauty,1169.96,13.5,Credit Card,13,0,0.0,0.05,0,2,0
104415,1515,Footwear,3532.91,7.9,Debit Card,10,4,0.4,0.24,41,2,0
104416,1414,Apparel - Womens,1962.88,2.5,COD,11,3,0.273,0.28,12,1,0
104417,876,Apparel - Womens,2313.35,8.5,COD,12,0,0.0,0.28,77,1,0
104418,562,Mobile Accessories,663.65,5.2,COD,13,2,0.154,0.06,14,1,0
104419,2084,Electronics,7048.09,12.8,Debit Card,10,3,0.3,0.09,94,0,0
104420,1886,Apparel - Mens,773.87,2.2,UPI,11,0,0.0,0.19,28,2,0
104421,977,Beauty,954.87,14.4,COD,16,2,0.125,0.05,11,2,0
104422,311,Apparel - Womens,2909.45,7.8,UPI,15,1,0.067,0.28,19,2,1
104423,953,Electronics,5366.19,12.0,Credit Card,14,0,0.0,0.09,1,1,0
104424,837,Electronics,6165.9,13.1,UPI,10,1,0.1,0.09,5,2,0
104425,334,Apparel - Mens,1572.24,0.9,COD,13,0,0.0,0.19,18,0,0
104426,1858,Footwear,1033.36,2.1,UPI,9,0,0.0,0.24,64,1,0
104427,764,Furniture,3447.11,15.1,Debit Card,15,6,0.4,0.11,21,0,0
104428,1837,Furniture,15531.57,5.2,Netbanking,10,3,0.3,0.11,6,3,0
104429,1685,Furniture,13355.98,2.9,UPI,11,3,0.273,0.11,3,1,0
104430,1283,Furniture,11554.8,4.0,Debit Card,11,2,0.182,0.11,124,1,0
104431,1462,Home & Kitchen,2584.72,6.3,UPI,15,0,0.0,0.07,10,2,0
104432,1950,Apparel - Mens,1358.41,2.9,Debit Card,14,0,0.0,0.19,61,2,0
104433,1167,Electronics,6240.16,11.8,COD,19,2,0.105,0.09,20,1,0
104434,2187,Apparel - Womens,1307.04,10.6,UPI,14,1,0.071,0.28,2,2,0
104435,1832,Footwear,2384.14,10.2,UPI,17,2,0.118,0.24,51,0,0
104436,767,Beauty,741.82,2.4,UPI,13,4,0.308,0.05,22,2,0
104437,1584,Mobile Accessories,935.74,19.9,COD,9,4,0.444,0.06,3,3,0
104438,2067,Furniture,9974.76,2.6,UPI,11,4,0.364,0.11,9,0,0
104439,1583,Mobile Accessories,977.82,8.6,UPI,10,2,0.2,0.06,14,0,0
104440,2148,Apparel - Womens,1700.86,13.8,Netbanking,12,3,0.25,0.28,91,4,1
104441,1115,Apparel - Womens,1767.62,37.8,UPI,12,3,0.25,0.28,21,2,1
104442,2038,Footwear,2789.53,3.7,Credit Card,17,3,0.176,0.24,41,1,0
104443,536,Apparel - Womens,1631.42,6.7,Credit Card,7,1,0.143,0.28,26,4,0
104444,1405,Furniture,13877.14,8.5,Credit Card,11,1,0.091,0.11,72,0,1
104445,1117,Furniture,15973.55,20.5,Debit Card,15,2,0.133,0.11,11,0,1
104446,1401,Footwear,3117.56,5.2,UPI,12,4,0.333,0.24,37,0,1
104447,1394,Footwear,1474.65,9.9,Credit Card,8,2,0.25,0.24,91,1,0
104448,2025,Apparel - Mens,1743.95,8.4,UPI,9,0,0.0,0.19,54,0,0
104449,328,Apparel - Womens,1574.74,12.1,UPI,15,8,0.533,0.28,17,1,0
104450,549,Apparel - Womens,1951.76,2.7,UPI,7,1,0.143,0.28,5,2,1
104451,314,Home & Kitchen,3144.01,4.0,UPI,8,0,0.0,0.07,70,0,0
104452,1439,Furniture,7807.0,4.5,Debit Card,17,1,0.059,0.11,73,0,0
104453,1954,Apparel - Womens,2214.17,10.6,COD,12,0,0.0,0.28,3,1,1
104454,466,Footwear,1420.48,8.5,Credit Card,12,2,0.167,0.24,70,1,0
104455,1555,Beauty,683.91,17.7,UPI,9,2,0.222,0.05,208,1,0
104456,2175,Beauty,1165.57,11.4,Credit Card,15,6,0.4,0.05,4,1,0
104457,2050,Footwear,3460.24,8.5,UPI,15,5,0.333,0.24,16,2,0
104458,969,Footwear,2439.64,3.2,Netbanking,15,6,0.4,0.24,10,1,1
104459,194,Electronics,3074.17,3.7,UPI,16,5,0.312,0.09,14,0,0
104460,948,Home & Kitchen,3064.24,21.2,UPI,9,0,0.0,0.07,4,1,0
104461,1334,Apparel - Mens,1046.94,5.2,Debit Card,8,4,0.5,0.19,17,0,0
104462,1720,Footwear,4218.89,13.0,Credit Card,21,2,0.095,0.24,37,0,0
104463,1754,Apparel - Mens,537.12,23.1,Credit Card,14,8,0.571,0.19,155,2,1
104464,822,Mobile Accessories,695.4,11.1,Debit Card,8,1,0.125,0.06,9,0,0
104465,1119,Home & Kitchen,1974.66,12.7,Debit Card,18,1,0.056,0.07,31,3,0
104466,1707,Beauty,629.2,4.2,UPI,9,0,0.0,0.05,54,2,0
104467,1083,Footwear,2388.04,5.1,COD,18,5,0.278,0.24,39,1,0
104468,993,Mobile Accessories,1148.86,10.5,Credit Card,9,1,0.111,0.06,11,1,0
104469,1038,Mobile Accessories,223.57,11.2,UPI,11,1,0.091,0.06,85,3,0
104470,768,Beauty,939.02,12.8,UPI,10,3,0.3,0.05,59,1,0
104471,1252,Electronics,9775.72,5.9,COD,10,4,0.4,0.09,7,3,0
104472,326,Apparel - Womens,543.59,2.4,Credit Card,8,3,0.375,0.28,9,0,0
104473,1266,Beauty,872.05,6.0,COD,14,1,0.071,0.05,19,1,0
104474,956,Furniture,12704.53,29.4,Netbanking,7,1,0.143,0.11,48,0,1
104475,1353,Electronics,4964.07,6.1,COD,10,1,0.1,0.09,5,2,0
104476,2065,Footwear,3762.78,11.9,COD,17,1,0.059,0.24,9,1,0
104477,1599,Footwear,1917.54,8.4,Credit Card,15,0,0.0,0.24,153,1,0
104478,330,Footwear,3765.29,11.3,COD,15,1,0.067,0.24,58,1,1
104479,218,Furniture,7432.66,1.1,COD,11,1,0.091,0.11,10,0,0
104480,287,Furniture,9650.1,7.5,Credit Card,12,5,0.417,0.11,90,1,0
104481,915,Beauty,820.38,8.8,UPI,7,4,0.571,0.05,47,2,1
104482,2178,Apparel - Mens,2333.49,5.9,UPI,12,3,0.25,0.19,5,0,0
104483,1889,Apparel - Womens,3078.73,3.9,Netbanking,14,3,0.214,0.28,38,1,1
104484,122,Furniture,11279.01,10.1,UPI,6,1,0.167,0.11,8,0,0
104485,622,Apparel - Mens,507.78,1.0,COD,12,1,0.083,0.19,11,2,0
104486,1811,Beauty,969.63,13.7,Credit Card,9,4,0.444,0.05,47,1,1
104487,1756,Furniture,9765.77,12.9,Credit Card,10,1,0.1,0.11,24,1,0
104488,1831,Footwear,899.69,7.0,COD,19,6,0.316,0.24,67,1,1
104489,953,Mobile Accessories,847.29,6.2,UPI,14,0,0.0,0.06,22,2,0
104490,2120,Apparel - Mens,2218.72,6.0,Credit Card,11,2,0.182,0.19,32,1,0
104491,394,Electronics,7961.74,14.6,Netbanking,16,5,0.312,0.09,10,0,1
104492,2167,Beauty,1718.76,3.7,COD,9,5,0.556,0.05,183,1,0
104493,1710,Home & Kitchen,2331.08,9.7,UPI,11,0,0.0,0.07,29,1,0
104494,2140,Apparel - Womens,1781.48,9.6,Credit Card,13,2,0.154,0.28,20,0,0
104495,834,Furniture,5685.19,11.1,UPI,7,3,0.429,0.11,144,1,0
104496,86,Beauty,968.68,17.7,UPI,11,1,0.091,0.05,5,3,0
104497,1823,Apparel - Womens,1863.36,9.8,COD,17,0,0.0,0.28,129,1,0
104498,2158,Beauty,278.83,23.9,Debit Card,11,2,0.182,0.05,17,0,1
104499,1126,Electronics,6237.19,9.6,COD,9,1,0.111,0.09,16,1,0
104500,389,Apparel - Mens,1577.03,11.5,UPI,13,4,0.308,0.19,4,1,0
104501,121,Home & Kitchen,2186.01,11.0,UPI,16,2,0.125,0.07,53,2,0
104502,2193,Footwear,4261.31,8.8,Credit Card,17,2,0.118,0.24,39,1,1
104503,626,Furniture,10368.36,9.7,UPI,10,1,0.1,0.11,49,4,1
104504,2154,Furniture,11709.91,14.9,UPI,12,1,0.083,0.11,37,2,1
104505,813,Home & Kitchen,2241.84,6.3,Netbanking,12,2,0.167,0.07,164,4,0
104506,244,Mobile Accessories,730.0,3.5,COD,8,1,0.125,0.06,53,0,0
104507,1008,Apparel - Womens,819.68,3.4,COD,7,3,0.429,0.28,1,1,1
104508,1445,Home & Kitchen,3032.19,15.6,COD,4,1,0.25,0.07,39,3,1
104509,718,Mobile Accessories,968.28,4.5,Debit Card,6,0,0.0,0.06,67,1,0
104510,840,Home & Kitchen,1815.59,29.1,Debit Card,9,0,0.0,0.07,19,3,0
104511,889,Furniture,6282.47,5.4,UPI,16,4,0.25,0.11,6,0,1
104512,1874,Mobile Accessories,792.56,7.3,Credit Card,12,1,0.083,0.06,35,1,0
104513,246,Footwear,1928.93,1.4,Credit Card,5,0,0.0,0.24,18,0,0
104514,1281,Beauty,1235.95,15.2,UPI,13,4,0.308,0.05,73,2,1
104515,1411,Apparel - Womens,1211.99,13.3,UPI,14,1,0.071,0.28,36,2,0
104516,167,Electronics,6418.85,7.8,UPI,7,2,0.286,0.09,183,0,0
104517,49,Home & Kitchen,1559.35,2.6,Netbanking,14,0,0.0,0.07,66,0,0
104518,150,Electronics,3513.02,22.4,COD,12,0,0.0,0.09,30,0,0
104519,1785,Home & Kitchen,1065.93,27.5,Credit Card,9,1,0.111,0.07,174,1,0
104520,95,Footwear,1575.99,22.2,COD,9,2,0.222,0.24,1,2,1
104521,2191,Mobile Accessories,624.96,13.2,Credit Card,17,2,0.118,0.06,15,1,0
104522,2129,Apparel - Mens,1781.43,9.9,Debit Card,20,5,0.25,0.19,8,1,0
104523,1272,Mobile Accessories,624.78,11.4,COD,12,0,0.0,0.06,15,1,0
104524,1880,Furniture,8884.45,6.1,COD,13,3,0.231,0.11,26,0,0
104525,117,Furniture,7108.31,14.7,UPI,15,2,0.133,0.11,1,1,0
104526,768,Mobile Accessories,755.44,8.7,COD,10,3,0.3,0.06,21,1,1
104527,483,Apparel - Mens,1600.57,25.0,Credit Card,16,7,0.438,0.19,8,1,1
104528,1410,Home & Kitchen,1842.01,4.7,Credit Card,15,3,0.2,0.07,25,1,0
104529,576,Beauty,1507.52,8.4,Credit Card,14,4,0.286,0.05,18,1,0
104530,1435,Footwear,2473.82,10.0,UPI,9,0,0.0,0.24,30,5,0
104531,2015,Furniture,13505.31,13.7,UPI,16,1,0.062,0.11,48,1,0
104532,1222,Apparel - Mens,2183.66,8.5,COD,11,5,0.455,0.19,23,3,1
104533,1054,Apparel - Mens,1921.25,5.3,Credit Card,16,1,0.062,0.19,0,0,0
104534,1987,Footwear,1681.5,13.4,Netbanking,7,2,0.286,0.24,29,2,0
104535,1040,Footwear,2466.59,15.8,COD,18,8,0.444,0.24,10,2,1
104536,1990,Home & Kitchen,2085.16,20.5,COD,13,4,0.308,0.07,4,1,1
104537,1201,Electronics,7404.37,4.5,Netbanking,10,1,0.1,0.09,1,1,0
104538,544,Footwear,1619.61,6.8,COD,13,7,0.538,0.24,20,1,1
104539,1166,Beauty,281.69,9.7,Netbanking,16,1,0.062,0.05,37,2,1
104540,482,Home & Kitchen,2593.98,10.8,UPI,11,2,0.182,0.07,33,2,1
104541,885,Apparel - Mens,1142.41,6.6,COD,10,1,0.1,0.19,22,2,0
104542,1008,Apparel - Mens,1823.11,26.4,UPI,7,3,0.429,0.19,34,1,0
104543,284,Apparel - Mens,1440.37,24.1,COD,16,6,0.375,0.19,14,1,0
104544,1093,Footwear,1581.92,16.2,UPI,13,1,0.077,0.24,3,1,0
104545,1700,Electronics,9248.54,7.5,UPI,11,1,0.091,0.09,127,3,0
104546,657,Electronics,9393.8,12.9,Credit Card,11,1,0.091,0.09,14,2,0
104547,1982,Beauty,1866.79,5.2,Netbanking,9,1,0.111,0.05,8,1,0
104548,190,Apparel - Womens,393.43,19.5,COD,16,7,0.438,0.28,91,1,0
104549,437,Apparel - Womens,150.0,21.4,UPI,8,1,0.125,0.28,28,1,0
104550,4,Beauty,723.93,8.6,UPI,13,0,0.0,0.05,15,0,0
104551,437,Apparel - Mens,1990.87,33.3,COD,8,1,0.125,0.19,9,3,0
104552,1470,Footwear,3859.17,24.3,Netbanking,13,6,0.462,0.24,65,3,0
104553,1350,Mobile Accessories,938.94,7.2,Debit Card,12,1,0.083,0.06,41,4,0
104554,1847,Home & Kitchen,3216.67,14.7,Netbanking,17,1,0.059,0.07,44,1,0
104555,547,Beauty,833.43,18.9,Debit Card,14,0,0.0,0.05,9,2,0
104556,1370,Electronics,6871.46,5.9,UPI,6,2,0.333,0.09,3,0,0
104557,1662,Apparel - Womens,2073.14,1.7,Credit Card,13,8,0.615,0.28,50,1,1
104558,828,Home & Kitchen,1865.65,3.4,COD,10,2,0.2,0.07,110,1,0
104559,1729,Furniture,4747.14,7.9,Credit Card,17,0,0.0,0.11,104,2,0
104560,1682,Electronics,4680.57,23.2,UPI,14,1,0.071,0.09,47,2,0
104561,1417,Footwear,2460.15,22.1,COD,14,5,0.357,0.24,94,0,1
104562,1081,Footwear,3374.51,12.3,UPI,11,1,0.091,0.24,28,0,0
104563,1400,Home & Kitchen,1586.42,20.2,COD,12,2,0.167,0.07,12,0,0
104564,2045,Furniture,16249.58,3.9,Credit Card,12,0,0.0,0.11,16,1,0
104565,630,Apparel - Mens,357.21,6.6,Credit Card,6,2,0.333,0.19,99,0,0
104566,199,Beauty,1492.01,4.4,UPI,20,7,0.35,0.05,17,0,0
104567,1753,Apparel - Womens,2356.14,8.0,Credit Card,11,3,0.273,0.28,41,1,0
104568,2152,Apparel - Mens,1456.25,26.6,Credit Card,9,3,0.333,0.19,53,1,1
104569,2196,Mobile Accessories,1062.88,12.3,Credit Card,12,1,0.083,0.06,15,1,0
104570,1751,Home & Kitchen,2893.62,3.6,UPI,16,2,0.125,0.07,10,3,0
104571,1670,Footwear,447.27,19.4,UPI,16,1,0.062,0.24,22,2,0
104572,248,Home & Kitchen,2577.68,28.8,Credit Card,6,1,0.167,0.07,5,2,1
104573,1425,Electronics,5955.85,19.4,Debit Card,13,1,0.077,0.09,65,1,0
104574,1997,Apparel - Mens,1653.83,6.6,UPI,19,0,0.0,0.19,7,1,0
104575,1459,Footwear,2817.76,4.0,Netbanking,9,2,0.222,0.24,11,1,0
104576,185,Apparel - Womens,2045.27,14.2,UPI,13,4,0.308,0.28,3,1,0
104577,1243,Home & Kitchen,325.06,11.3,COD,13,0,0.0,0.07,29,1,0
104578,231,Home & Kitchen,2833.25,17.5,Credit Card,9,2,0.222,0.07,72,0,0
104579,571,Mobile Accessories,771.74,4.9,UPI,19,2,0.105,0.06,74,0,1
104580,1027,Electronics,5958.62,19.3,UPI,14,2,0.143,0.09,1,1,0
104581,302,Beauty,642.81,28.0,UPI,14,0,0.0,0.05,7,2,1
104582,1163,Home & Kitchen,3115.22,15.7,Debit Card,12,1,0.083,0.07,30,1,1
104583,1972,Home & Kitchen,2935.78,9.2,Credit Card,10,2,0.2,0.07,8,2,0
104584,269,Footwear,2470.53,22.9,UPI,10,0,0.0,0.24,32,0,1
104585,580,Mobile Accessories,672.86,9.7,COD,6,1,0.167,0.06,10,0,0
104586,2032,Beauty,981.88,6.1,Debit Card,16,5,0.312,0.05,18,2,0
104587,133,Home & Kitchen,508.0,4.4,UPI,15,3,0.2,0.07,122,1,0
104588,1392,Apparel - Womens,1651.72,15.9,Credit Card,10,3,0.3,0.28,67,1,0
104589,294,Apparel - Womens,631.45,5.7,Credit Card,10,3,0.3,0.28,157,1,1
104590,1486,Furniture,14130.16,13.5,COD,15,0,0.0,0.11,9,3,0
104591,1609,Apparel - Mens,2427.95,5.4,UPI,11,0,0.0,0.19,19,2,0
104592,1498,Beauty,996.07,31.1,Debit Card,13,1,0.077,0.05,32,0,0
104593,1044,Furniture,1713.4,6.0,Credit Card,12,3,0.25,0.11,29,0,0
104594,606,Footwear,546.41,14.3,COD,12,0,0.0,0.24,31,0,0
104595,1567,Mobile Accessories,771.05,10.8,UPI,16,2,0.125,0.06,7,1,0
104596,80,Mobile Accessories,1121.32,15.7,COD,9,5,0.556,0.06,40,0,0
104597,1258,Footwear,2641.46,34.0,Debit Card,10,0,0.0,0.24,8,2,1
104598,733,Footwear,1288.08,5.4,Debit Card,11,2,0.182,0.24,24,1,0
104599,1437,Apparel - Mens,2829.99,22.5,UPI,12,2,0.167,0.19,1,0,0
104600,1665,Furniture,18917.53,5.9,Debit Card,11,1,0.091,0.11,17,3,0
104601,1399,Furniture,11376.79,21.2,Credit Card,12,5,0.417,0.11,40,2,1
104602,1374,Beauty,848.08,2.0,Debit Card,10,0,0.0,0.05,62,1,0
104603,433,Beauty,1538.4,9.4,COD,14,4,0.286,0.05,15,2,0
104604,1839,Electronics,9902.8,12.6,UPI,13,0,0.0,0.09,63,0,0
104605,528,Electronics,7730.39,16.9,COD,7,0,0.0,0.09,2,1,0
104606,2113,Mobile Accessories,1035.35,12.7,Debit Card,12,0,0.0,0.06,21,0,0
104607,1747,Apparel - Mens,822.84,14.0,Credit Card,16,2,0.125,0.19,82,1,1
104608,1834,Footwear,1892.04,11.6,Netbanking,13,3,0.231,0.24,30,1,0
104609,565,Home & Kitchen,2126.99,19.5,UPI,11,3,0.273,0.07,2,0,0
104610,1976,Home & Kitchen,1941.23,2.5,COD,9,0,0.0,0.07,2,2,0
104611,651,Apparel - Mens,1318.3,12.8,Credit Card,8,0,0.0,0.19,30,0,0
104612,881,Home & Kitchen,150.0,15.9,UPI,13,2,0.154,0.07,56,2,0
104613,1011,Home & Kitchen,1656.88,12.7,Credit Card,10,0,0.0,0.07,50,1,0
104614,1181,Home & Kitchen,909.61,26.4,UPI,8,1,0.125,0.07,16,0,0
104615,2123,Apparel - Womens,2300.32,2.2,UPI,7,3,0.429,0.28,53,0,1
104616,1600,Electronics,8731.85,22.3,Credit Card,13,3,0.231,0.09,2,3,0
104617,733,Beauty,756.8,26.6,Debit Card,11,2,0.182,0.05,11,0,0
104618,1169,Home & Kitchen,2402.33,34.6,Credit Card,9,1,0.111,0.07,2,3,0
104619,200,Electronics,5268.62,29.0,Debit Card,11,2,0.182,0.09,14,0,1
104620,1148,Apparel - Mens,2195.48,14.4,UPI,12,3,0.25,0.19,21,1,0
104621,1117,Home & Kitchen,2985.47,9.9,UPI,15,2,0.133,0.07,11,2,0
104622,1337,Beauty,786.76,5.8,Credit Card,7,2,0.286,0.05,15,2,0
104623,628,Apparel - Mens,1618.16,11.9,Credit Card,10,2,0.2,0.19,18,1,1
104624,845,Home & Kitchen,3276.17,5.9,COD,13,5,0.385,0.07,3,2,0
104625,1118,Beauty,1004.08,22.3,COD,13,2,0.154,0.05,13,3,0
104626,1281,Beauty,608.99,8.3,COD,13,4,0.308,0.05,6,3,0
104627,1291,Electronics,3513.7,7.3,UPI,10,5,0.5,0.09,66,1,0
104628,2131,Footwear,1729.69,2.8,Netbanking,11,1,0.091,0.24,28,1,0
104629,679,Furniture,11891.92,4.4,UPI,13,0,0.0,0.11,5,0,0
104630,887,Beauty,698.71,17.6,UPI,13,6,0.462,0.05,14,1,0
104631,1963,Furniture,5526.38,11.4,Credit Card,12,3,0.25,0.11,94,0,0
104632,297,Electronics,7052.03,19.9,UPI,12,3,0.25,0.09,22,3,0
104633,875,Furniture,10701.07,8.0,COD,10,2,0.2,0.11,67,1,0
104634,2035,Apparel - Womens,1868.42,16.5,Credit Card,15,4,0.267,0.28,12,1,1
104635,1741,Beauty,549.08,17.6,UPI,23,7,0.304,0.05,6,2,1
104636,285,Furniture,7861.7,13.3,Credit Card,10,1,0.1,0.11,3,0,0
104637,797,Mobile Accessories,790.91,11.3,Credit Card,9,0,0.0,0.06,56,1,0
104638,2019,Apparel - Mens,2658.87,13.2,UPI,10,0,0.0,0.19,94,0,0
104639,1278,Furniture,2955.79,4.6,Netbanking,15,2,0.133,0.11,35,3,0
104640,229,Electronics,5512.36,18.7,COD,10,2,0.2,0.09,50,2,0
104641,1800,Home & Kitchen,2402.29,3.2,UPI,9,1,0.111,0.07,100,3,0
104642,1671,Mobile Accessories,613.49,13.7,Credit Card,12,2,0.167,0.06,3,1,0
104643,745,Apparel - Womens,1769.78,15.1,Credit Card,13,1,0.077,0.28,20,2,0
104644,450,Electronics,8532.11,14.5,Credit Card,14,4,0.286,0.09,57,0,0
104645,452,Footwear,2641.55,10.7,UPI,14,5,0.357,0.24,18,0,0
104646,1676,Mobile Accessories,664.46,2.2,UPI,11,5,0.455,0.06,44,1,0
104647,702,Mobile Accessories,924.33,11.8,UPI,9,0,0.0,0.06,16,0,1
104648,1699,Mobile Accessories,664.59,13.3,Credit Card,18,2,0.111,0.06,129,0,0
104649,126,Mobile Accessories,283.87,5.4,UPI,6,2,0.333,0.06,34,0,0
104650,2168,Footwear,3614.86,6.9,UPI,13,7,0.538,0.24,1,0,1
104651,1059,Beauty,994.08,30.0,UPI,11,0,0.0,0.05,45,1,0
104652,417,Home & Kitchen,3223.68,4.1,UPI,10,2,0.2,0.07,63,4,0
104653,1150,Home & Kitchen,497.41,13.7,Netbanking,10,6,0.6,0.07,49,0,1
104654,413,Furniture,8028.11,11.0,Credit Card,8,0,0.0,0.11,25,1,0
104655,1304,Apparel - Womens,1118.13,11.5,Credit Card,13,4,0.308,0.28,8,1,0
104656,688,Electronics,8018.83,1.5,COD,14,4,0.286,0.09,2,1,0
104657,920,Mobile Accessories,342.29,12.7,UPI,12,4,0.333,0.06,15,1,0
104658,2002,Electronics,9861.9,9.8,Debit Card,12,5,0.417,0.09,9,0,0
104659,1595,Electronics,10034.27,4.1,Credit Card,13,1,0.077,0.09,18,3,0
104660,360,Beauty,1426.71,22.9,UPI,16,1,0.062,0.05,43,0,0
104661,1125,Home & Kitchen,2316.45,5.9,UPI,7,0,0.0,0.07,9,2,0
104662,24,Apparel - Mens,1516.01,5.0,COD,12,2,0.167,0.19,37,1,0
104663,2028,Apparel - Mens,1093.44,12.1,UPI,13,4,0.308,0.19,5,1,0
104664,275,Home & Kitchen,2411.61,4.2,Credit Card,8,1,0.125,0.07,36,0,0
104665,11,Mobile Accessories,150.0,15.3,UPI,11,2,0.182,0.06,1,3,0
104666,569,Furniture,9652.09,27.0,UPI,9,1,0.111,0.11,6,2,0
104667,1583,Apparel - Womens,2961.29,8.6,Credit Card,10,2,0.2,0.28,61,2,0
104668,2079,Apparel - Womens,2490.67,16.5,Credit Card,13,0,0.0,0.28,14,1,1
104669,490,Mobile Accessories,470.84,23.2,Credit Card,14,3,0.214,0.06,30,5,1
104670,937,Electronics,6413.02,28.2,UPI,9,0,0.0,0.09,46,1,0
104671,327,Footwear,2761.84,1.8,Credit Card,14,1,0.071,0.24,38,0,0
104672,1162,Beauty,481.07,5.7,UPI,11,0,0.0,0.05,4,3,0
104673,82,Electronics,8856.26,18.4,Credit Card,8,3,0.375,0.09,3,1,0
104674,957,Furniture,5559.82,4.8,UPI,13,2,0.154,0.11,2,1,0
104675,1401,Footwear,4185.66,9.8,COD,12,4,0.333,0.24,152,2,0
104676,1568,Apparel - Womens,1941.96,20.5,COD,9,2,0.222,0.28,40,2,0
104677,130,Mobile Accessories,902.71,19.4,Debit Card,12,1,0.083,0.06,3,2,0
104678,1743,Beauty,751.99,2.3,Debit Card,11,1,0.091,0.05,42,1,0
104679,1493,Beauty,240.27,13.6,COD,7,0,0.0,0.05,15,0,0
104680,2199,Furniture,3169.15,9.3,UPI,15,4,0.267,0.11,33,1,0
104681,1962,Footwear,2329.67,6.3,Debit Card,8,0,0.0,0.24,15,1,0
104682,806,Footwear,2669.51,1.6,Debit Card,16,1,0.062,0.24,36,0,1
104683,2056,Footwear,2913.21,16.9,Credit Card,7,1,0.143,0.24,59,1,0
104684,2049,Apparel - Womens,1108.75,15.2,Debit Card,8,0,0.0,0.28,0,1,0
104685,679,Furniture,11472.12,10.7,Credit Card,13,0,0.0,0.11,3,2,0
104686,827,Beauty,1051.95,10.0,UPI,18,2,0.111,0.05,21,3,0
104687,800,Electronics,6762.08,1.3,UPI,10,2,0.2,0.09,42,1,0
104688,1648,Home & Kitchen,2383.32,7.0,UPI,6,2,0.333,0.07,18,2,0
104689,903,Apparel - Mens,1542.89,14.1,Credit Card,17,7,0.412,0.19,98,2,0
104690,1693,Home & Kitchen,2684.44,6.5,Debit Card,11,1,0.091,0.07,121,1,0
104691,165,Apparel - Womens,789.04,15.4,UPI,16,0,0.0,0.28,90,0,0
104692,1508,Home & Kitchen,2466.4,6.3,UPI,16,1,0.062,0.07,16,2,0
104693,511,Apparel - Womens,2719.47,8.2,Debit Card,17,0,0.0,0.28,60,0,0
104694,1934,Apparel - Womens,1915.47,4.9,UPI,16,4,0.25,0.28,54,1,1
104695,1950,Apparel - Womens,1565.62,5.6,UPI,14,0,0.0,0.28,57,0,0
104696,1713,Footwear,1126.3,9.4,UPI,13,2,0.154,0.24,92,1,1
104697,1268,Apparel - Mens,1556.09,4.2,COD,18,2,0.111,0.19,72,3,0
104698,396,Footwear,2407.76,8.4,Debit Card,9,2,0.222,0.24,10,1,1
104699,2088,Mobile Accessories,740.28,17.2,Credit Card,10,3,0.3,0.06,28,1,1
104700,1660,Beauty,285.79,10.2,UPI,9,0,0.0,0.05,51,0,1
104701,1904,Furniture,3643.75,4.5,COD,12,1,0.083,0.11,15,0,0
104702,1091,Mobile Accessories,222.54,2.9,COD,10,4,0.4,0.06,10,2,0
104703,2128,Furniture,10264.37,4.0,UPI,11,5,0.455,0.11,0,0,0
104704,1802,Mobile Accessories,597.66,16.1,Credit Card,16,2,0.125,0.06,1,2,0
104705,1610,Home & Kitchen,1667.49,24.0,Netbanking,11,1,0.091,0.07,17,2,0
104706,1285,Home & Kitchen,4203.09,15.7,UPI,11,3,0.273,0.07,52,2,0
104707,934,Beauty,978.87,8.7,Credit Card,11,2,0.182,0.05,52,1,0
104708,1457,Home & Kitchen,2764.75,34.1,Credit Card,8,0,0.0,0.07,5,1,0
104709,1014,Electronics,6627.42,8.6,UPI,13,3,0.231,0.09,10,1,0
104710,1211,Beauty,1001.68,13.1,COD,11,5,0.455,0.05,11,5,0
104711,2122,Apparel - Mens,1637.42,18.8,UPI,15,7,0.467,0.19,20,0,0
104712,581,Beauty,1231.74,1.0,UPI,14,2,0.143,0.05,13,5,0
104713,1988,Electronics,1348.43,5.0,COD,9,0,0.0,0.09,9,2,1
104714,385,Home & Kitchen,2552.97,13.1,UPI,11,1,0.091,0.07,84,0,0
104715,1559,Beauty,560.49,10.6,COD,10,2,0.2,0.05,2,5,1
104716,1900,Apparel - Mens,2305.49,26.2,COD,10,1,0.1,0.19,53,1,1
104717,2196,Home & Kitchen,1988.13,2.1,COD,12,1,0.083,0.07,15,3,0
104718,1938,Beauty,708.38,10.2,COD,12,5,0.417,0.05,48,2,0
104719,1455,Mobile Accessories,399.56,17.4,Debit Card,15,4,0.267,0.06,146,1,0
104720,1811,Mobile Accessories,718.28,18.7,UPI,9,4,0.444,0.06,13,0,0
104721,905,Electronics,3470.05,7.3,UPI,12,4,0.333,0.09,3,6,0
104722,489,Electronics,3284.81,18.8,UPI,17,0,0.0,0.09,53,2,0
104723,387,Furniture,9103.34,2.3,COD,14,3,0.214,0.11,4,0,0
104724,1422,Footwear,2946.61,2.0,UPI,12,1,0.083,0.24,7,2,0
104725,681,Furniture,1202.26,23.1,UPI,16,7,0.438,0.11,55,1,1
104726,1897,Mobile Accessories,852.8,16.1,COD,11,0,0.0,0.06,23,0,1
104727,1773,Apparel - Mens,1674.15,13.6,UPI,12,3,0.25,0.19,53,0,1
104728,2110,Apparel - Womens,1740.58,21.2,COD,10,0,0.0,0.28,35,3,0
104729,1527,Home & Kitchen,1955.29,6.9,UPI,13,6,0.462,0.07,71,1,0
104730,1687,Footwear,3623.63,10.6,COD,14,0,0.0,0.24,38,3,0
104731,915,Beauty,399.21,9.3,COD,7,4,0.571,0.05,38,0,0
104732,963,Mobile Accessories,521.42,7.5,Credit Card,13,3,0.231,0.06,24,1,0
104733,907,Beauty,1235.34,1.5,COD,14,0,0.0,0.05,31,4,0
104734,2099,Electronics,5445.78,2.1,UPI,16,3,0.188,0.09,103,3,0
104735,1463,Beauty,1360.6,20.3,Credit Card,8,2,0.25,0.05,52,1,0
104736,1489,Apparel - Womens,167.49,16.2,COD,9,4,0.444,0.28,78,1,0
104737,1521,Beauty,1037.16,16.3,Debit Card,7,3,0.429,0.05,63,1,0
104738,828,Home & Kitchen,1001.7,2.7,Credit Card,10,2,0.2,0.07,94,0,1
104739,1258,Apparel - Womens,846.5,18.0,UPI,10,0,0.0,0.28,4,0,0
104740,590,Furniture,8026.6,1.5,UPI,9,0,0.0,0.11,14,1,0
104741,1923,Electronics,6540.84,1.9,COD,11,2,0.182,0.09,3,2,0
104742,2088,Apparel - Mens,1020.55,4.2,Debit Card,10,3,0.3,0.19,7,1,0
104743,864,Mobile Accessories,325.43,5.0,UPI,11,5,0.455,0.06,0,2,1
104744,1063,Footwear,1367.65,23.0,COD,12,2,0.167,0.24,21,1,1
104745,259,Footwear,3114.19,12.2,UPI,12,0,0.0,0.24,5,2,0
104746,2135,Footwear,2038.45,11.1,Credit Card,13,6,0.462,0.24,65,0,0
104747,1865,Beauty,1579.37,22.4,Debit Card,17,3,0.176,0.05,13,1,0
104748,1198,Apparel - Womens,2004.94,11.0,COD,15,0,0.0,0.28,13,1,0
104749,2120,Mobile Accessories,681.25,16.2,Debit Card,11,2,0.182,0.06,10,2,0
104750,1601,Apparel - Womens,1281.26,12.4,Debit Card,7,3,0.429,0.28,30,1,1
104751,937,Footwear,3513.18,16.9,Credit Card,9,0,0.0,0.24,61,0,0
104752,1049,Apparel - Womens,1217.02,14.6,UPI,11,3,0.273,0.28,58,2,1
104753,1241,Beauty,1130.11,9.7,Credit Card,13,0,0.0,0.05,43,1,0
104754,1484,Mobile Accessories,522.99,16.6,COD,6,1,0.167,0.06,8,2,0
104755,387,Home & Kitchen,958.71,10.9,Debit Card,14,3,0.214,0.07,1,2,0
104756,499,Apparel - Womens,1779.42,8.9,UPI,17,2,0.118,0.28,18,2,0
104757,927,Apparel - Womens,1763.09,23.7,Netbanking,7,0,0.0,0.28,45,1,0
104758,2010,Apparel - Mens,450.56,8.0,COD,10,1,0.1,0.19,22,2,0
104759,268,Electronics,4432.16,11.0,Debit Card,15,2,0.133,0.09,20,0,0
104760,191,Apparel - Mens,1831.74,11.0,Credit Card,15,4,0.267,0.19,50,1,0
104761,322,Furniture,16768.42,4.2,Debit Card,16,3,0.188,0.11,26,0,1
104762,1240,Beauty,829.71,13.5,Credit Card,12,3,0.25,0.05,1,2,0
104763,2118,Furniture,7593.75,4.1,UPI,10,6,0.6,0.11,22,2,0
104764,2004,Footwear,2761.9,30.8,Netbanking,9,2,0.222,0.24,14,1,0
104765,1299,Furniture,8793.93,9.3,COD,16,6,0.375,0.11,86,4,1
104766,1552,Electronics,4061.87,25.0,UPI,13,1,0.077,0.09,7,0,0
104767,266,Apparel - Mens,501.01,2.9,UPI,18,0,0.0,0.19,61,2,0
104768,1365,Mobile Accessories,613.57,24.0,Debit Card,9,1,0.111,0.06,23,0,0
104769,733,Electronics,3167.42,5.0,COD,11,2,0.182,0.09,20,0,0
104770,1236,Apparel - Mens,1869.78,13.6,Credit Card,19,2,0.105,0.19,47,0,0
104771,1426,Apparel - Mens,1275.39,7.6,UPI,9,1,0.111,0.19,46,0,0
104772,95,Furniture,16501.22,7.2,Credit Card,9,2,0.222,0.11,55,0,0
104773,1794,Furniture,6712.85,11.5,Debit Card,14,0,0.0,0.11,0,0,0
104774,1001,Footwear,2319.99,8.7,UPI,8,1,0.125,0.24,39,1,1
104775,2018,Apparel - Mens,2991.33,5.7,Credit Card,14,1,0.071,0.19,35,2,0
104776,1817,Beauty,606.91,26.5,COD,14,2,0.143,0.05,14,0,0
104777,1007,Footwear,1684.1,39.6,UPI,12,1,0.083,0.24,41,3,1
104778,1289,Home & Kitchen,3016.6,3.2,Netbanking,10,0,0.0,0.07,12,2,0
104779,1023,Apparel - Womens,2156.95,10.5,Credit Card,8,3,0.375,0.28,14,1,1
104780,430,Home & Kitchen,2201.5,6.4,Credit Card,15,3,0.2,0.07,8,0,0
104781,2020,Furniture,11525.98,21.7,COD,9,0,0.0,0.11,68,1,0
104782,1245,Apparel - Mens,1320.1,19.5,UPI,16,1,0.062,0.19,5,0,0
104783,1535,Apparel - Womens,1883.99,20.8,Credit Card,6,1,0.167,0.28,27,2,0
104784,130,Furniture,11146.01,12.6,COD,12,1,0.083,0.11,111,1,0
104785,1768,Electronics,5677.25,12.2,UPI,12,3,0.25,0.09,27,0,0
104786,237,Footwear,3948.79,26.9,COD,13,4,0.308,0.24,35,0,0
104787,856,Furniture,10592.31,16.7,UPI,11,5,0.455,0.11,2,2,0
104788,660,Apparel - Mens,150.0,9.4,COD,7,1,0.143,0.19,14,0,1
104789,985,Beauty,411.94,6.5,UPI,7,2,0.286,0.05,28,1,0
104790,1146,Footwear,2008.28,15.3,COD,12,4,0.333,0.24,0,0,1
104791,1824,Beauty,592.84,16.5,Credit Card,8,0,0.0,0.05,6,0,0
104792,990,Furniture,17723.1,4.2,COD,12,1,0.083,0.11,49,0,0
104793,649,Apparel - Womens,1384.45,11.3,COD,17,2,0.118,0.28,12,0,0
104794,346,Home & Kitchen,1713.87,16.0,Debit Card,12,3,0.25,0.07,1,4,1
104795,531,Home & Kitchen,2021.72,1.0,COD,12,2,0.167,0.07,0,0,1
104796,112,Apparel - Mens,1324.59,5.5,Credit Card,6,1,0.167,0.19,12,0,1
104797,176,Apparel - Womens,1485.61,28.6,Credit Card,11,0,0.0,0.28,10,3,0
104798,457,Beauty,915.42,36.7,Debit Card,11,2,0.182,0.05,35,1,0
104799,1322,Electronics,2931.5,2.3,UPI,15,0,0.0,0.09,126,2,0
104800,592,Apparel - Mens,1927.82,11.1,Debit Card,15,3,0.2,0.19,36,1,0
104801,1156,Apparel - Mens,1240.37,12.6,Credit Card,9,2,0.222,0.19,25,1,0
104802,2159,Furniture,6563.79,17.9,Credit Card,12,2,0.167,0.11,54,2,0
104803,877,Beauty,1157.53,36.2,Credit Card,11,1,0.091,0.05,32,1,0
104804,641,Electronics,5827.4,10.3,UPI,7,2,0.286,0.09,19,2,0
104805,1079,Footwear,1873.22,6.6,COD,12,3,0.25,0.24,8,3,1
104806,193,Home & Kitchen,1954.77,14.3,Credit Card,18,1,0.056,0.07,17,0,0
104807,1414,Footwear,3240.18,12.4,COD,11,3,0.273,0.24,23,1,0
104808,1826,Apparel - Womens,2565.08,17.4,Credit Card,11,0,0.0,0.28,40,0,0
104809,659,Apparel - Womens,1721.69,9.1,Debit Card,11,0,0.0,0.28,19,3,0
104810,1489,Footwear,1491.57,4.6,COD,9,4,0.444,0.24,65,2,1
104811,1696,Home & Kitchen,1747.42,15.6,Debit Card,12,1,0.083,0.07,15,0,0
104812,1638,Apparel - Womens,758.21,4.9,UPI,14,4,0.286,0.28,18,3,0
104813,917,Beauty,327.61,1.0,UPI,13,3,0.231,0.05,3,3,0
104814,1566,Beauty,1157.94,21.7,COD,11,1,0.091,0.05,53,0,0
104815,944,Apparel - Womens,1380.43,7.2,COD,16,3,0.188,0.28,26,1,0
104816,1711,Apparel - Womens,2337.74,5.5,Credit Card,13,1,0.077,0.28,8,0,0
104817,1925,Furniture,9328.54,11.1,Credit Card,10,6,0.6,0.11,9,0,0
104818,1561,Apparel - Mens,2630.25,8.6,Netbanking,9,2,0.222,0.19,14,0,0
104819,682,Apparel - Womens,2197.52,16.9,UPI,14,0,0.0,0.28,53,0,0
104820,1471,Mobile Accessories,858.92,15.1,Credit Card,12,1,0.083,0.06,78,2,0
104821,1382,Apparel - Mens,1565.27,32.5,Debit Card,13,4,0.308,0.19,14,0,0
104822,254,Apparel - Mens,1644.88,10.8,UPI,11,1,0.091,0.19,143,0,0
104823,467,Home & Kitchen,1380.46,14.7,UPI,14,2,0.143,0.07,16,1,0
104824,1212,Electronics,13942.98,3.6,UPI,10,1,0.1,0.09,23,1,0
104825,1672,Apparel - Womens,2154.26,7.0,COD,18,3,0.167,0.28,4,0,1
104826,577,Beauty,911.51,20.7,UPI,8,2,0.25,0.05,143,0,0
104827,1618,Home & Kitchen,2068.77,4.1,Credit Card,10,1,0.1,0.07,0,1,0
104828,625,Apparel - Womens,1520.76,4.9,Netbanking,12,0,0.0,0.28,1,1,0
104829,1804,Mobile Accessories,450.84,3.0,Netbanking,9,1,0.111,0.06,12,3,0
104830,871,Home & Kitchen,2695.49,10.3,UPI,12,0,0.0,0.07,5,2,0
104831,393,Apparel - Womens,1703.68,26.1,Debit Card,11,0,0.0,0.28,6,1,1
104832,1060,Electronics,6376.35,0.5,Debit Card,16,4,0.25,0.09,19,0,0
104833,1235,Apparel - Womens,493.37,5.1,UPI,10,4,0.4,0.28,61,1,0
104834,1970,Beauty,1431.38,24.9,UPI,17,11,0.647,0.05,44,2,1
104835,115,Apparel - Mens,1093.54,7.2,UPI,8,2,0.25,0.19,1,0,0
104836,1313,Apparel - Womens,673.35,8.0,Credit Card,4,0,0.0,0.28,83,1,0
104837,1032,Mobile Accessories,544.02,14.2,COD,7,4,0.571,0.06,45,1,0
104838,708,Apparel - Womens,1623.9,8.9,COD,10,1,0.1,0.28,32,3,1
104839,1451,Apparel - Womens,1703.67,23.3,UPI,10,3,0.3,0.28,22,0,1
104840,1284,Beauty,915.68,7.3,COD,11,5,0.455,0.05,96,0,1
104841,1922,Home & Kitchen,662.69,8.6,Credit Card,16,0,0.0,0.07,18,2,0
104842,2199,Footwear,2287.09,35.4,UPI,15,4,0.267,0.24,39,1,0
104843,1972,Mobile Accessories,652.03,3.2,UPI,10,2,0.2,0.06,21,0,1
104844,1269,Apparel - Mens,687.35,42.9,UPI,13,1,0.077,0.19,6,1,0
104845,1808,Apparel - Womens,1152.15,10.9,COD,11,1,0.091,0.28,60,2,0
104846,1699,Footwear,2950.42,2.7,UPI,18,2,0.111,0.24,11,0,0
104847,752,Furniture,5588.66,4.2,Debit Card,12,1,0.083,0.11,2,2,0
104848,1401,Beauty,856.65,5.4,UPI,12,4,0.333,0.05,46,1,1
104849,251,Mobile Accessories,1177.95,3.0,Netbanking,13,5,0.385,0.06,13,1,0
104850,1057,Furniture,16565.68,23.2,Debit Card,16,3,0.188,0.11,23,4,0
104851,380,Furniture,929.45,21.2,Debit Card,12,5,0.417,0.11,6,1,1
104852,1460,Apparel - Mens,2241.03,18.5,Credit Card,7,1,0.143,0.19,9,1,1
104853,1184,Apparel - Womens,1135.5,11.6,COD,10,4,0.4,0.28,3,2,0
104854,2171,Apparel - Womens,2102.59,13.4,Netbanking,10,0,0.0,0.28,56,1,0
104855,1684,Footwear,1775.01,16.1,COD,10,3,0.3,0.24,3,1,0
104856,617,Beauty,1017.07,14.0,COD,13,2,0.154,0.05,0,2,0
104857,1463,Footwear,1281.26,14.2,COD,8,2,0.25,0.24,3,1,0
104858,1024,Home & Kitchen,2268.78,7.6,COD,14,2,0.143,0.07,3,0,0
104859,660,Furniture,8200.6,14.2,Credit Card,7,1,0.143,0.11,26,1,0
104860,1818,Electronics,8764.79,7.0,COD,14,7,0.5,0.09,15,1,1
104861,1733,Furniture,8971.8,14.8,Netbanking,8,2,0.25,0.11,32,1,1
104862,1573,Electronics,5313.6,22.6,UPI,10,2,0.2,0.09,45,1,0
104863,1983,Beauty,896.0,10.6,COD,15,2,0.133,0.05,26,1,0
104864,417,Electronics,4212.53,3.2,UPI,10,2,0.2,0.09,33,0,0
104865,1075,Apparel - Womens,707.41,21.5,UPI,6,0,0.0,0.28,6,2,1
104866,792,Mobile Accessories,187.6,3.6,Netbanking,14,0,0.0,0.06,21,0,0
104867,293,Electronics,150.0,24.4,Credit Card,14,1,0.071,0.09,49,0,0
104868,424,Beauty,1321.33,7.7,COD,12,2,0.167,0.05,18,0,0
104869,949,Apparel - Womens,2719.82,12.1,Netbanking,10,1,0.1,0.28,3,3,0
104870,390,Furniture,6720.99,11.1,UPI,14,3,0.214,0.11,35,1,0
104871,542,Beauty,1342.02,14.1,UPI,10,0,0.0,0.05,17,0,0
104872,2033,Furniture,3965.87,2.5,Netbanking,11,3,0.273,0.11,31,1,1
104873,2160,Beauty,1012.53,13.9,Debit Card,11,0,0.0,0.05,69,2,0
104874,429,Furniture,2162.4,12.0,UPI,14,2,0.143,0.11,58,0,0
104875,1484,Furniture,10597.04,10.8,Netbanking,6,1,0.167,0.11,14,2,0
104876,960,Apparel - Mens,1181.48,8.3,Debit Card,10,1,0.1,0.19,117,0,0
104877,1506,Furniture,6650.1,12.7,Debit Card,13,1,0.077,0.11,5,1,0
104878,1403,Apparel - Womens,1033.07,8.6,Netbanking,7,2,0.286,0.28,15,0,0
104879,900,Footwear,514.7,33.1,Netbanking,10,2,0.2,0.24,17,1,0
104880,542,Apparel - Mens,3926.35,12.9,COD,10,0,0.0,0.19,52,0,0
104881,1082,Mobile Accessories,1003.6,10.2,UPI,18,6,0.333,0.06,12,2,1
104882,524,Beauty,404.71,8.1,Credit Card,13,2,0.154,0.05,44,2,0
104883,872,Home & Kitchen,2683.63,24.1,Credit Card,14,4,0.286,0.07,38,0,0
104884,1929,Apparel - Womens,882.64,0.3,Debit Card,11,2,0.182,0.28,23,2,0
104885,740,Home & Kitchen,3020.98,11.3,Netbanking,15,2,0.133,0.07,21,2,0
104886,1618,Apparel - Mens,1934.51,2.5,COD,10,1,0.1,0.19,12,0,0
104887,755,Footwear,2119.24,2.8,Credit Card,15,3,0.2,0.24,60,0,0
104888,366,Furniture,9414.32,0.4,Debit Card,8,2,0.25,0.11,17,2,0
104889,572,Beauty,1238.47,26.9,Debit Card,9,2,0.222,0.05,7,1,0
104890,777,Electronics,6814.6,14.5,COD,12,3,0.25,0.09,11,0,0
104891,146,Apparel - Mens,1668.49,4.4,UPI,16,3,0.188,0.19,11,0,0
104892,1809,Apparel - Mens,1359.77,7.9,Credit Card,17,4,0.235,0.19,7,0,0
104893,1312,Apparel - Womens,2504.57,19.0,UPI,11,4,0.364,0.28,7,4,1
104894,1076,Footwear,2955.81,8.6,Netbanking,8,2,0.25,0.24,34,1,0
104895,292,Beauty,1212.9,20.5,COD,11,0,0.0,0.05,16,1,1
104896,797,Furniture,5251.16,14.7,UPI,9,0,0.0,0.11,4,1,0
104897,1849,Electronics,5858.39,3.2,Credit Card,9,1,0.111,0.09,11,0,0
104898,1136,Home & Kitchen,1395.82,9.2,COD,14,1,0.071,0.07,31,1,0
104899,287,Apparel - Womens,1924.3,15.8,Credit Card,12,5,0.417,0.28,25,2,0
104900,893,Apparel - Womens,1895.66,24.0,Debit Card,18,3,0.167,0.28,13,0,1
104901,760,Home & Kitchen,2835.87,13.8,COD,7,0,0.0,0.07,22,3,0
104902,722,Furniture,3000.1,9.8,Credit Card,10,1,0.1,0.11,39,0,0
104903,1790,Beauty,192.01,17.2,UPI,13,3,0.231,0.05,33,1,0
104904,2176,Footwear,1991.68,3.6,UPI,10,2,0.2,0.24,50,1,0
104905,1513,Footwear,2195.02,14.5,Credit Card,16,1,0.062,0.24,0,0,0
104906,486,Furniture,14055.02,33.1,Netbanking,12,0,0.0,0.11,18,1,0
104907,1159,Beauty,1609.66,5.4,COD,13,2,0.154,0.05,24,0,0
104908,1337,Furniture,13817.6,7.4,UPI,7,2,0.286,0.11,2,0,0
104909,47,Apparel - Womens,1099.63,26.0,COD,8,1,0.125,0.28,27,0,0
104910,680,Apparel - Womens,2203.16,27.2,UPI,12,2,0.167,0.28,51,0,0
104911,1923,Beauty,247.3,12.7,UPI,11,2,0.182,0.05,86,1,1
104912,1409,Mobile Accessories,611.87,11.5,UPI,10,1,0.1,0.06,57,2,0
104913,1313,Apparel - Womens,1833.39,12.0,Credit Card,4,0,0.0,0.28,52,0,0
104914,2169,Mobile Accessories,330.23,3.8,COD,11,1,0.091,0.06,19,2,0
104915,1414,Electronics,9425.46,27.9,UPI,11,3,0.273,0.09,40,2,1
104916,703,Mobile Accessories,509.35,24.5,Credit Card,11,5,0.455,0.06,88,1,1
104917,1195,Home & Kitchen,1662.82,14.6,UPI,17,10,0.588,0.07,17,0,0
104918,2078,Apparel - Womens,1922.48,25.1,UPI,11,2,0.182,0.28,9,0,1
104919,371,Mobile Accessories,215.01,4.6,Credit Card,15,1,0.067,0.06,93,0,0
104920,677,Furniture,7020.6,7.1,UPI,12,4,0.333,0.11,6,1,1
104921,32,Footwear,1725.08,4.8,COD,14,5,0.357,0.24,30,0,1
104922,887,Furniture,13088.03,22.6,UPI,13,6,0.462,0.11,10,4,1
104923,1177,Furniture,15638.89,16.9,UPI,15,7,0.467,0.11,2,2,1
104924,1724,Apparel - Mens,2787.34,24.0,COD,14,3,0.214,0.19,10,4,1
104925,2104,Beauty,902.46,10.5,Netbanking,11,1,0.091,0.05,88,1,0
104926,694,Furniture,8233.79,5.9,UPI,10,1,0.1,0.11,39,2,1
104927,1873,Beauty,1080.03,9.0,COD,13,3,0.231,0.05,8,0,0
104928,24,Mobile Accessories,634.25,20.4,UPI,12,2,0.167,0.06,73,0,0
104929,1420,Apparel - Womens,1901.6,25.6,UPI,6,2,0.333,0.28,21,1,0
104930,1611,Furniture,9479.17,1.8,COD,11,2,0.182,0.11,4,0,0
104931,1823,Beauty,1295.61,32.6,Credit Card,17,0,0.0,0.05,38,2,0
104932,724,Beauty,852.18,7.9,Debit Card,14,0,0.0,0.05,1,1,0
104933,771,Mobile Accessories,1177.38,6.4,COD,16,0,0.0,0.06,23,1,0
104934,592,Apparel - Mens,2211.48,11.1,UPI,15,3,0.2,0.19,19,1,1
104935,1321,Footwear,4015.96,18.9,Credit Card,9,0,0.0,0.24,8,4,0
104936,676,Beauty,861.95,16.9,UPI,12,1,0.083,0.05,24,0,0
104937,430,Electronics,7330.43,19.5,Credit Card,15,3,0.2,0.09,4,2,0
104938,142,Electronics,6258.37,3.3,Credit Card,12,3,0.25,0.09,31,0,0
104939,1151,Furniture,5854.79,3.8,Debit Card,10,6,0.6,0.11,23,1,0
104940,1144,Beauty,911.26,2.7,Debit Card,15,0,0.0,0.05,2,0,0
104941,743,Electronics,9317.67,23.5,COD,17,4,0.235,0.09,5,3,0
104942,1314,Home & Kitchen,1289.59,19.7,COD,12,2,0.167,0.07,12,1,0
104943,23,Furniture,4947.36,5.6,UPI,16,3,0.188,0.11,38,0,0
104944,2031,Apparel - Womens,1877.8,21.8,COD,11,3,0.273,0.28,16,0,0
104945,1278,Home & Kitchen,3680.45,17.2,Debit Card,15,2,0.133,0.07,109,1,0
104946,1907,Mobile Accessories,631.24,15.0,UPI,12,1,0.083,0.06,64,2,0
104947,1859,Electronics,7631.79,2.7,Debit Card,11,2,0.182,0.09,9,0,0
104948,1176,Mobile Accessories,797.8,2.7,COD,14,2,0.143,0.06,68,0,0
104949,47,Furniture,12618.15,22.2,UPI,8,1,0.125,0.11,42,2,0
104950,932,Apparel - Mens,1572.88,9.3,COD,6,0,0.0,0.19,12,0,1
104951,1682,Beauty,845.55,37.2,UPI,14,1,0.071,0.05,26,2,0
104952,1853,Electronics,4926.66,14.8,COD,10,3,0.3,0.09,9,4,0
104953,167,Furniture,14007.28,6.9,COD,7,2,0.286,0.11,26,1,0
104954,2046,Home & Kitchen,2096.44,7.3,Debit Card,11,1,0.091,0.07,49,0,0
104955,989,Beauty,949.65,4.0,Credit Card,11,5,0.455,0.05,33,1,0
104956,1085,Furniture,6373.0,10.4,Credit Card,12,2,0.167,0.11,78,0,0
104957,1331,Beauty,1575.44,14.9,UPI,12,2,0.167,0.05,9,0,0
104958,620,Furniture,15329.61,11.2,COD,6,1,0.167,0.11,11,4,0
104959,1673,Mobile Accessories,594.67,11.0,COD,8,1,0.125,0.06,13,1,1
104960,740,Furniture,7451.56,1.4,COD,15,2,0.133,0.11,3,0,0
104961,443,Apparel - Mens,1802.12,3.9,COD,14,9,0.643,0.19,137,1,1
104962,1476,Furniture,11983.66,3.4,UPI,7,3,0.429,0.11,4,0,0
104963,2168,Apparel - Mens,1715.27,10.0,COD,13,7,0.538,0.19,18,2,1
104964,1323,Footwear,2701.73,14.2,UPI,9,0,0.0,0.24,38,0,0
104965,1125,Home & Kitchen,2030.66,9.3,UPI,7,0,0.0,0.07,6,2,0
104966,239,Electronics,5478.91,4.2,Debit Card,13,2,0.154,0.09,15,2,0
104967,191,Footwear,1665.44,11.3,COD,15,4,0.267,0.24,5,2,1
104968,1380,Apparel - Womens,1551.91,12.2,Credit Card,12,2,0.167,0.28,53,1,1
104969,1195,Apparel - Mens,1858.22,10.5,UPI,17,10,0.588,0.19,13,0,1
104970,153,Mobile Accessories,448.24,12.3,UPI,10,2,0.2,0.06,67,0,0
104971,155,Beauty,876.6,12.5,UPI,13,0,0.0,0.05,34,0,0
104972,2031,Apparel - Mens,1105.29,5.8,Credit Card,11,3,0.273,0.19,18,1,0
104973,1841,Mobile Accessories,885.11,2.4,COD,13,2,0.154,0.06,9,0,1
104974,2033,Home & Kitchen,1315.38,23.6,Credit Card,11,3,0.273,0.07,18,0,0
104975,609,Mobile Accessories,810.38,7.6,COD,11,5,0.455,0.06,33,1,0
104976,1332,Apparel - Mens,150.0,8.8,COD,14,5,0.357,0.19,23,0,0
104977,1882,Apparel - Womens,1728.87,11.9,Netbanking,10,1,0.1,0.28,46,1,0
104978,1372,Footwear,3487.97,25.2,Credit Card,15,6,0.4,0.24,23,0,1
104979,1536,Home & Kitchen,2044.58,5.1,Debit Card,11,3,0.273,0.07,23,1,0
104980,633,Apparel - Mens,1358.5,14.8,COD,11,1,0.091,0.19,73,2,0
104981,667,Electronics,8079.87,5.2,UPI,14,0,0.0,0.09,4,0,0
104982,944,Footwear,2865.31,22.6,COD,16,3,0.188,0.24,94,2,0
104983,1141,Footwear,1883.45,11.7,Debit Card,18,3,0.167,0.24,49,1,0
104984,268,Mobile Accessories,276.35,13.7,COD,15,2,0.133,0.06,0,1,0
104985,1236,Footwear,3108.59,7.3,COD,19,2,0.105,0.24,36,0,0
104986,1030,Apparel - Womens,561.46,19.3,UPI,12,1,0.083,0.28,12,1,0
104987,1764,Beauty,1393.66,12.6,Credit Card,13,2,0.154,0.05,10,1,0
104988,178,Mobile Accessories,786.08,8.0,Credit Card,13,1,0.077,0.06,107,1,0
104989,1561,Home & Kitchen,1500.28,3.0,Credit Card,9,2,0.222,0.07,31,1,0
104990,1764,Beauty,663.94,3.7,UPI,13,2,0.154,0.05,52,2,1
104991,189,Apparel - Womens,1685.11,15.0,UPI,9,0,0.0,0.28,151,0,0
104992,1758,Apparel - Mens,1644.08,3.7,UPI,8,1,0.125,0.19,30,2,0
104993,795,Home & Kitchen,3532.52,8.8,COD,13,3,0.231,0.07,121,1,0
104994,2153,Electronics,5352.22,29.4,COD,12,5,0.417,0.09,14,1,0
104995,898,Furniture,14675.28,2.6,Netbanking,10,1,0.1,0.11,12,1,0
104996,171,Furniture,11374.89,6.2,UPI,9,2,0.222,0.11,3,0,0
104997,1745,Electronics,7247.47,21.2,Debit Card,10,0,0.0,0.09,20,2,0
104998,2020,Mobile Accessories,282.54,12.1,UPI,9,0,0.0,0.06,40,2,0
104999,157,Beauty,1281.68,14.4,Credit Card,14,4,0.286,0.05,2,1,0
105000,132,Electronics,2547.44,0.5,UPI,17,6,0.353,0.09,30,0,0
105001,1733,Footwear,1812.28,30.2,UPI,8,2,0.25,0.24,80,3,0
105002,485,Furniture,7593.85,15.6,COD,16,5,0.312,0.11,10,1,0
105003,612,Electronics,5200.27,3.4,Credit Card,10,0,0.0,0.09,8,1,0
105004,900,Mobile Accessories,1296.01,11.8,UPI,10,2,0.2,0.06,5,3,1
105005,31,Beauty,1072.84,7.6,COD,8,1,0.125,0.05,29,2,1
105006,1246,Footwear,858.94,9.9,COD,20,4,0.2,0.24,26,0,0
105007,1959,Apparel - Womens,1103.49,15.2,UPI,8,0,0.0,0.28,20,1,0
105008,1027,Apparel - Mens,1091.81,9.9,UPI,14,2,0.143,0.19,64,1,1
105009,668,Apparel - Mens,719.38,22.8,UPI,19,1,0.053,0.19,53,0,0
105010,2022,Furniture,13023.54,11.2,Credit Card,17,1,0.059,0.11,23,0,0
105011,1091,Home & Kitchen,2379.6,18.2,Credit Card,10,4,0.4,0.07,9,0,0
105012,434,Beauty,220.29,3.5,COD,9,0,0.0,0.05,18,0,0
105013,548,Furniture,5322.94,6.8,UPI,16,4,0.25,0.11,4,1,0
105014,1433,Footwear,150.0,0.6,Credit Card,16,1,0.062,0.24,8,3,1
105015,862,Home & Kitchen,1776.34,11.5,Credit Card,21,2,0.095,0.07,8,3,1
105016,303,Apparel - Womens,2233.97,0.3,UPI,11,2,0.182,0.28,0,0,0
105017,1858,Home & Kitchen,150.0,37.0,COD,9,0,0.0,0.07,41,0,0
105018,766,Home & Kitchen,1422.42,5.7,Debit Card,9,1,0.111,0.07,13,1,0
105019,612,Footwear,2935.48,13.6,Netbanking,10,0,0.0,0.24,6,2,0
105020,1800,Beauty,826.35,5.3,UPI,9,1,0.111,0.05,30,3,0
105021,1264,Footwear,2027.7,9.9,COD,15,0,0.0,0.24,45,2,0
105022,603,Apparel - Womens,2678.13,5.9,Debit Card,12,4,0.333,0.28,111,2,1
105023,1981,Beauty,842.23,6.8,COD,17,5,0.294,0.05,15,1,0
105024,2045,Footwear,1456.69,4.9,Credit Card,12,0,0.0,0.24,16,5,0
105025,2072,Footwear,1897.24,10.4,UPI,9,1,0.111,0.24,17,5,0
105026,1871,Footwear,1590.13,16.6,Credit Card,7,0,0.0,0.24,6,1,0
105027,1743,Furniture,5576.03,2.8,COD,11,1,0.091,0.11,16,1,0
105028,347,Apparel - Mens,494.6,11.7,UPI,13,8,0.615,0.19,34,0,0
105029,1776,Mobile Accessories,1159.61,5.8,Credit Card,11,3,0.273,0.06,24,1,1
105030,971,Footwear,2651.09,3.4,Debit Card,11,1,0.091,0.24,77,1,0
105031,413,Home & Kitchen,2071.24,9.7,Credit Card,8,0,0.0,0.07,0,3,1
105032,418,Furniture,11906.15,7.0,Credit Card,12,1,0.083,0.11,29,1,0
105033,1695,Beauty,529.02,31.7,UPI,12,3,0.25,0.05,45,4,0
105034,903,Furniture,9517.71,6.2,Netbanking,17,7,0.412,0.11,9,1,1
105035,1479,Footwear,1081.14,8.2,Debit Card,12,5,0.417,0.24,98,0,1
105036,2124,Mobile Accessories,875.56,11.0,UPI,10,2,0.2,0.06,49,0,0
105037,1212,Apparel - Mens,2855.26,17.3,COD,10,1,0.1,0.19,14,1,0
105038,1748,Furniture,6913.01,5.2,UPI,17,4,0.235,0.11,13,3,1
105039,1661,Home & Kitchen,2436.38,22.1,Credit Card,11,0,0.0,0.07,113,1,0
105040,287,Electronics,11372.64,29.2,UPI,12,5,0.417,0.09,90,0,0
105041,1020,Apparel - Mens,2769.84,11.2,UPI,10,3,0.3,0.19,42,2,1
105042,69,Apparel - Womens,2129.28,5.5,COD,8,0,0.0,0.28,6,1,0
105043,1609,Apparel - Mens,1488.72,10.2,UPI,11,0,0.0,0.19,17,1,0
105044,1819,Mobile Accessories,346.16,13.4,Credit Card,10,3,0.3,0.06,75,1,0
105045,1230,Apparel - Womens,1259.23,2.8,Netbanking,8,1,0.125,0.28,40,1,0
105046,1475,Apparel - Mens,1866.22,19.4,COD,8,0,0.0,0.19,17,0,0
105047,1231,Footwear,2946.72,2.7,Netbanking,13,2,0.154,0.24,8,1,0
105048,139,Mobile Accessories,703.42,19.8,COD,9,0,0.0,0.06,101,1,0
105049,1519,Footwear,2982.88,5.4,Credit Card,8,2,0.25,0.24,66,2,0
105050,594,Footwear,1928.34,18.2,COD,13,0,0.0,0.24,17,0,0
105051,1231,Mobile Accessories,954.33,10.0,UPI,13,2,0.154,0.06,0,2,1
105052,442,Furniture,5702.38,7.9,COD,11,0,0.0,0.11,10,2,0
105053,1163,Home & Kitchen,2680.38,9.2,Credit Card,12,1,0.083,0.07,30,2,0
105054,1193,Apparel - Womens,1577.32,4.7,UPI,15,5,0.333,0.28,1,3,0
105055,1808,Home & Kitchen,4112.97,8.8,COD,11,1,0.091,0.07,60,0,0
105056,820,Footwear,2330.27,7.3,UPI,13,2,0.154,0.24,6,0,0
105057,1189,Footwear,2866.79,2.9,UPI,10,1,0.1,0.24,21,0,0
105058,505,Apparel - Mens,1777.55,9.7,UPI,11,1,0.091,0.19,1,1,0
105059,1389,Beauty,1633.63,4.6,Debit Card,9,4,0.444,0.05,18,3,0
105060,1439,Electronics,5628.6,14.9,Credit Card,17,1,0.059,0.09,9,1,0
105061,1383,Footwear,1015.66,7.3,Credit Card,12,4,0.333,0.24,61,3,0
105062,1410,Mobile Accessories,1117.67,12.2,Credit Card,15,3,0.2,0.06,12,2,0
105063,1759,Apparel - Womens,3169.91,19.6,COD,17,5,0.294,0.28,101,2,1
105064,452,Furniture,11606.45,2.7,COD,14,5,0.357,0.11,21,2,0
105065,620,Footwear,2687.03,7.9,UPI,6,1,0.167,0.24,2,2,0
105066,1301,Apparel - Mens,1701.3,17.0,UPI,17,1,0.059,0.19,12,1,1
105067,1642,Furniture,7370.6,10.0,Credit Card,23,1,0.043,0.11,33,0,0
105068,1705,Apparel - Mens,654.98,17.0,Netbanking,10,0,0.0,0.19,13,1,0
105069,280,Mobile Accessories,1250.17,8.7,Credit Card,12,2,0.167,0.06,47,0,0
105070,2083,Mobile Accessories,1085.47,17.0,COD,15,1,0.067,0.06,23,1,0
105071,1969,Apparel - Womens,150.0,19.3,Netbanking,10,4,0.4,0.28,4,0,0
105072,1246,Footwear,3119.9,20.5,UPI,20,4,0.2,0.24,4,1,1
105073,976,Apparel - Womens,2362.77,7.2,Debit Card,10,1,0.1,0.28,28,0,0
105074,2021,Apparel - Mens,2812.04,13.0,Debit Card,12,0,0.0,0.19,31,2,0
105075,10,Electronics,7810.97,0.2,Credit Card,9,4,0.444,0.09,52,0,1
105076,353,Footwear,1465.15,7.7,UPI,13,3,0.231,0.24,3,3,1
105077,810,Apparel - Mens,1242.95,1.6,Credit Card,11,2,0.182,0.19,19,2,0
105078,1899,Home & Kitchen,3008.01,13.9,UPI,11,3,0.273,0.07,48,1,1
105079,1166,Apparel - Womens,969.89,5.4,UPI,16,1,0.062,0.28,22,1,0
105080,1439,Furniture,12382.87,18.0,UPI,17,1,0.059,0.11,45,1,0
105081,1739,Footwear,880.22,16.9,COD,13,4,0.308,0.24,19,3,0
105082,1336,Footwear,2006.6,1.2,UPI,12,2,0.167,0.24,30,2,0
105083,1317,Mobile Accessories,730.04,14.6,UPI,10,1,0.1,0.06,2,1,0
105084,158,Beauty,795.12,0.8,Credit Card,14,1,0.071,0.05,68,0,0
105085,183,Home & Kitchen,1161.29,11.0,UPI,12,1,0.083,0.07,11,2,0
105086,1145,Electronics,7315.67,11.5,UPI,18,3,0.167,0.09,12,1,0
105087,72,Beauty,248.17,9.2,Credit Card,13,2,0.154,0.05,37,1,0
105088,317,Electronics,8824.42,28.3,UPI,8,0,0.0,0.09,4,1,0
105089,1850,Mobile Accessories,744.49,2.7,COD,11,1,0.091,0.06,90,2,0
105090,93,Furniture,5966.99,9.1,Credit Card,12,0,0.0,0.11,56,0,0
105091,857,Furniture,9592.45,13.9,COD,12,8,0.667,0.11,46,1,0
105092,1870,Apparel - Womens,2843.43,12.0,UPI,15,2,0.133,0.28,20,2,0
105093,1264,Apparel - Mens,1495.27,1.4,Credit Card,15,0,0.0,0.19,23,1,0
105094,665,Electronics,4996.49,15.0,Credit Card,14,3,0.214,0.09,29,1,1
105095,1315,Footwear,2285.16,7.7,UPI,12,6,0.5,0.24,13,1,1
105096,436,Footwear,3246.57,11.1,COD,17,6,0.353,0.24,19,1,0
105097,1256,Beauty,562.44,20.5,UPI,11,0,0.0,0.05,50,1,0
105098,1147,Electronics,3713.36,29.6,UPI,13,2,0.154,0.09,34,4,1
105099,1142,Apparel - Mens,1152.23,4.2,COD,14,5,0.357,0.19,35,1,1
105100,24,Electronics,5103.15,2.0,Credit Card,12,2,0.167,0.09,181,1,0
105101,1024,Beauty,703.07,2.1,COD,14,2,0.143,0.05,53,0,0
105102,1994,Furniture,11735.62,17.7,UPI,18,3,0.167,0.11,31,0,0
105103,699,Apparel - Womens,975.52,7.5,COD,11,3,0.273,0.28,23,3,0
105104,413,Mobile Accessories,894.02,13.9,COD,8,0,0.0,0.06,19,2,0
105105,761,Footwear,2721.36,20.8,Credit Card,14,0,0.0,0.24,4,0,0
105106,104,Home & Kitchen,2301.27,10.2,UPI,6,0,0.0,0.07,49,0,0
105107,321,Beauty,1081.85,18.7,Debit Card,10,2,0.2,0.05,3,1,0
105108,213,Apparel - Mens,827.39,10.5,UPI,13,5,0.385,0.19,42,1,1
105109,430,Furniture,10911.99,15.0,UPI,15,3,0.2,0.11,23,2,0
105110,768,Mobile Accessories,744.04,19.8,UPI,10,3,0.3,0.06,4,1,0
105111,742,Footwear,4416.48,14.2,UPI,13,0,0.0,0.24,21,0,0
105112,321,Mobile Accessories,811.35,7.1,COD,10,2,0.2,0.06,82,1,0
105113,144,Apparel - Mens,1281.01,7.7,Credit Card,9,2,0.222,0.19,41,0,0
105114,1000,Apparel - Mens,2029.28,25.5,Debit Card,12,1,0.083,0.19,44,1,1
105115,1629,Apparel - Mens,2173.74,12.8,COD,14,2,0.143,0.19,103,3,0
105116,202,Furniture,8666.98,1.3,Credit Card,13,0,0.0,0.11,40,1,0
105117,665,Electronics,6055.77,24.8,COD,14,3,0.214,0.09,0,0,0
105118,2013,Electronics,6585.97,5.1,Credit Card,11,1,0.091,0.09,29,0,0
105119,392,Apparel - Womens,2029.82,5.2,UPI,16,2,0.125,0.28,16,2,1
105120,316,Furniture,10893.33,12.3,UPI,12,0,0.0,0.11,16,2,0
105121,222,Apparel - Mens,1119.59,35.5,UPI,11,3,0.273,0.19,4,2,1
105122,2156,Apparel - Womens,2243.84,5.9,COD,10,2,0.2,0.28,0,1,0
105123,1467,Footwear,1277.8,19.6,Credit Card,13,3,0.231,0.24,0,2,0
105124,1546,Footwear,997.01,16.3,COD,7,0,0.0,0.24,149,1,1
105125,168,Beauty,1350.46,6.5,UPI,19,10,0.526,0.05,3,2,0
105126,1549,Beauty,668.54,21.5,Credit Card,13,2,0.154,0.05,196,1,0
105127,1356,Home & Kitchen,696.27,2.2,UPI,12,0,0.0,0.07,21,1,0
105128,1795,Beauty,1375.4,15.8,COD,16,3,0.188,0.05,18,0,0
105129,1443,Furniture,12737.19,4.3,COD,8,2,0.25,0.11,7,1,1
105130,1206,Apparel - Womens,3290.09,14.7,Credit Card,8,1,0.125,0.28,42,0,1
105131,444,Apparel - Mens,1083.92,2.2,UPI,15,1,0.067,0.19,19,1,1
105132,1209,Footwear,4091.97,8.7,UPI,7,0,0.0,0.24,0,1,0
105133,276,Apparel - Womens,2226.98,9.2,Debit Card,9,1,0.111,0.28,53,0,0
105134,1696,Apparel - Mens,1541.49,5.4,UPI,12,1,0.083,0.19,1,2,0
105135,728,Furniture,11492.48,17.9,UPI,18,3,0.167,0.11,69,0,1
105136,2070,Electronics,5565.73,13.7,Credit Card,10,1,0.1,0.09,26,2,0
105137,845,Furniture,10711.88,13.0,UPI,13,5,0.385,0.11,8,0,0
105138,1493,Footwear,3683.25,1.5,Credit Card,7,0,0.0,0.24,15,0,0
105139,1555,Electronics,7544.64,23.4,UPI,9,2,0.222,0.09,107,2,0
105140,1160,Apparel - Mens,1694.44,13.9,COD,14,5,0.357,0.19,5,0,1
105141,2040,Electronics,8831.59,18.4,UPI,9,3,0.333,0.09,36,0,0
105142,1038,Electronics,7279.04,7.5,Netbanking,11,1,0.091,0.09,45,0,0
105143,1153,Electronics,6847.59,9.5,COD,11,2,0.182,0.09,46,4,0
105144,1617,Furniture,5472.97,11.7,UPI,11,1,0.091,0.11,14,2,0
105145,217,Home & Kitchen,2394.74,31.3,Debit Card,11,2,0.182,0.07,21,0,0
105146,169,Home & Kitchen,3311.19,21.5,COD,12,2,0.167,0.07,3,3,0
105147,1294,Home & Kitchen,1478.19,5.0,UPI,13,0,0.0,0.07,18,2,0
105148,281,Home & Kitchen,1911.12,29.3,COD,7,0,0.0,0.07,25,1,1
105149,1250,Beauty,772.86,3.6,COD,16,1,0.062,0.05,6,0,0
105150,1693,Beauty,1257.82,12.2,UPI,11,1,0.091,0.05,0,1,0
105151,1788,Apparel - Womens,1452.81,28.9,COD,13,8,0.615,0.28,12,2,1
105152,215,Apparel - Mens,2401.34,11.8,COD,9,6,0.667,0.19,38,1,1
105153,1813,Home & Kitchen,1059.83,40.3,UPI,8,3,0.375,0.07,11,1,0
105154,1915,Apparel - Womens,1665.02,15.9,Credit Card,11,4,0.364,0.28,84,0,1
105155,282,Home & Kitchen,2487.75,7.9,Debit Card,14,1,0.071,0.07,14,1,0
105156,447,Mobile Accessories,1007.23,6.0,Credit Card,11,1,0.091,0.06,57,0,0
105157,965,Apparel - Mens,1962.56,5.2,UPI,10,0,0.0,0.19,15,0,0
105158,384,Beauty,1158.1,17.1,UPI,10,2,0.2,0.05,2,4,0
105159,1956,Electronics,2838.49,6.9,Debit Card,10,4,0.4,0.09,80,1,0
105160,889,Footwear,1871.11,7.9,UPI,16,4,0.25,0.24,0,1,0
105161,688,Apparel - Womens,678.67,13.0,Credit Card,14,4,0.286,0.28,14,0,1
105162,398,Mobile Accessories,520.55,12.4,COD,16,2,0.125,0.06,10,1,0
105163,2126,Apparel - Womens,1951.38,1.9,UPI,11,0,0.0,0.28,116,2,1
105164,156,Beauty,619.42,5.8,UPI,14,0,0.0,0.05,6,1,0
105165,1256,Mobile Accessories,718.32,1.7,Netbanking,11,0,0.0,0.06,16,2,0
105166,1176,Apparel - Womens,2609.7,24.9,Debit Card,14,2,0.143,0.28,5,0,0
105167,1340,Mobile Accessories,150.0,15.6,Netbanking,11,3,0.273,0.06,28,2,1
105168,1972,Electronics,2224.22,16.2,UPI,10,2,0.2,0.09,40,1,0
105169,1270,Mobile Accessories,307.57,7.0,UPI,9,2,0.222,0.06,39,1,0
105170,262,Footwear,1535.57,15.4,UPI,11,5,0.455,0.24,34,4,1
105171,1784,Apparel - Womens,150.0,12.4,Credit Card,13,2,0.154,0.28,47,0,0
105172,11,Apparel - Womens,1328.45,19.2,Credit Card,11,2,0.182,0.28,88,1,1
105173,2046,Electronics,7189.0,16.7,UPI,11,1,0.091,0.09,71,2,0
105174,246,Electronics,5809.35,5.1,UPI,5,0,0.0,0.09,65,1,0
105175,925,Mobile Accessories,987.86,13.9,UPI,15,2,0.133,0.06,4,1,0
105176,1659,Mobile Accessories,443.79,13.0,UPI,11,0,0.0,0.06,2,1,0
105177,398,Mobile Accessories,772.58,27.2,Debit Card,16,2,0.125,0.06,1,0,0
105178,1905,Beauty,1108.83,1.3,Credit Card,9,2,0.222,0.05,72,0,0
105179,2012,Furniture,6905.06,2.3,UPI,11,3,0.273,0.11,16,1,0
105180,33,Apparel - Womens,2173.82,9.6,Credit Card,15,0,0.0,0.28,14,0,0
105181,1388,Beauty,595.37,18.4,COD,9,0,0.0,0.05,65,1,0
105182,769,Electronics,5198.86,5.7,Credit Card,13,1,0.077,0.09,92,2,0
105183,1898,Apparel - Womens,2902.14,9.1,Credit Card,13,1,0.077,0.28,17,1,0
105184,1668,Home & Kitchen,2338.76,3.5,COD,15,0,0.0,0.07,8,3,0
105185,1135,Furniture,10600.55,30.8,Credit Card,9,0,0.0,0.11,166,2,0
105186,566,Furniture,15177.08,14.1,UPI,13,4,0.308,0.11,4,2,1
105187,1986,Home & Kitchen,2814.2,1.7,Credit Card,9,2,0.222,0.07,10,1,0
105188,417,Home & Kitchen,3350.57,6.5,COD,10,2,0.2,0.07,9,0,0
105189,740,Home & Kitchen,2285.43,26.1,Debit Card,15,2,0.133,0.07,5,0,0
105190,504,Mobile Accessories,781.06,0.6,Debit Card,17,0,0.0,0.06,31,0,0
105191,235,Mobile Accessories,635.17,7.3,UPI,9,1,0.111,0.06,1,1,0
105192,958,Apparel - Mens,906.26,26.6,Netbanking,11,2,0.182,0.19,42,1,0
105193,1316,Mobile Accessories,734.83,11.7,UPI,11,3,0.273,0.06,145,1,1
105194,1658,Mobile Accessories,286.46,4.4,Debit Card,9,1,0.111,0.06,17,2,0
105195,1041,Footwear,3995.71,4.3,COD,12,1,0.083,0.24,0,1,0
105196,1746,Footwear,1142.55,16.4,Credit Card,12,0,0.0,0.24,1,4,0
105197,1036,Electronics,4529.42,17.8,Netbanking,18,1,0.056,0.09,38,0,0
105198,750,Apparel - Mens,2448.38,6.7,COD,15,1,0.067,0.19,28,0,0
105199,40,Beauty,750.39,5.0,COD,13,0,0.0,0.05,7,0,0
105200,114,Furniture,10324.88,7.9,Debit Card,6,2,0.333,0.11,30,2,1
105201,334,Mobile Accessories,1066.41,2.2,Credit Card,13,0,0.0,0.06,22,1,0
105202,830,Furniture,9525.44,6.0,COD,12,2,0.167,0.11,5,2,0
105203,519,Apparel - Womens,1882.72,5.8,Netbanking,9,0,0.0,0.28,29,1,0
105204,1357,Beauty,1281.44,7.3,Debit Card,15,2,0.133,0.05,88,1,0
105205,593,Furniture,8910.34,12.4,Credit Card,12,0,0.0,0.11,138,0,0
105206,1141,Furniture,10065.75,9.9,COD,18,3,0.167,0.11,3,0,0
105207,864,Apparel - Womens,1496.02,7.4,UPI,11,5,0.455,0.28,33,1,0
105208,387,Electronics,4881.55,25.9,Credit Card,14,3,0.214,0.09,0,0,0
105209,134,Mobile Accessories,289.7,5.2,UPI,6,1,0.167,0.06,5,0,0
105210,1292,Electronics,8727.54,32.3,COD,7,0,0.0,0.09,3,3,0
105211,524,Home & Kitchen,916.19,29.2,UPI,13,2,0.154,0.07,1,0,0
105212,1613,Electronics,3692.93,18.0,Credit Card,14,7,0.5,0.09,53,1,0
105213,1366,Mobile Accessories,828.62,4.9,COD,11,1,0.091,0.06,54,0,0
105214,1896,Apparel - Womens,1994.8,13.0,COD,7,6,0.857,0.28,1,1,1
105215,1471,Beauty,1050.7,31.2,Credit Card,12,1,0.083,0.05,4,3,0
105216,940,Home & Kitchen,2898.02,6.4,Credit Card,17,3,0.176,0.07,23,0,0
105217,1225,Home & Kitchen,2148.74,11.2,Credit Card,7,1,0.143,0.07,54,0,0
105218,2107,Apparel - Mens,2057.8,13.7,Credit Card,13,0,0.0,0.19,34,1,0
105219,547,Electronics,4110.69,11.9,COD,14,0,0.0,0.09,24,0,0
105220,2071,Home & Kitchen,1452.19,2.5,Debit Card,11,0,0.0,0.07,4,1,0
105221,1750,Mobile Accessories,752.14,4.7,UPI,16,5,0.312,0.06,9,1,0
105222,458,Apparel - Womens,1476.54,16.2,UPI,12,3,0.25,0.28,148,0,0
105223,1754,Apparel - Womens,2593.46,7.6,Debit Card,14,8,0.571,0.28,16,1,0
105224,1507,Furniture,7872.2,4.4,COD,12,0,0.0,0.11,54,0,1
105225,1272,Electronics,6629.5,7.4,COD,12,0,0.0,0.09,8,1,0
105226,1810,Beauty,1228.74,4.4,Credit Card,15,6,0.4,0.05,94,0,0
105227,1802,Footwear,1531.4,14.3,UPI,16,2,0.125,0.24,5,2,0
105228,1827,Home & Kitchen,984.22,21.7,Credit Card,11,5,0.455,0.07,16,1,1
105229,690,Apparel - Womens,1362.15,11.7,UPI,9,6,0.667,0.28,3,0,0
105230,287,Home & Kitchen,2872.73,4.4,UPI,12,5,0.417,0.07,24,0,0
105231,402,Mobile Accessories,654.11,5.7,UPI,6,2,0.333,0.06,58,1,1
105232,928,Mobile Accessories,906.72,5.0,Debit Card,11,2,0.182,0.06,15,1,0
105233,139,Footwear,2355.67,1.3,Credit Card,9,0,0.0,0.24,87,0,0
105234,1566,Home & Kitchen,3052.23,14.9,COD,11,1,0.091,0.07,11,1,0
105235,140,Beauty,911.15,11.6,COD,7,1,0.143,0.05,43,0,0
105236,1416,Mobile Accessories,555.17,11.9,UPI,19,4,0.211,0.06,118,2,0
105237,525,Apparel - Womens,1437.61,0.9,UPI,14,0,0.0,0.28,58,1,0
105238,2064,Beauty,413.0,17.8,Credit Card,10,1,0.1,0.05,78,2,0
105239,1987,Mobile Accessories,737.41,7.5,COD,7,2,0.286,0.06,90,1,0
105240,639,Apparel - Mens,1890.0,8.5,UPI,14,2,0.143,0.19,4,2,0
105241,1560,Footwear,1850.1,16.9,Credit Card,11,0,0.0,0.24,58,1,0
105242,1758,Apparel - Mens,1943.23,24.7,COD,8,1,0.125,0.19,10,0,0
105243,134,Apparel - Mens,1363.6,18.1,Credit Card,6,1,0.167,0.19,120,1,0
105244,1367,Mobile Accessories,613.88,13.5,UPI,14,5,0.357,0.06,4,1,0
105245,1125,Home & Kitchen,1816.9,1.8,UPI,7,0,0.0,0.07,31,2,0
105246,200,Footwear,2490.93,9.1,COD,11,2,0.182,0.24,5,0,1
105247,1707,Footwear,2584.94,2.8,COD,9,0,0.0,0.24,11,4,0
105248,1458,Mobile Accessories,806.67,3.2,UPI,13,0,0.0,0.06,21,2,1
105249,1252,Footwear,2554.69,8.0,Debit Card,10,4,0.4,0.24,6,3,0
105250,1013,Beauty,1053.32,18.8,Netbanking,17,2,0.118,0.05,80,5,0
105251,897,Apparel - Mens,1330.3,13.5,Credit Card,16,4,0.25,0.19,1,1,0
105252,1192,Electronics,10184.33,10.3,Credit Card,12,0,0.0,0.09,57,1,0
105253,66,Electronics,7557.87,6.4,Credit Card,12,2,0.167,0.09,11,1,0
105254,1491,Apparel - Mens,594.69,21.5,COD,19,4,0.211,0.19,15,1,0
105255,773,Home & Kitchen,2702.73,11.0,UPI,15,3,0.2,0.07,9,2,0
105256,1141,Apparel - Mens,2442.39,4.9,Credit Card,18,3,0.167,0.19,18,3,0
105257,608,Footwear,2059.72,13.2,COD,11,3,0.273,0.24,28,3,1
105258,811,Footwear,1580.03,6.3,Netbanking,16,4,0.25,0.24,47,1,1
105259,435,Electronics,3830.25,10.7,COD,6,0,0.0,0.09,23,2,0
105260,1782,Electronics,7380.39,13.4,UPI,13,0,0.0,0.09,77,1,0
105261,1680,Apparel - Mens,728.96,6.7,Debit Card,13,3,0.231,0.19,25,0,0
105262,1336,Footwear,1414.49,20.4,Netbanking,12,2,0.167,0.24,33,0,0
105263,408,Footwear,753.24,16.8,Netbanking,13,0,0.0,0.24,219,5,0
105264,1981,Footwear,1502.48,11.7,COD,17,5,0.294,0.24,17,1,1
105265,1269,Apparel - Mens,2029.67,24.2,UPI,13,1,0.077,0.19,8,0,0
105266,202,Home & Kitchen,2485.29,10.9,Credit Card,13,0,0.0,0.07,15,1,0
105267,1805,Footwear,3404.77,8.6,Debit Card,19,2,0.105,0.24,32,0,1
105268,410,Apparel - Womens,1641.41,4.0,UPI,7,0,0.0,0.28,4,1,0
105269,2162,Home & Kitchen,150.0,22.3,COD,12,1,0.083,0.07,31,0,0
105270,329,Beauty,1196.07,14.4,Debit Card,13,8,0.615,0.05,4,1,1
105271,26,Apparel - Mens,2125.35,9.5,COD,11,2,0.182,0.19,52,0,1
105272,970,Mobile Accessories,451.91,2.8,UPI,10,0,0.0,0.06,35,1,0
105273,1028,Home & Kitchen,1440.4,13.7,Netbanking,7,2,0.286,0.07,17,1,0
105274,1436,Apparel - Mens,1851.84,11.2,Debit Card,10,4,0.4,0.19,7,4,0
105275,950,Footwear,1622.29,4.1,UPI,16,10,0.625,0.24,17,0,1
105276,2033,Apparel - Womens,2606.26,19.7,COD,11,3,0.273,0.28,77,3,0
105277,2004,Home & Kitchen,2836.39,4.9,Credit Card,9,2,0.222,0.07,21,1,0
105278,1571,Mobile Accessories,1020.62,5.8,UPI,13,0,0.0,0.06,4,1,0
105279,1219,Electronics,10741.44,7.5,UPI,11,2,0.182,0.09,29,2,0
105280,1647,Footwear,2244.47,11.0,Debit Card,9,0,0.0,0.24,8,2,0
105281,557,Furniture,5133.77,4.2,UPI,17,0,0.0,0.11,1,3,1
105282,2089,Home & Kitchen,1873.75,15.1,Debit Card,11,0,0.0,0.07,16,0,0
105283,354,Home & Kitchen,1224.21,7.3,UPI,13,4,0.308,0.07,98,0,0
105284,1755,Apparel - Mens,384.49,5.4,UPI,15,0,0.0,0.19,4,2,0
105285,1436,Beauty,664.66,0.7,UPI,10,4,0.4,0.05,24,2,0
105286,1337,Furniture,9934.39,2.3,Debit Card,7,2,0.286,0.11,85,1,0
105287,654,Furniture,9573.77,39.3,Debit Card,8,3,0.375,0.11,43,2,1
105288,509,Footwear,1863.06,16.7,COD,17,4,0.235,0.24,4,2,0
105289,1339,Apparel - Womens,1499.16,34.1,UPI,12,2,0.167,0.28,116,0,1
105290,1267,Mobile Accessories,903.4,17.8,UPI,7,2,0.286,0.06,34,2,0
105291,388,Beauty,787.23,2.2,Credit Card,13,5,0.385,0.05,51,0,0
105292,2078,Footwear,1878.87,18.0,Credit Card,11,2,0.182,0.24,11,1,1
105293,798,Mobile Accessories,667.82,9.7,UPI,10,1,0.1,0.06,36,1,0
105294,1717,Apparel - Womens,2404.77,23.2,COD,7,1,0.143,0.28,3,1,1
105295,2100,Home & Kitchen,3546.32,6.8,Debit Card,9,1,0.111,0.07,27,1,0
105296,40,Mobile Accessories,407.35,9.9,COD,13,0,0.0,0.06,1,2,0
105297,805,Apparel - Womens,2036.11,10.6,UPI,13,1,0.077,0.28,57,3,0
105298,1978,Home & Kitchen,2207.12,23.2,Credit Card,16,2,0.125,0.07,94,2,0
105299,1724,Apparel - Mens,2366.49,12.9,Credit Card,14,3,0.214,0.19,46,1,0
105300,675,Home & Kitchen,3453.7,28.7,Debit Card,12,3,0.25,0.07,78,3,0
105301,2029,Electronics,5378.4,22.2,Credit Card,16,2,0.125,0.09,6,2,0
105302,1014,Beauty,811.42,16.6,COD,13,3,0.231,0.05,22,2,0
105303,2011,Home & Kitchen,2616.7,13.8,Credit Card,12,2,0.167,0.07,7,2,0
105304,2114,Furniture,10072.11,2.3,Netbanking,11,2,0.182,0.11,17,2,0
105305,488,Furniture,10986.79,19.2,Debit Card,13,1,0.077,0.11,37,1,0
105306,738,Apparel - Womens,1106.55,25.8,UPI,14,3,0.214,0.28,52,2,1
105307,137,Furniture,9405.72,3.4,UPI,19,1,0.053,0.11,68,1,0
105308,2147,Footwear,864.26,19.5,UPI,15,2,0.133,0.24,57,1,0
105309,1817,Furniture,6770.45,6.9,COD,14,2,0.143,0.11,12,1,0
105310,1633,Beauty,1523.38,12.9,UPI,12,1,0.083,0.05,36,1,0
105311,1779,Home & Kitchen,2579.87,14.9,Debit Card,9,0,0.0,0.07,22,2,0
105312,275,Beauty,621.05,15.0,COD,8,1,0.125,0.05,9,2,1
105313,551,Apparel - Mens,2868.86,6.7,Debit Card,17,5,0.294,0.19,16,1,0
105314,1350,Electronics,9009.58,15.1,Debit Card,12,1,0.083,0.09,60,0,0
105315,274,Home & Kitchen,1105.21,6.3,UPI,14,0,0.0,0.07,46,1,0
105316,79,Apparel - Mens,1332.88,26.4,UPI,14,3,0.214,0.19,38,1,0
105317,557,Footwear,2305.6,9.7,Credit Card,17,0,0.0,0.24,76,0,0
105318,29,Electronics,3807.42,22.0,Credit Card,10,1,0.1,0.09,54,2,0
105319,405,Beauty,918.78,14.0,Credit Card,11,2,0.182,0.05,31,2,0
105320,942,Apparel - Womens,1643.54,5.0,Credit Card,14,1,0.071,0.28,113,3,0
105321,1083,Apparel - Womens,2490.39,18.2,UPI,18,5,0.278,0.28,63,3,1
105322,1767,Home & Kitchen,2464.79,19.8,Credit Card,15,4,0.267,0.07,16,2,0
105323,1307,Apparel - Womens,3461.98,5.6,Credit Card,12,5,0.417,0.28,54,3,1
105324,1649,Apparel - Womens,1644.03,16.2,COD,13,1,0.077,0.28,21,2,0
105325,452,Apparel - Womens,1877.05,11.5,Credit Card,14,5,0.357,0.28,81,1,1
105326,739,Furniture,6698.61,0.5,Credit Card,7,1,0.143,0.11,40,1,0
105327,9,Footwear,2781.36,12.6,UPI,15,5,0.333,0.24,0,0,0
105328,723,Mobile Accessories,639.94,15.6,Credit Card,10,0,0.0,0.06,69,3,0
105329,1151,Mobile Accessories,1257.36,0.2,Credit Card,10,6,0.6,0.06,17,0,0
105330,528,Apparel - Womens,1430.14,4.0,Credit Card,7,0,0.0,0.28,142,1,0
105331,1565,Apparel - Mens,1899.87,8.7,COD,9,0,0.0,0.19,6,2,1
105332,1768,Footwear,1498.97,2.6,Credit Card,12,3,0.25,0.24,23,1,0
105333,1029,Apparel - Womens,2301.25,11.1,UPI,15,1,0.067,0.28,46,1,0
105334,553,Electronics,5840.29,18.2,UPI,18,1,0.056,0.09,2,0,0
105335,876,Beauty,793.33,30.7,Credit Card,12,0,0.0,0.05,16,0,0
105336,341,Apparel - Mens,2633.56,18.3,UPI,7,0,0.0,0.19,63,1,0
105337,1864,Apparel - Mens,3037.74,35.5,Credit Card,14,7,0.5,0.19,18,2,0
105338,1577,Mobile Accessories,750.97,8.1,Credit Card,7,3,0.429,0.06,28,0,0
105339,1956,Mobile Accessories,1022.71,20.4,Netbanking,10,4,0.4,0.06,1,1,1
105340,1161,Apparel - Mens,1486.9,7.9,UPI,13,1,0.077,0.19,0,1,0
105341,2,Apparel - Mens,952.56,35.3,Debit Card,11,2,0.182,0.19,29,1,0
105342,1619,Furniture,8251.54,14.0,Credit Card,13,4,0.308,0.11,14,0,1
105343,1940,Apparel - Mens,908.2,12.5,UPI,9,2,0.222,0.19,27,1,1
105344,2088,Footwear,4332.16,15.2,Debit Card,10,3,0.3,0.24,39,0,1
105345,131,Electronics,5925.46,0.7,Debit Card,12,3,0.25,0.09,54,0,0
105346,1928,Apparel - Womens,3115.4,8.8,Credit Card,18,1,0.056,0.28,6,2,0
105347,1751,Furniture,12750.97,6.8,COD,16,2,0.125,0.11,17,1,0
105348,612,Beauty,740.86,12.1,UPI,10,0,0.0,0.05,8,0,0
105349,994,Apparel - Mens,987.52,10.4,Credit Card,13,0,0.0,0.19,111,0,0
105350,1303,Electronics,7192.54,11.9,Netbanking,12,0,0.0,0.09,3,0,0
105351,2186,Beauty,558.44,3.6,COD,16,1,0.062,0.05,19,1,0
105352,1739,Footwear,150.0,5.7,COD,13,4,0.308,0.24,31,0,0
105353,2150,Home & Kitchen,195.82,6.2,UPI,12,1,0.083,0.07,9,0,0
105354,1487,Footwear,3424.83,21.0,COD,15,1,0.067,0.24,19,3,0
105355,566,Apparel - Womens,881.62,22.5,Credit Card,13,4,0.308,0.28,37,1,0
105356,2137,Footwear,2617.94,6.3,UPI,9,1,0.111,0.24,46,0,0
105357,632,Beauty,1484.7,8.9,UPI,12,0,0.0,0.05,42,3,1
105358,93,Furniture,6098.71,10.4,UPI,12,0,0.0,0.11,77,2,0
105359,1084,Apparel - Womens,1969.22,7.2,Debit Card,17,6,0.353,0.28,104,2,1
105360,447,Home & Kitchen,2491.07,4.0,Credit Card,11,1,0.091,0.07,15,2,0
105361,1424,Home & Kitchen,3135.47,15.6,COD,9,2,0.222,0.07,15,1,0
105362,163,Apparel - Mens,1346.98,11.7,Debit Card,16,0,0.0,0.19,11,1,0
105363,1973,Mobile Accessories,1010.15,10.1,Debit Card,10,5,0.5,0.06,22,1,0
105364,689,Beauty,952.18,9.6,COD,9,1,0.111,0.05,20,1,0
105365,1477,Apparel - Mens,1334.96,23.4,Credit Card,10,3,0.3,0.19,18,6,1
105366,175,Electronics,3867.21,3.4,UPI,14,6,0.429,0.09,40,1,0
105367,1707,Electronics,11779.74,13.6,Debit Card,9,0,0.0,0.09,2,1,0
105368,704,Apparel - Mens,2011.41,6.0,Netbanking,7,4,0.571,0.19,11,1,0
105369,1666,Apparel - Mens,955.1,5.1,COD,10,0,0.0,0.19,15,0,0
105370,205,Mobile Accessories,834.74,2.0,UPI,13,1,0.077,0.06,7,2,0
105371,379,Furniture,9176.1,20.7,UPI,12,4,0.333,0.11,58,3,0
105372,1955,Mobile Accessories,399.6,9.5,COD,12,0,0.0,0.06,15,0,0
105373,525,Electronics,6084.69,39.1,Credit Card,14,0,0.0,0.09,85,1,0
105374,1474,Apparel - Womens,1710.88,11.0,Netbanking,11,0,0.0,0.28,23,1,1
105375,996,Mobile Accessories,998.73,12.7,Debit Card,5,1,0.2,0.06,2,0,0
105376,587,Footwear,3180.56,18.8,Debit Card,11,1,0.091,0.24,24,1,0
105377,317,Mobile Accessories,392.41,1.6,UPI,8,0,0.0,0.06,66,5,0
105378,886,Footwear,1661.48,10.8,Credit Card,13,4,0.308,0.24,3,1,1
105379,2172,Apparel - Mens,1171.7,20.4,Credit Card,15,2,0.133,0.19,22,1,0
105380,639,Home & Kitchen,1493.78,15.7,Debit Card,14,2,0.143,0.07,0,0,1
105381,13,Electronics,8328.33,9.1,Credit Card,12,4,0.333,0.09,6,1,0
105382,1493,Apparel - Womens,1852.28,6.5,COD,7,0,0.0,0.28,15,0,0
105383,1876,Apparel - Womens,2289.04,4.9,Credit Card,6,1,0.167,0.28,29,1,0
105384,2190,Apparel - Mens,1696.8,1.3,Debit Card,11,1,0.091,0.19,12,2,0
105385,743,Mobile Accessories,908.0,16.2,Debit Card,17,4,0.235,0.06,7,0,0
105386,554,Furniture,5926.31,42.4,COD,18,5,0.278,0.11,10,0,0
105387,999,Home & Kitchen,1659.34,3.3,UPI,11,1,0.091,0.07,9,3,1
105388,1406,Furniture,9623.81,14.2,Debit Card,11,4,0.364,0.11,74,0,0
105389,647,Footwear,1998.9,11.9,COD,14,5,0.357,0.24,42,0,0
105390,84,Apparel - Mens,2805.0,11.9,Debit Card,6,1,0.167,0.19,79,1,0
105391,2194,Furniture,12222.33,18.5,Netbanking,7,1,0.143,0.11,118,1,0
105392,991,Beauty,893.45,5.2,Credit Card,15,0,0.0,0.05,2,1,0
105393,740,Apparel - Mens,2127.97,5.1,COD,15,2,0.133,0.19,30,0,1
105394,627,Apparel - Mens,1363.68,11.8,COD,9,2,0.222,0.19,8,2,1
105395,346,Furniture,6323.37,16.8,Credit Card,12,3,0.25,0.11,29,3,0
105396,2019,Electronics,8179.94,6.4,Credit Card,10,0,0.0,0.09,27,0,0
105397,1850,Home & Kitchen,1702.37,6.1,UPI,11,1,0.091,0.07,24,0,0
105398,363,Furniture,7065.66,4.8,COD,13,4,0.308,0.11,8,1,0
105399,1196,Beauty,494.35,13.1,COD,17,2,0.118,0.05,28,0,1
105400,1343,Mobile Accessories,1066.45,8.0,Debit Card,17,0,0.0,0.06,50,2,0
105401,1489,Apparel - Womens,314.99,17.6,UPI,9,4,0.444,0.28,1,2,1
105402,1722,Apparel - Womens,2801.58,8.4,UPI,15,2,0.133,0.28,140,1,0
105403,157,Electronics,11720.7,4.4,COD,14,4,0.286,0.09,37,0,0
105404,154,Mobile Accessories,212.38,13.5,COD,12,1,0.083,0.06,26,2,0
105405,1098,Apparel - Womens,2203.53,6.3,Debit Card,13,6,0.462,0.28,7,2,1
105406,2123,Furniture,7162.91,5.2,Credit Card,7,3,0.429,0.11,34,2,1
105407,1965,Footwear,1763.72,4.3,UPI,13,1,0.077,0.24,35,3,0
105408,94,Electronics,3897.65,6.1,UPI,9,0,0.0,0.09,60,1,0
105409,1324,Home & Kitchen,959.92,5.1,UPI,11,2,0.182,0.07,29,1,0
105410,1754,Electronics,11437.4,6.7,COD,14,8,0.571,0.09,3,0,1
105411,121,Apparel - Womens,2406.95,5.8,Credit Card,16,2,0.125,0.28,96,0,0
105412,24,Furniture,14082.8,6.0,COD,12,2,0.167,0.11,19,0,0
105413,780,Mobile Accessories,768.65,12.4,UPI,12,1,0.083,0.06,1,2,0
105414,192,Mobile Accessories,1033.52,12.0,COD,19,6,0.316,0.06,25,0,0
105415,667,Beauty,967.8,0.8,UPI,14,0,0.0,0.05,6,1,0
105416,135,Apparel - Womens,3047.25,10.6,Netbanking,9,1,0.111,0.28,16,5,1
105417,2108,Apparel - Mens,2332.21,11.3,Credit Card,16,1,0.062,0.19,41,1,0
105418,898,Apparel - Womens,1392.45,10.6,UPI,10,1,0.1,0.28,13,1,0
105419,1989,Apparel - Mens,2061.94,11.5,Credit Card,10,0,0.0,0.19,3,3,0
105420,135,Apparel - Mens,983.91,3.5,COD,9,1,0.111,0.19,47,1,0
105421,1823,Beauty,1230.38,7.9,Netbanking,17,0,0.0,0.05,99,1,0
105422,1362,Home & Kitchen,2913.55,7.1,Credit Card,13,2,0.154,0.07,3,3,0
105423,1052,Mobile Accessories,1099.43,9.5,UPI,9,4,0.444,0.06,36,1,1
105424,612,Home & Kitchen,2692.74,11.1,Credit Card,10,0,0.0,0.07,67,1,0
105425,1460,Mobile Accessories,908.73,4.9,COD,7,1,0.143,0.06,130,1,0
105426,1645,Apparel - Womens,2567.93,3.5,UPI,11,3,0.273,0.28,32,0,1
105427,1901,Apparel - Womens,926.99,14.7,UPI,15,8,0.533,0.28,68,0,0
105428,387,Apparel - Womens,1694.32,28.2,Debit Card,14,3,0.214,0.28,2,3,0
105429,780,Apparel - Mens,1636.55,1.4,COD,12,1,0.083,0.19,118,1,0
105430,152,Electronics,6716.11,6.0,Credit Card,16,1,0.062,0.09,127,0,0
105431,722,Footwear,1448.49,12.7,COD,10,1,0.1,0.24,28,0,1
105432,2058,Footwear,2222.49,10.5,Debit Card,14,3,0.214,0.24,7,2,0
105433,2110,Beauty,613.18,22.2,UPI,10,0,0.0,0.05,36,2,0
105434,2043,Footwear,1445.25,17.7,Credit Card,17,1,0.059,0.24,14,1,0
105435,339,Beauty,1000.35,4.2,COD,16,0,0.0,0.05,58,1,0
105436,617,Home & Kitchen,3079.01,20.3,Credit Card,13,2,0.154,0.07,13,0,0
105437,257,Footwear,1655.52,15.6,COD,14,0,0.0,0.24,46,1,1
105438,430,Furniture,10528.51,6.3,UPI,15,3,0.2,0.11,20,3,0
105439,1846,Mobile Accessories,994.4,10.4,Credit Card,15,9,0.6,0.06,83,1,1
105440,2154,Beauty,1120.24,8.7,COD,12,1,0.083,0.05,32,3,0
105441,333,Home & Kitchen,2913.7,2.9,UPI,12,0,0.0,0.07,5,1,0
105442,287,Electronics,5869.89,10.3,UPI,12,5,0.417,0.09,11,1,1
105443,1729,Footwear,2817.0,5.0,UPI,17,0,0.0,0.24,49,3,0
105444,2139,Electronics,6476.95,5.7,UPI,16,0,0.0,0.09,5,3,0
105445,2064,Furniture,9733.84,14.9,Debit Card,10,1,0.1,0.11,1,1,0
105446,41,Mobile Accessories,1289.77,3.6,UPI,9,3,0.333,0.06,28,2,1
105447,1941,Apparel - Womens,1780.97,4.3,Debit Card,13,2,0.154,0.28,27,1,1
105448,1023,Home & Kitchen,563.87,19.0,Debit Card,8,3,0.375,0.07,41,3,0
105449,889,Furniture,11277.58,9.8,Credit Card,16,4,0.25,0.11,103,3,0
105450,769,Apparel - Mens,1552.35,7.4,UPI,13,1,0.077,0.19,13,0,0
105451,2124,Home & Kitchen,2990.37,5.3,Credit Card,10,2,0.2,0.07,23,1,0
105452,78,Apparel - Mens,1955.5,15.9,Credit Card,6,1,0.167,0.19,49,2,0
105453,667,Furniture,6427.13,11.3,UPI,14,0,0.0,0.11,80,0,0
105454,2020,Furniture,7950.73,5.0,Debit Card,9,0,0.0,0.11,32,0,0
105455,1775,Home & Kitchen,700.57,20.0,COD,13,2,0.154,0.07,58,1,0
105456,677,Mobile Accessories,926.63,22.3,COD,12,4,0.333,0.06,24,1,1
105457,886,Home & Kitchen,2029.45,6.8,UPI,13,4,0.308,0.07,32,0,0
105458,843,Furniture,8141.32,21.9,UPI,9,2,0.222,0.11,45,1,0
105459,1075,Footwear,1802.11,3.4,UPI,6,0,0.0,0.24,9,1,0
105460,1143,Mobile Accessories,448.07,6.2,Netbanking,12,3,0.25,0.06,44,3,0
105461,773,Apparel - Mens,853.51,3.2,UPI,15,3,0.2,0.19,12,1,0
105462,104,Footwear,3729.19,11.7,COD,6,0,0.0,0.24,33,0,0
105463,1662,Home & Kitchen,2893.32,4.7,COD,13,8,0.615,0.07,12,1,1
105464,1674,Footwear,2045.86,7.8,Credit Card,11,2,0.182,0.24,6,0,0
105465,1391,Beauty,825.18,1.5,COD,9,4,0.444,0.05,16,0,0
105466,357,Home & Kitchen,2675.67,5.3,Debit Card,15,2,0.133,0.07,94,2,0
105467,893,Beauty,577.37,7.9,Credit Card,18,3,0.167,0.05,10,1,0
105468,1038,Home & Kitchen,2705.0,22.9,Credit Card,11,1,0.091,0.07,11,2,0
105469,220,Apparel - Womens,1055.75,10.9,UPI,13,4,0.308,0.28,60,0,1
105470,179,Mobile Accessories,718.11,3.8,UPI,11,0,0.0,0.06,11,0,0
105471,1266,Home & Kitchen,2716.31,2.8,COD,14,1,0.071,0.07,28,2,0
105472,688,Mobile Accessories,669.43,22.1,COD,14,4,0.286,0.06,77,2,1
105473,277,Mobile Accessories,1248.86,17.0,Credit Card,11,1,0.091,0.06,18,0,0
105474,1293,Apparel - Mens,1634.87,7.0,Debit Card,11,2,0.182,0.19,7,3,0
105475,815,Apparel - Mens,2489.98,11.8,UPI,14,2,0.143,0.19,32,0,0
105476,1195,Footwear,694.32,5.8,Debit Card,17,10,0.588,0.24,1,0,1
105477,779,Apparel - Womens,2273.24,10.4,Credit Card,10,2,0.2,0.28,70,1,0
105478,96,Apparel - Womens,2373.43,4.2,Debit Card,11,8,0.727,0.28,12,1,1
105479,1049,Apparel - Womens,1304.25,11.8,Netbanking,11,3,0.273,0.28,17,0,1
105480,576,Mobile Accessories,415.54,25.4,COD,14,4,0.286,0.06,82,1,0
105481,1851,Furniture,11807.96,15.0,Netbanking,8,3,0.375,0.11,110,3,1
105482,387,Mobile Accessories,546.93,16.0,COD,14,3,0.214,0.06,38,0,0
105483,1106,Apparel - Mens,1367.03,36.5,COD,13,1,0.077,0.19,9,0,0
105484,324,Apparel - Mens,825.19,14.2,UPI,7,1,0.143,0.19,9,2,0
105485,66,Apparel - Womens,1394.03,10.7,UPI,12,2,0.167,0.28,40,0,0
105486,1222,Apparel - Womens,2121.62,7.7,Debit Card,11,5,0.455,0.28,13,1,1
105487,1445,Beauty,1228.51,8.7,Credit Card,4,1,0.25,0.05,100,0,0
105488,683,Apparel - Mens,2579.9,8.1,Netbanking,11,1,0.091,0.19,17,3,1
105489,1096,Furniture,10993.23,3.4,Credit Card,14,2,0.143,0.11,9,3,1
105490,1692,Home & Kitchen,1064.87,1.7,Credit Card,13,0,0.0,0.07,42,1,0
105491,1939,Furniture,7829.26,29.7,UPI,10,0,0.0,0.11,75,0,0
105492,1971,Home & Kitchen,1417.66,10.1,Debit Card,8,4,0.5,0.07,0,4,0
105493,1923,Apparel - Womens,150.0,15.9,Debit Card,11,2,0.182,0.28,22,0,0
105494,621,Apparel - Mens,557.0,5.1,COD,14,4,0.286,0.19,8,4,0
105495,1199,Home & Kitchen,2748.97,8.6,UPI,11,0,0.0,0.07,12,2,0
105496,468,Furniture,9100.14,24.4,UPI,15,2,0.133,0.11,32,1,0
105497,176,Electronics,2848.8,3.6,Debit Card,11,0,0.0,0.09,73,3,0
105498,1025,Home & Kitchen,1913.11,10.4,COD,6,1,0.167,0.07,4,0,0
105499,163,Mobile Accessories,1142.48,14.3,UPI,16,0,0.0,0.06,55,1,0
105500,1598,Footwear,2337.76,30.4,COD,12,4,0.333,0.24,1,2,0
105501,148,Footwear,909.62,12.7,UPI,13,1,0.077,0.24,23,1,0
105502,1299,Mobile Accessories,425.94,16.9,Credit Card,16,6,0.375,0.06,88,2,0
105503,1922,Apparel - Womens,1399.15,22.0,Credit Card,16,0,0.0,0.28,105,0,0
105504,220,Home & Kitchen,1507.99,11.8,Debit Card,13,4,0.308,0.07,14,0,0
105505,1395,Home & Kitchen,2833.7,2.8,UPI,15,3,0.2,0.07,64,0,0
105506,1780,Footwear,324.65,9.9,Debit Card,10,1,0.1,0.24,63,2,0
105507,1176,Furniture,7245.29,4.7,COD,14,2,0.143,0.11,126,0,1
105508,885,Furniture,19080.51,6.9,Credit Card,10,1,0.1,0.11,15,1,1
105509,2194,Apparel - Womens,679.38,0.7,Credit Card,7,1,0.143,0.28,23,2,0
105510,1479,Apparel - Mens,1466.33,12.8,Credit Card,12,5,0.417,0.19,25,1,1
105511,438,Footwear,2143.92,6.3,Credit Card,9,3,0.333,0.24,80,4,1
105512,1595,Home & Kitchen,2134.93,13.7,Credit Card,13,1,0.077,0.07,168,2,1
105513,1942,Footwear,2518.42,1.4,COD,13,1,0.077,0.24,134,1,0
105514,290,Furniture,8161.37,21.9,Credit Card,22,7,0.318,0.11,217,1,0
105515,1567,Mobile Accessories,1092.48,2.3,UPI,16,2,0.125,0.06,58,2,0
105516,1052,Apparel - Womens,2717.91,2.7,Debit Card,9,4,0.444,0.28,34,3,0
105517,1610,Mobile Accessories,513.02,7.6,Credit Card,11,1,0.091,0.06,0,0,0
105518,1392,Furniture,8373.13,5.2,Credit Card,10,3,0.3,0.11,11,2,0
105519,807,Beauty,1127.54,21.4,UPI,12,1,0.083,0.05,19,4,0
105520,884,Apparel - Mens,1574.44,12.4,UPI,13,2,0.154,0.19,21,1,1
105521,565,Footwear,2330.6,32.0,Netbanking,11,3,0.273,0.24,10,0,1
105522,914,Electronics,4273.57,15.2,Debit Card,8,0,0.0,0.09,16,2,0
105523,1055,Home & Kitchen,1403.03,32.4,COD,9,3,0.333,0.07,48,1,0
105524,571,Furniture,7939.01,10.8,UPI,19,2,0.105,0.11,0,1,0
105525,1071,Mobile Accessories,768.86,16.1,Credit Card,10,1,0.1,0.06,26,1,0
105526,1621,Apparel - Mens,1776.15,9.3,Debit Card,11,0,0.0,0.19,15,1,0
105527,1715,Apparel - Womens,1337.8,1.4,COD,9,2,0.222,0.28,121,2,0
105528,1329,Apparel - Womens,820.71,5.5,UPI,14,1,0.071,0.28,5,0,0
105529,1137,Apparel - Womens,2079.21,3.7,UPI,13,9,0.692,0.28,19,1,0
105530,572,Mobile Accessories,959.91,13.3,UPI,9,2,0.222,0.06,28,2,1
105531,772,Furniture,8755.65,15.7,COD,11,1,0.091,0.11,64,1,0
105532,527,Apparel - Womens,1265.86,21.8,Netbanking,16,5,0.312,0.28,8,0,0
105533,533,Apparel - Womens,1637.95,8.1,COD,12,1,0.083,0.28,20,5,0
105534,482,Furniture,5599.55,10.0,COD,11,2,0.182,0.11,99,1,1
105535,878,Apparel - Mens,1771.0,16.6,Debit Card,17,1,0.059,0.19,54,1,1
105536,1402,Electronics,8157.84,4.4,Credit Card,14,5,0.357,0.09,10,0,0
105537,2135,Footwear,2473.86,16.1,UPI,13,6,0.462,0.24,51,4,0
105538,2105,Mobile Accessories,716.69,15.0,UPI,16,12,0.75,0.06,70,3,0
105539,1317,Footwear,1144.91,15.8,Credit Card,10,1,0.1,0.24,6,1,1
105540,160,Furniture,9783.01,12.7,UPI,13,0,0.0,0.11,27,0,0
105541,1069,Beauty,708.08,27.6,UPI,11,0,0.0,0.05,6,2,0
105542,1980,Furniture,9613.85,12.0,COD,11,1,0.091,0.11,16,2,0
105543,1667,Furniture,10422.85,22.4,COD,13,4,0.308,0.11,32,0,0
105544,529,Home & Kitchen,3960.88,4.6,COD,12,1,0.083,0.07,58,1,0
105545,1216,Apparel - Womens,1842.44,20.1,Credit Card,9,0,0.0,0.28,50,0,0
105546,1225,Beauty,982.76,30.2,COD,7,1,0.143,0.05,51,1,0
105547,795,Home & Kitchen,3110.52,10.4,UPI,13,3,0.231,0.07,14,5,0
105548,1014,Furniture,9920.8,6.4,COD,13,3,0.231,0.11,10,1,0
105549,247,Apparel - Womens,1621.34,19.1,Netbanking,15,1,0.067,0.28,34,0,0
105550,1582,Home & Kitchen,3823.3,2.9,UPI,13,0,0.0,0.07,12,1,0
105551,1654,Footwear,2629.96,14.7,COD,16,1,0.062,0.24,61,0,0
105552,1276,Home & Kitchen,925.04,4.1,COD,15,2,0.133,0.07,5,2,0
105553,890,Furniture,11987.39,5.9,Credit Card,10,3,0.3,0.11,104,0,1
105554,245,Home & Kitchen,1571.03,13.4,COD,15,3,0.2,0.07,3,1,0
105555,1831,Furniture,9239.24,5.6,UPI,19,6,0.316,0.11,31,2,1
105556,1944,Footwear,337.19,9.9,COD,12,1,0.083,0.24,49,2,1
105557,10,Electronics,4780.16,2.4,Debit Card,9,4,0.444,0.09,6,0,0
105558,407,Electronics,4607.04,21.7,COD,16,4,0.25,0.09,21,3,0
105559,1411,Apparel - Mens,494.98,2.7,UPI,14,1,0.071,0.19,17,0,0
105560,1418,Beauty,661.25,31.9,Credit Card,8,3,0.375,0.05,62,1,0
105561,915,Apparel - Womens,1478.33,5.6,COD,7,4,0.571,0.28,40,1,0
105562,325,Home & Kitchen,1879.03,8.7,Credit Card,11,4,0.364,0.07,3,0,0
105563,39,Apparel - Mens,1682.7,5.3,COD,15,1,0.067,0.19,7,0,1
105564,42,Home & Kitchen,1730.27,7.8,Netbanking,11,3,0.273,0.07,9,1,0
105565,1575,Beauty,1031.74,8.0,UPI,10,0,0.0,0.05,72,2,0
105566,1266,Beauty,777.34,19.3,COD,14,1,0.071,0.05,20,1,1
105567,578,Footwear,3579.41,3.3,UPI,13,1,0.077,0.24,8,1,0
105568,1874,Apparel - Mens,2179.42,12.1,Debit Card,12,1,0.083,0.19,5,2,0
105569,451,Apparel - Mens,1784.58,12.1,COD,10,1,0.1,0.19,61,2,0
105570,918,Electronics,10064.46,21.1,Credit Card,7,3,0.429,0.09,2,2,0
105571,81,Electronics,5578.06,15.9,Debit Card,14,2,0.143,0.09,21,2,0
105572,2069,Mobile Accessories,932.83,2.0,COD,12,3,0.25,0.06,19,0,0
105573,2041,Footwear,3051.46,11.5,COD,15,5,0.333,0.24,76,1,0
105574,542,Mobile Accessories,678.43,3.5,COD,10,0,0.0,0.06,9,2,1
105575,425,Mobile Accessories,785.24,20.6,UPI,8,2,0.25,0.06,27,0,1
105576,1990,Beauty,716.18,5.6,Credit Card,13,4,0.308,0.05,103,2,0
105577,1077,Footwear,3235.24,30.8,UPI,9,1,0.111,0.24,18,2,0
105578,2015,Electronics,2851.19,38.1,UPI,16,1,0.062,0.09,17,3,0
105579,686,Furniture,7017.32,15.4,UPI,12,3,0.25,0.11,11,2,0
105580,1904,Footwear,2796.75,29.6,UPI,12,1,0.083,0.24,17,0,0
105581,1164,Furniture,14949.33,12.2,UPI,15,2,0.133,0.11,140,0,0
105582,1023,Mobile Accessories,1027.86,19.6,Credit Card,8,3,0.375,0.06,17,2,0
105583,1811,Furniture,9763.44,9.8,UPI,9,4,0.444,0.11,18,0,0
105584,1885,Beauty,254.52,5.5,UPI,12,2,0.167,0.05,6,0,0
105585,1293,Mobile Accessories,780.29,15.2,Debit Card,11,2,0.182,0.06,19,3,0
105586,1333,Footwear,3313.24,3.9,UPI,19,1,0.053,0.24,57,0,0
105587,1599,Furniture,9532.46,25.7,UPI,15,0,0.0,0.11,111,2,0
105588,167,Furniture,11453.33,5.6,UPI,7,2,0.286,0.11,18,2,0
105589,2053,Footwear,1368.88,10.5,Credit Card,14,3,0.214,0.24,81,1,1
105590,825,Electronics,8305.06,21.6,COD,11,3,0.273,0.09,0,3,1
105591,1108,Footwear,1534.5,6.1,UPI,12,2,0.167,0.24,14,0,0
105592,1273,Furniture,8715.33,11.7,COD,12,5,0.417,0.11,49,3,0
105593,212,Home & Kitchen,2183.11,5.6,COD,11,0,0.0,0.07,25,2,1
105594,1038,Electronics,967.08,14.1,UPI,11,1,0.091,0.09,3,0,0
105595,1677,Beauty,1292.35,8.4,COD,9,4,0.444,0.05,65,1,0
105596,1276,Furniture,4958.6,12.1,UPI,15,2,0.133,0.11,10,0,0
105597,587,Furniture,4765.97,11.4,Debit Card,11,1,0.091,0.11,24,3,0
105598,1221,Apparel - Womens,2514.73,6.6,Credit Card,11,0,0.0,0.28,24,1,0
105599,2103,Footwear,3248.69,2.2,COD,11,4,0.364,0.24,10,3,0
105600,723,Furniture,6709.99,22.6,Netbanking,10,0,0.0,0.11,0,1,0
105601,231,Mobile Accessories,543.76,18.8,COD,9,2,0.222,0.06,14,0,1
105602,484,Home & Kitchen,2595.33,6.3,Credit Card,5,0,0.0,0.07,27,5,0
105603,424,Home & Kitchen,2447.39,15.3,COD,12,2,0.167,0.07,31,1,1
105604,1567,Mobile Accessories,533.84,7.7,Debit Card,16,2,0.125,0.06,68,2,0
105605,298,Beauty,886.59,3.6,Netbanking,11,2,0.182,0.05,35,2,0
105606,1575,Footwear,2329.4,3.7,Debit Card,10,0,0.0,0.24,84,1,1
105607,1974,Furniture,11409.19,2.0,Debit Card,12,1,0.083,0.11,29,3,0
105608,1754,Mobile Accessories,719.1,2.4,Netbanking,14,8,0.571,0.06,15,1,1
105609,2166,Apparel - Mens,1782.85,24.2,COD,10,0,0.0,0.19,63,2,0
105610,133,Electronics,8665.09,22.7,COD,15,3,0.2,0.09,27,2,0
105611,1150,Apparel - Mens,2186.35,2.1,Debit Card,10,6,0.6,0.19,12,2,0
105612,110,Home & Kitchen,3725.61,23.5,UPI,11,1,0.091,0.07,48,0,0
105613,926,Electronics,6892.65,29.3,UPI,12,2,0.167,0.09,55,2,0
105614,937,Electronics,3563.51,6.2,COD,9,0,0.0,0.09,15,1,0
105615,20,Home & Kitchen,1304.94,0.5,Debit Card,13,2,0.154,0.07,5,1,0
105616,241,Home & Kitchen,2338.79,2.5,COD,9,0,0.0,0.07,87,3,0
105617,456,Electronics,7825.66,4.4,COD,13,0,0.0,0.09,31,1,0
105618,1499,Electronics,6612.1,16.6,Credit Card,13,1,0.077,0.09,20,1,0
105619,1946,Apparel - Womens,2362.86,6.8,UPI,12,3,0.25,0.28,56,1,1
105620,723,Mobile Accessories,250.37,10.5,Credit Card,10,0,0.0,0.06,37,0,0
105621,516,Footwear,1873.23,10.0,Debit Card,11,3,0.273,0.24,16,2,0
105622,1456,Apparel - Womens,945.34,6.5,Netbanking,18,1,0.056,0.28,10,1,0
105623,21,Footwear,150.0,8.7,Netbanking,10,2,0.2,0.24,52,0,0
105624,1430,Apparel - Mens,1767.52,3.9,UPI,10,0,0.0,0.19,42,2,0
105625,771,Apparel - Mens,741.28,4.2,Credit Card,16,0,0.0,0.19,10,0,0
105626,1031,Electronics,6710.33,22.9,Debit Card,11,8,0.727,0.09,42,0,1
105627,243,Furniture,12050.25,7.5,Netbanking,12,1,0.083,0.11,1,3,0
105628,115,Apparel - Womens,1245.84,21.5,COD,8,2,0.25,0.28,1,1,0
105629,1840,Beauty,858.04,8.9,COD,13,0,0.0,0.05,71,2,0
105630,646,Apparel - Womens,736.82,15.5,UPI,12,1,0.083,0.28,46,1,0
105631,1020,Footwear,3458.97,11.0,COD,10,3,0.3,0.24,74,1,1
105632,2040,Apparel - Womens,1733.13,6.8,Netbanking,9,3,0.333,0.28,20,2,0
105633,1892,Apparel - Mens,1618.33,4.3,UPI,9,3,0.333,0.19,27,0,1
105634,1172,Furniture,9040.17,10.8,Netbanking,14,3,0.214,0.11,117,2,0
105635,1219,Footwear,3092.16,20.4,UPI,11,2,0.182,0.24,12,0,0
105636,2045,Beauty,442.16,17.4,UPI,12,0,0.0,0.05,14,0,1
105637,527,Apparel - Womens,1917.81,9.9,Debit Card,16,5,0.312,0.28,136,1,1
105638,174,Furniture,4577.92,15.6,UPI,13,6,0.462,0.11,50,1,0
105639,1464,Footwear,2179.34,16.4,Credit Card,16,1,0.062,0.24,5,1,1
105640,1007,Apparel - Womens,259.59,6.2,UPI,12,1,0.083,0.28,29,2,0
105641,72,Electronics,3771.62,10.8,Credit Card,13,2,0.154,0.09,16,1,0
105642,372,Electronics,6983.51,15.5,COD,12,3,0.25,0.09,9,2,0
105643,414,Apparel - Womens,1471.22,14.7,UPI,10,1,0.1,0.28,50,1,0
105644,1499,Footwear,2662.46,1.6,UPI,13,1,0.077,0.24,111,2,1
105645,1026,Apparel - Womens,2111.83,8.1,UPI,7,0,0.0,0.28,3,1,0
105646,1169,Apparel - Mens,292.95,7.9,COD,9,1,0.111,0.19,17,0,1
105647,480,Apparel - Mens,2103.94,12.1,Debit Card,11,3,0.273,0.19,43,0,0
105648,506,Electronics,2782.11,17.8,Credit Card,10,1,0.1,0.09,56,1,0
105649,908,Electronics,4491.95,8.7,Credit Card,8,1,0.125,0.09,5,1,0
105650,378,Furniture,14197.11,14.7,Debit Card,11,1,0.091,0.11,22,3,1
105651,543,Beauty,940.93,6.0,Debit Card,9,1,0.111,0.05,15,0,0
105652,1412,Electronics,6228.58,16.6,Netbanking,10,2,0.2,0.09,11,1,0
105653,55,Furniture,14335.03,2.8,UPI,13,3,0.231,0.11,82,3,0
105654,1991,Electronics,2500.51,30.9,COD,8,0,0.0,0.09,19,0,0
105655,1412,Apparel - Womens,1992.6,15.1,COD,10,2,0.2,0.28,1,0,1
105656,407,Beauty,402.54,5.8,UPI,16,4,0.25,0.05,11,0,0
105657,262,Apparel - Mens,1665.54,43.1,COD,11,5,0.455,0.19,12,2,1
105658,2039,Mobile Accessories,422.41,0.7,Netbanking,14,3,0.214,0.06,4,0,0
105659,1448,Apparel - Mens,1913.09,16.5,UPI,17,1,0.059,0.19,6,0,0
105660,2054,Mobile Accessories,623.22,9.2,Credit Card,5,1,0.2,0.06,1,0,0
105661,1819,Beauty,609.13,12.0,UPI,10,3,0.3,0.05,75,1,0
105662,1438,Footwear,2971.49,11.3,Netbanking,11,0,0.0,0.24,12,1,0
105663,490,Home & Kitchen,3213.26,4.1,Debit Card,14,3,0.214,0.07,34,1,0
105664,1233,Footwear,3337.74,31.3,Credit Card,14,2,0.143,0.24,30,2,0
105665,1798,Home & Kitchen,3680.2,3.8,Debit Card,11,3,0.273,0.07,32,2,0
105666,949,Footwear,4562.0,25.2,COD,10,1,0.1,0.24,39,0,1
105667,1560,Footwear,1844.82,13.1,COD,11,0,0.0,0.24,59,2,0
105668,1487,Apparel - Mens,3509.64,38.3,UPI,15,1,0.067,0.19,9,0,1
105669,708,Apparel - Mens,1939.73,5.1,UPI,10,1,0.1,0.19,23,2,0
105670,1308,Apparel - Mens,782.58,1.6,Debit Card,11,0,0.0,0.19,21,0,0
105671,1429,Beauty,1309.33,2.8,Credit Card,10,1,0.1,0.05,13,3,0
105672,1234,Home & Kitchen,2264.96,20.0,Debit Card,8,3,0.375,0.07,29,2,0
105673,1482,Mobile Accessories,1160.08,18.0,UPI,9,0,0.0,0.06,80,1,0
105674,1980,Beauty,371.77,34.3,Credit Card,11,1,0.091,0.05,31,1,0
105675,153,Apparel - Womens,2173.17,2.9,Credit Card,10,2,0.2,0.28,18,0,0
105676,1623,Footwear,3409.65,5.6,UPI,13,1,0.077,0.24,49,1,0
105677,1142,Beauty,1139.75,13.7,COD,14,5,0.357,0.05,63,5,0
105678,321,Beauty,791.45,8.2,Credit Card,10,2,0.2,0.05,71,1,0
105679,477,Beauty,1063.45,11.6,COD,13,0,0.0,0.05,2,2,0
105680,1031,Footwear,1501.12,10.3,Debit Card,11,8,0.727,0.24,10,0,1
105681,1065,Home & Kitchen,732.45,1.9,UPI,12,4,0.333,0.07,68,2,0
105682,1553,Electronics,150.0,7.4,Credit Card,9,3,0.333,0.09,102,2,1
105683,1132,Home & Kitchen,582.33,2.7,UPI,11,2,0.182,0.07,5,2,0
105684,2116,Furniture,5906.8,15.0,UPI,11,3,0.273,0.11,75,1,1
105685,1998,Electronics,5616.93,15.9,Credit Card,14,7,0.5,0.09,16,2,0
105686,57,Footwear,1536.52,21.3,Debit Card,13,1,0.077,0.24,9,1,0
105687,165,Home & Kitchen,2344.17,22.7,Debit Card,16,0,0.0,0.07,7,0,0
105688,1865,Footwear,1265.13,18.2,Debit Card,17,3,0.176,0.24,48,0,0
105689,1983,Footwear,1547.34,13.7,COD,15,2,0.133,0.24,24,1,0
105690,1091,Furniture,13928.95,4.1,UPI,10,4,0.4,0.11,6,1,0
105691,585,Footwear,2614.39,6.3,COD,10,4,0.4,0.24,20,1,1
105692,1080,Mobile Accessories,549.99,21.7,UPI,11,0,0.0,0.06,38,0,0
105693,845,Furniture,9715.23,13.4,Netbanking,13,5,0.385,0.11,60,2,0
105694,308,Mobile Accessories,584.05,30.9,Credit Card,13,1,0.077,0.06,48,0,0
105695,736,Beauty,150.0,5.3,Debit Card,16,0,0.0,0.05,4,1,0
105696,909,Footwear,4168.41,24.2,UPI,17,2,0.118,0.24,66,2,1
105697,805,Home & Kitchen,3549.24,19.4,Credit Card,13,1,0.077,0.07,5,1,0
105698,1056,Apparel - Womens,1548.46,15.1,COD,9,1,0.111,0.28,65,1,1
105699,1660,Mobile Accessories,1007.37,3.2,Debit Card,9,0,0.0,0.06,56,1,1
105700,706,Apparel - Womens,1757.16,6.1,Debit Card,16,6,0.375,0.28,18,0,1
105701,1869,Mobile Accessories,672.48,6.7,COD,10,0,0.0,0.06,5,1,1
105702,245,Home & Kitchen,1216.21,9.2,Credit Card,15,3,0.2,0.07,28,0,0
105703,328,Furniture,9378.07,16.3,Credit Card,15,8,0.533,0.11,45,4,1
105704,43,Mobile Accessories,419.9,1.1,Credit Card,15,3,0.2,0.06,15,3,0
105705,1652,Apparel - Womens,3365.21,5.6,Netbanking,11,2,0.182,0.28,37,1,1
105706,537,Mobile Accessories,525.18,22.5,Credit Card,12,0,0.0,0.06,48,1,0
105707,1189,Apparel - Mens,217.01,20.9,Credit Card,10,1,0.1,0.19,17,0,0
105708,738,Beauty,790.24,10.8,Credit Card,14,3,0.214,0.05,6,0,0
105709,1942,Furniture,5578.01,28.5,COD,13,1,0.077,0.11,16,3,0
105710,167,Apparel - Mens,998.55,8.7,Credit Card,7,2,0.286,0.19,47,0,0
105711,1086,Electronics,5200.94,10.9,Debit Card,8,0,0.0,0.09,49,1,0
105712,1218,Furniture,4075.7,2.9,COD,9,0,0.0,0.11,34,0,0
105713,758,Home & Kitchen,731.18,6.5,Netbanking,14,6,0.429,0.07,2,2,1
105714,1861,Home & Kitchen,2513.27,6.3,Debit Card,21,1,0.048,0.07,0,0,0
105715,1096,Beauty,976.05,3.9,Credit Card,14,2,0.143,0.05,40,2,1
105716,1173,Mobile Accessories,547.54,32.1,Credit Card,11,0,0.0,0.06,6,0,0
105717,1916,Furniture,15718.55,14.7,UPI,13,0,0.0,0.11,16,0,0
105718,1230,Furniture,10337.98,5.8,UPI,8,1,0.125,0.11,46,2,1
105719,627,Beauty,554.14,10.4,UPI,9,2,0.222,0.05,5,0,0
105720,1878,Home & Kitchen,2637.53,7.0,Credit Card,18,5,0.278,0.07,4,1,0
105721,1830,Furniture,4250.33,23.1,Credit Card,13,3,0.231,0.11,100,1,0
105722,1490,Apparel - Womens,2611.62,13.8,Debit Card,17,4,0.235,0.28,20,2,1
105723,2143,Mobile Accessories,289.68,9.3,COD,16,3,0.188,0.06,101,1,0
105724,49,Apparel - Mens,801.78,14.3,UPI,14,0,0.0,0.19,31,2,1
105725,351,Home & Kitchen,3614.69,9.0,Credit Card,10,5,0.5,0.07,119,1,0
105726,330,Electronics,12857.24,16.4,UPI,15,1,0.067,0.09,23,3,0
105727,964,Electronics,4920.74,12.8,COD,12,1,0.083,0.09,48,3,0
105728,1303,Footwear,1706.76,9.8,Credit Card,12,0,0.0,0.24,185,1,0
105729,916,Home & Kitchen,1594.81,18.5,COD,8,6,0.75,0.07,8,0,0
105730,1095,Beauty,1199.37,9.5,UPI,15,3,0.2,0.05,5,1,0
105731,2112,Footwear,746.13,2.8,Debit Card,11,2,0.182,0.24,29,0,0
105732,2046,Beauty,660.51,23.7,Debit Card,11,1,0.091,0.05,73,1,0
105733,2172,Apparel - Mens,1810.76,34.6,Netbanking,15,2,0.133,0.19,69,0,0
105734,387,Electronics,10820.3,1.0,COD,14,3,0.214,0.09,75,1,0
105735,499,Home & Kitchen,2020.73,20.5,Debit Card,17,2,0.118,0.07,44,2,0
105736,845,Footwear,2819.7,15.9,UPI,13,5,0.385,0.24,6,1,1
105737,706,Apparel - Mens,1964.65,6.6,Debit Card,16,6,0.375,0.19,1,1,0
105738,2007,Apparel - Womens,1867.84,1.5,UPI,12,5,0.417,0.28,15,0,0
105739,1365,Mobile Accessories,836.65,17.1,Credit Card,9,1,0.111,0.06,8,0,0
105740,2037,Beauty,316.27,10.0,UPI,13,4,0.308,0.05,144,0,0
105741,280,Apparel - Womens,956.34,19.6,COD,12,2,0.167,0.28,9,2,0
105742,408,Home & Kitchen,2067.89,14.6,Credit Card,13,0,0.0,0.07,81,2,0
105743,1010,Apparel - Womens,1756.87,6.2,Debit Card,8,0,0.0,0.28,56,1,0
105744,51,Footwear,837.1,15.4,COD,12,4,0.333,0.24,15,2,0
105745,9,Furniture,11599.46,21.9,UPI,15,5,0.333,0.11,49,3,0
105746,449,Apparel - Womens,2610.55,5.5,Credit Card,13,4,0.308,0.28,37,0,0
105747,1344,Electronics,4533.4,21.6,COD,12,2,0.167,0.09,40,0,0
105748,942,Apparel - Womens,150.0,11.0,Netbanking,14,1,0.071,0.28,17,0,0
105749,1583,Footwear,1856.34,14.6,Credit Card,10,2,0.2,0.24,51,0,0
105750,1465,Electronics,2589.89,16.1,UPI,11,0,0.0,0.09,12,1,0
105751,1311,Mobile Accessories,483.18,27.3,Credit Card,11,7,0.636,0.06,10,1,1
105752,1626,Mobile Accessories,723.48,35.8,Credit Card,13,8,0.615,0.06,2,0,1
105753,1232,Beauty,968.56,4.0,Credit Card,14,5,0.357,0.05,16,2,0
105754,205,Electronics,7007.36,12.6,Debit Card,13,1,0.077,0.09,10,1,0
105755,865,Mobile Accessories,376.75,27.4,COD,9,0,0.0,0.06,53,2,0
105756,232,Electronics,4329.03,5.9,UPI,11,4,0.364,0.09,70,1,0
105757,648,Furniture,5237.94,3.3,Credit Card,12,2,0.167,0.11,14,1,0
105758,426,Apparel - Womens,1064.9,10.4,UPI,10,5,0.5,0.28,8,1,1
105759,1895,Beauty,461.88,31.2,COD,16,0,0.0,0.05,66,2,0
105760,2069,Furniture,4911.0,4.8,Debit Card,12,3,0.25,0.11,1,0,0
105761,425,Electronics,4852.95,3.1,Credit Card,8,2,0.25,0.09,3,0,0
105762,2094,Beauty,1048.07,22.1,UPI,18,5,0.278,0.05,28,1,0
105763,144,Home & Kitchen,672.25,5.6,COD,9,2,0.222,0.07,35,2,1
105764,1615,Footwear,2881.11,25.1,COD,13,6,0.462,0.24,36,2,1
105765,942,Mobile Accessories,794.84,7.0,Debit Card,14,1,0.071,0.06,0,3,0
105766,894,Apparel - Womens,1625.64,29.4,Debit Card,7,2,0.286,0.28,50,0,0
105767,1570,Footwear,3075.44,2.9,UPI,16,5,0.312,0.24,18,2,1
105768,280,Mobile Accessories,767.11,6.5,UPI,12,2,0.167,0.06,22,1,0
105769,1658,Electronics,150.0,8.4,Netbanking,9,1,0.111,0.09,3,1,0
105770,592,Apparel - Womens,1900.37,1.5,UPI,15,3,0.2,0.28,27,0,0
105771,1693,Furniture,14762.6,5.1,UPI,11,1,0.091,0.11,31,1,0
105772,1127,Footwear,3739.19,14.5,COD,15,0,0.0,0.24,8,3,0
105773,2071,Mobile Accessories,799.23,1.2,Credit Card,11,0,0.0,0.06,3,1,0
105774,589,Electronics,7897.98,18.2,UPI,12,5,0.417,0.09,53,0,0
105775,922,Beauty,433.16,5.1,Netbanking,14,0,0.0,0.05,17,3,0
105776,582,Apparel - Mens,1101.68,1.6,Debit Card,14,6,0.429,0.19,12,0,1
105777,1810,Apparel - Womens,1322.15,25.2,Debit Card,15,6,0.4,0.28,15,2,1
105778,915,Mobile Accessories,820.84,6.2,Credit Card,7,4,0.571,0.06,19,0,0
105779,1562,Beauty,1052.99,15.7,UPI,12,5,0.417,0.05,120,1,0
105780,35,Apparel - Mens,1939.68,13.0,Debit Card,13,4,0.308,0.19,17,1,0
105781,365,Apparel - Mens,891.63,5.9,Credit Card,11,4,0.364,0.19,77,0,1
105782,1052,Apparel - Womens,2100.8,2.7,Credit Card,9,4,0.444,0.28,0,1,0
105783,1062,Footwear,3343.54,15.3,UPI,8,3,0.375,0.24,22,1,1
105784,1092,Mobile Accessories,436.5,11.2,Credit Card,10,0,0.0,0.06,76,1,0
105785,1583,Electronics,9655.52,1.3,UPI,10,2,0.2,0.09,4,2,1
105786,768,Electronics,3364.34,4.5,COD,10,3,0.3,0.09,7,1,0
105787,497,Beauty,1408.66,3.6,COD,17,0,0.0,0.05,13,1,0
105788,1889,Apparel - Womens,318.78,8.6,UPI,14,3,0.214,0.28,9,1,0
105789,502,Furniture,4705.61,15.2,Credit Card,10,2,0.2,0.11,14,3,0
105790,62,Electronics,8633.38,33.6,Credit Card,11,0,0.0,0.09,52,2,0
105791,65,Electronics,4871.37,3.4,COD,9,2,0.222,0.09,18,2,0
105792,1677,Footwear,3439.08,1.3,Debit Card,9,4,0.444,0.24,41,0,0
105793,763,Electronics,2347.03,0.8,UPI,12,0,0.0,0.09,1,2,0
105794,1070,Apparel - Mens,1899.44,22.1,UPI,13,1,0.077,0.19,13,0,0
105795,1612,Home & Kitchen,1085.53,3.0,COD,9,2,0.222,0.07,51,3,1
105796,1913,Apparel - Mens,2405.22,7.9,UPI,10,3,0.3,0.19,6,1,1
105797,753,Beauty,674.67,2.7,Credit Card,10,0,0.0,0.05,23,2,0
105798,1927,Beauty,531.44,10.7,UPI,11,0,0.0,0.05,21,0,0
105799,1751,Mobile Accessories,583.2,25.5,Netbanking,16,2,0.125,0.06,16,2,0
105800,1400,Apparel - Womens,1443.77,7.0,UPI,12,2,0.167,0.28,15,2,0
105801,1983,Apparel - Womens,2108.64,11.2,UPI,15,2,0.133,0.28,41,1,0
105802,670,Footwear,2391.22,7.4,UPI,10,3,0.3,0.24,21,0,0
105803,1925,Electronics,2034.77,11.8,Debit Card,10,6,0.6,0.09,64,3,1
105804,1157,Apparel - Mens,387.96,3.3,COD,7,1,0.143,0.19,58,1,1
105805,531,Furniture,8320.6,18.9,UPI,12,2,0.167,0.11,2,0,0
105806,861,Beauty,1185.71,15.3,UPI,11,5,0.455,0.05,16,1,0
105807,1959,Mobile Accessories,805.81,26.3,Credit Card,8,0,0.0,0.06,5,1,1
105808,1398,Electronics,7068.16,4.2,COD,16,4,0.25,0.09,7,2,0
105809,1551,Apparel - Womens,2537.95,3.3,COD,17,1,0.059,0.28,10,3,0
105810,836,Apparel - Womens,2436.86,11.3,Debit Card,11,2,0.182,0.28,12,0,1
105811,1395,Beauty,873.58,8.1,UPI,15,3,0.2,0.05,23,1,0
105812,367,Footwear,3578.47,10.2,Debit Card,17,2,0.118,0.24,101,0,1
105813,625,Electronics,6481.93,14.1,Credit Card,12,0,0.0,0.09,3,4,0
105814,27,Home & Kitchen,2351.68,27.7,Credit Card,11,0,0.0,0.07,22,0,0
105815,1228,Apparel - Mens,1222.59,6.1,UPI,13,4,0.308,0.19,8,1,0
105816,1287,Beauty,1756.19,9.6,Credit Card,13,1,0.077,0.05,8,1,0
105817,1783,Home & Kitchen,1744.38,20.4,UPI,8,1,0.125,0.07,7,2,0
105818,573,Footwear,1789.99,14.4,Credit Card,8,0,0.0,0.24,51,0,0
105819,694,Beauty,373.84,10.4,UPI,10,1,0.1,0.05,89,2,0
105820,1360,Mobile Accessories,796.23,10.1,Debit Card,15,0,0.0,0.06,32,1,0
105821,548,Mobile Accessories,594.54,23.6,COD,16,4,0.25,0.06,22,2,0
105822,1331,Beauty,715.5,19.5,Credit Card,12,2,0.167,0.05,84,4,0
105823,1137,Apparel - Womens,2772.14,24.2,UPI,13,9,0.692,0.28,96,1,1
105824,2073,Electronics,5932.21,3.7,Netbanking,16,8,0.5,0.09,32,1,1
105825,346,Furniture,12473.78,12.6,UPI,12,3,0.25,0.11,81,0,0
105826,852,Apparel - Womens,969.45,0.9,UPI,13,0,0.0,0.28,16,0,0
105827,1914,Home & Kitchen,2377.71,16.7,COD,15,2,0.133,0.07,55,3,0
105828,797,Beauty,599.48,2.7,Credit Card,9,0,0.0,0.05,0,2,0
105829,908,Furniture,9416.2,5.9,Debit Card,8,1,0.125,0.11,17,4,0
105830,1517,Electronics,13065.44,33.9,COD,15,1,0.067,0.09,10,1,0
105831,2104,Home & Kitchen,2075.96,23.4,Netbanking,11,1,0.091,0.07,155,5,0
105832,872,Furniture,2570.74,6.5,Debit Card,14,4,0.286,0.11,138,1,0
105833,1560,Apparel - Mens,1522.83,16.1,COD,11,0,0.0,0.19,4,1,0
105834,220,Mobile Accessories,784.42,4.1,UPI,13,4,0.308,0.06,19,0,0
105835,1181,Footwear,1318.28,13.4,Credit Card,8,1,0.125,0.24,55,2,0
105836,35,Mobile Accessories,648.73,7.2,Credit Card,13,4,0.308,0.06,13,2,0
105837,161,Footwear,1756.77,1.2,Credit Card,11,1,0.091,0.24,90,4,0
105838,1248,Home & Kitchen,1553.29,0.9,Debit Card,9,0,0.0,0.07,9,0,0
105839,1340,Beauty,1033.95,19.6,UPI,11,3,0.273,0.05,14,3,0
105840,434,Mobile Accessories,396.5,12.3,Credit Card,9,0,0.0,0.06,30,1,0
105841,1740,Mobile Accessories,537.86,8.0,UPI,8,1,0.125,0.06,19,0,0
105842,1603,Mobile Accessories,1091.02,25.1,Credit Card,10,3,0.3,0.06,15,1,1
105843,505,Electronics,5275.38,7.9,UPI,11,1,0.091,0.09,14,0,0
105844,214,Apparel - Mens,2194.84,13.5,Debit Card,11,4,0.364,0.19,49,1,0
105845,991,Beauty,203.36,15.6,COD,15,0,0.0,0.05,97,3,0
105846,875,Mobile Accessories,551.8,9.3,UPI,10,2,0.2,0.06,19,1,0
105847,661,Footwear,3320.11,19.2,Credit Card,12,2,0.167,0.24,43,0,0
105848,1657,Furniture,15163.5,24.1,COD,13,2,0.154,0.11,82,4,1
105849,1562,Apparel - Womens,2051.51,10.6,UPI,12,5,0.417,0.28,52,1,0
105850,1356,Beauty,768.56,8.2,Credit Card,12,0,0.0,0.05,30,1,0
105851,1280,Apparel - Mens,1320.49,2.9,UPI,18,0,0.0,0.19,5,2,0
105852,464,Mobile Accessories,940.64,8.1,UPI,8,2,0.25,0.06,9,0,1
105853,464,Electronics,7532.98,9.3,UPI,8,2,0.25,0.09,32,0,0
105854,880,Home & Kitchen,2195.62,11.6,COD,12,4,0.333,0.07,41,0,0
105855,1316,Home & Kitchen,2788.57,31.5,COD,11,3,0.273,0.07,75,0,0
105856,1441,Apparel - Womens,2757.87,7.0,COD,13,5,0.385,0.28,5,0,1
105857,810,Furniture,10021.77,5.7,COD,11,2,0.182,0.11,16,2,1
105858,980,Footwear,1660.08,13.6,UPI,17,4,0.235,0.24,54,0,0
105859,1125,Mobile Accessories,414.34,12.4,UPI,7,0,0.0,0.06,3,0,0
105860,2093,Apparel - Womens,2497.11,20.5,UPI,10,2,0.2,0.28,26,2,1
105861,1507,Home & Kitchen,2322.21,11.3,Debit Card,12,0,0.0,0.07,7,1,0
105862,247,Apparel - Womens,2662.54,13.3,COD,15,1,0.067,0.28,140,1,1
105863,1741,Home & Kitchen,2175.48,6.0,UPI,23,7,0.304,0.07,1,0,0
105864,1001,Apparel - Womens,3066.79,26.1,COD,8,1,0.125,0.28,27,2,1
105865,1177,Home & Kitchen,1976.15,13.4,UPI,15,7,0.467,0.07,9,4,0
105866,2062,Electronics,5524.99,9.4,COD,11,3,0.273,0.09,61,1,0
105867,240,Footwear,3150.78,2.7,Debit Card,11,0,0.0,0.24,20,0,0
105868,210,Apparel - Womens,1171.69,3.6,UPI,9,1,0.111,0.28,85,2,1
105869,1033,Apparel - Mens,1770.07,14.1,UPI,19,1,0.053,0.19,42,4,0
105870,821,Electronics,9949.58,7.8,Credit Card,13,2,0.154,0.09,14,2,0
105871,1632,Apparel - Womens,1022.31,8.0,UPI,9,1,0.111,0.28,13,1,0
105872,1211,Apparel - Womens,956.97,25.5,UPI,11,5,0.455,0.28,21,2,1
105873,1415,Mobile Accessories,421.49,9.0,Credit Card,12,3,0.25,0.06,12,3,0
105874,696,Furniture,3349.42,5.0,COD,10,1,0.1,0.11,0,0,0
105875,1994,Furniture,7604.35,11.8,UPI,18,3,0.167,0.11,24,1,0
105876,434,Mobile Accessories,886.33,7.0,Credit Card,9,0,0.0,0.06,6,1,0
105877,1275,Furniture,5440.19,7.0,COD,7,0,0.0,0.11,32,5,0
105878,1744,Home & Kitchen,551.11,21.1,Netbanking,15,0,0.0,0.07,23,2,0
105879,32,Apparel - Womens,1453.44,6.3,UPI,14,5,0.357,0.28,112,0,1
105880,1324,Apparel - Mens,1414.54,9.1,Credit Card,11,2,0.182,0.19,60,0,0
105881,927,Home & Kitchen,2160.14,7.6,Netbanking,7,0,0.0,0.07,60,3,0
105882,768,Electronics,7737.05,13.8,COD,10,3,0.3,0.09,42,0,0
105883,693,Mobile Accessories,699.35,10.5,Debit Card,14,0,0.0,0.06,67,0,0
105884,1476,Electronics,6336.96,11.8,UPI,7,3,0.429,0.09,23,2,1
105885,2160,Home & Kitchen,2889.12,17.1,Debit Card,11,0,0.0,0.07,37,4,1
105886,2118,Home & Kitchen,1562.05,1.0,Credit Card,10,6,0.6,0.07,45,3,1
105887,1173,Electronics,150.0,18.0,Netbanking,11,0,0.0,0.09,48,3,0
105888,1137,Footwear,1638.17,0.3,Netbanking,13,9,0.692,0.24,20,3,1
105889,1732,Apparel - Mens,194.83,15.9,COD,11,3,0.273,0.19,13,0,1
105890,64,Home & Kitchen,1498.88,24.6,COD,11,0,0.0,0.07,21,3,0
105891,1252,Furniture,6992.88,1.8,UPI,10,4,0.4,0.11,16,2,0
105892,1124,Home & Kitchen,2090.61,1.8,Netbanking,12,4,0.333,0.07,58,2,0
105893,2132,Footwear,1737.84,2.1,COD,13,5,0.385,0.24,23,3,1
105894,1284,Furniture,5029.69,6.4,UPI,11,5,0.455,0.11,45,2,0
105895,387,Apparel - Mens,1168.59,2.7,UPI,14,3,0.214,0.19,17,2,0
105896,1925,Beauty,1070.29,7.1,Debit Card,10,6,0.6,0.05,57,1,1
105897,844,Apparel - Mens,1813.37,18.0,UPI,12,1,0.083,0.19,98,0,0
105898,306,Electronics,6710.1,3.4,COD,17,1,0.059,0.09,34,0,0
105899,329,Mobile Accessories,283.34,21.9,Debit Card,13,8,0.615,0.06,53,2,0
105900,2101,Home & Kitchen,2142.62,24.4,Debit Card,7,0,0.0,0.07,0,3,0
105901,414,Apparel - Mens,1063.35,22.0,UPI,10,1,0.1,0.19,30,0,0
105902,1233,Apparel - Mens,1653.09,1.7,Debit Card,14,2,0.143,0.19,5,4,0
105903,566,Home & Kitchen,1786.16,10.2,UPI,13,4,0.308,0.07,28,1,0
105904,2023,Home & Kitchen,1556.88,23.5,Credit Card,11,4,0.364,0.07,63,3,1
105905,1514,Furniture,2351.77,29.9,Credit Card,12,1,0.083,0.11,22,2,0
105906,486,Apparel - Womens,930.34,2.6,Debit Card,12,0,0.0,0.28,17,0,0
105907,560,Furniture,5560.42,3.4,Debit Card,9,3,0.333,0.11,30,4,0
105908,2154,Furniture,4423.44,12.6,Credit Card,12,1,0.083,0.11,3,1,0
105909,1172,Electronics,11385.19,6.2,Credit Card,14,3,0.214,0.09,142,2,1
105910,1662,Apparel - Mens,1679.29,15.1,UPI,13,8,0.615,0.19,52,0,0
105911,275,Mobile Accessories,935.25,13.8,COD,8,1,0.125,0.06,9,4,1
105912,388,Electronics,7382.16,8.5,UPI,13,5,0.385,0.09,11,1,0
105913,1139,Mobile Accessories,387.18,21.3,UPI,10,1,0.1,0.06,71,2,0
105914,1247,Furniture,8222.18,11.8,UPI,8,2,0.25,0.11,16,1,0
105915,650,Beauty,513.81,10.2,UPI,13,4,0.308,0.05,111,0,0
105916,972,Home & Kitchen,2997.52,26.8,Netbanking,10,7,0.7,0.07,0,0,0
105917,1922,Home & Kitchen,1507.77,4.9,Credit Card,16,0,0.0,0.07,11,0,0
105918,1922,Apparel - Womens,1219.04,17.2,Debit Card,16,0,0.0,0.28,35,0,1
105919,987,Beauty,587.55,4.2,COD,17,2,0.118,0.05,40,1,0
105920,777,Home & Kitchen,1946.48,24.9,Netbanking,12,3,0.25,0.07,105,4,0
105921,927,Home & Kitchen,2281.27,19.5,COD,7,0,0.0,0.07,3,0,0
105922,475,Electronics,8701.65,34.3,UPI,16,8,0.5,0.09,18,1,0
105923,1563,Mobile Accessories,737.2,16.6,COD,14,1,0.071,0.06,1,0,0
105924,654,Apparel - Mens,985.44,2.3,UPI,8,3,0.375,0.19,28,4,0
105925,2194,Apparel - Mens,1239.82,7.5,Debit Card,7,1,0.143,0.19,37,1,0
105926,279,Apparel - Womens,3069.05,12.8,UPI,20,0,0.0,0.28,5,1,1
105927,74,Mobile Accessories,639.25,5.5,UPI,11,3,0.273,0.06,6,1,0
105928,812,Beauty,1622.29,2.1,UPI,9,2,0.222,0.05,24,4,1
105929,300,Mobile Accessories,310.14,16.2,Debit Card,11,1,0.091,0.06,87,1,0
105930,512,Footwear,150.0,2.8,UPI,13,1,0.077,0.24,34,0,0
105931,526,Apparel - Womens,749.97,30.7,COD,9,1,0.111,0.28,13,1,0
105932,1870,Furniture,11954.77,14.4,Credit Card,15,2,0.133,0.11,22,0,0
105933,1210,Beauty,765.92,6.6,Credit Card,13,1,0.077,0.05,66,1,0
105934,2198,Footwear,3312.77,9.3,COD,13,0,0.0,0.24,23,1,0
105935,1215,Electronics,2074.12,9.7,Credit Card,8,2,0.25,0.09,28,2,0
105936,1171,Furniture,17397.85,3.8,Credit Card,10,2,0.2,0.11,37,2,0
105937,1557,Footwear,2539.12,14.9,UPI,10,2,0.2,0.24,97,0,0
105938,350,Beauty,1067.68,11.0,Credit Card,11,7,0.636,0.05,3,1,0
105939,344,Beauty,992.0,7.9,UPI,14,2,0.143,0.05,22,3,0
105940,900,Furniture,3344.08,12.2,Debit Card,10,2,0.2,0.11,5,0,0
105941,531,Furniture,13205.87,26.2,Debit Card,12,2,0.167,0.11,27,1,0
105942,1521,Electronics,6295.57,9.2,UPI,7,3,0.429,0.09,38,2,0
105943,1619,Beauty,612.76,5.3,COD,13,4,0.308,0.05,116,0,0
105944,155,Apparel - Mens,555.49,12.3,UPI,13,0,0.0,0.19,5,2,1
105945,503,Beauty,1088.48,15.7,Credit Card,8,0,0.0,0.05,3,1,0
105946,168,Electronics,8898.07,37.8,UPI,19,10,0.526,0.09,5,3,0
105947,771,Beauty,979.62,10.4,Credit Card,16,0,0.0,0.05,1,2,0
105948,757,Beauty,1334.12,8.2,UPI,9,0,0.0,0.05,122,3,0
105949,1966,Mobile Accessories,1043.4,25.2,UPI,9,1,0.111,0.06,12,3,0
105950,851,Mobile Accessories,610.93,12.2,UPI,16,6,0.375,0.06,13,2,0
105951,1486,Electronics,7289.84,32.2,UPI,15,0,0.0,0.09,11,1,0
105952,1832,Home & Kitchen,1683.04,28.0,Debit Card,17,2,0.118,0.07,26,2,0
105953,1742,Beauty,710.1,0.8,Netbanking,21,3,0.143,0.05,0,1,0
105954,798,Beauty,1062.5,24.6,COD,10,1,0.1,0.05,30,1,0
105955,1701,Mobile Accessories,744.04,3.9,UPI,12,1,0.083,0.06,70,1,0
105956,536,Furniture,10143.87,2.1,Credit Card,7,1,0.143,0.11,4,2,0
105957,274,Apparel - Mens,1749.4,9.5,Credit Card,14,0,0.0,0.19,36,0,0
105958,1852,Furniture,10606.18,8.1,Debit Card,12,0,0.0,0.11,87,2,0
105959,1507,Beauty,428.34,1.9,Netbanking,12,0,0.0,0.05,34,1,0
105960,44,Furniture,5165.55,15.6,Netbanking,13,0,0.0,0.11,105,0,0
105961,1066,Apparel - Womens,2464.29,6.4,COD,10,1,0.1,0.28,58,1,0
105962,1287,Footwear,2901.48,16.2,COD,13,1,0.077,0.24,38,0,1
105963,772,Electronics,8109.49,6.2,UPI,11,1,0.091,0.09,37,1,0
105964,1119,Apparel - Womens,1152.06,2.3,Netbanking,18,1,0.056,0.28,8,0,0
105965,1840,Apparel - Womens,1338.3,2.2,Netbanking,13,0,0.0,0.28,4,3,0
105966,1288,Apparel - Mens,1638.22,30.4,COD,11,5,0.455,0.19,1,5,1
105967,1242,Electronics,5977.18,11.4,Credit Card,11,2,0.182,0.09,44,0,0
105968,1651,Electronics,8900.12,2.9,UPI,6,0,0.0,0.09,45,1,0
105969,2105,Beauty,726.37,14.0,COD,16,12,0.75,0.05,35,0,0
105970,1592,Beauty,409.33,8.5,UPI,7,1,0.143,0.05,0,1,0
105971,1096,Apparel - Mens,1585.3,10.2,COD,14,2,0.143,0.19,7,2,0
105972,291,Electronics,9454.82,22.4,Credit Card,18,3,0.167,0.09,26,0,0
105973,1433,Furniture,3244.3,11.1,Credit Card,16,1,0.062,0.11,95,4,0
105974,1158,Beauty,645.34,7.4,UPI,12,4,0.333,0.05,11,2,0
105975,61,Electronics,6307.47,15.7,COD,16,12,0.75,0.09,2,1,0
105976,100,Home & Kitchen,2550.34,1.5,UPI,10,3,0.3,0.07,6,1,0
105977,38,Apparel - Mens,1258.46,22.9,UPI,13,1,0.077,0.19,6,0,0
105978,1054,Furniture,8942.18,13.8,Credit Card,16,1,0.062,0.11,128,1,1
105979,530,Apparel - Womens,1464.78,8.8,COD,8,0,0.0,0.28,4,0,0
105980,2162,Apparel - Mens,1236.19,4.7,UPI,12,1,0.083,0.19,18,1,0
105981,951,Home & Kitchen,1005.41,3.2,COD,15,0,0.0,0.07,183,1,0
105982,1792,Home & Kitchen,2868.27,4.7,UPI,9,1,0.111,0.07,77,0,0
105983,1127,Home & Kitchen,2910.43,5.9,Debit Card,15,0,0.0,0.07,59,4,1
105984,243,Mobile Accessories,352.58,5.8,UPI,12,1,0.083,0.06,62,1,0
105985,783,Apparel - Mens,2302.09,0.4,COD,10,1,0.1,0.19,15,3,0
105986,1371,Mobile Accessories,1237.94,23.0,Credit Card,13,3,0.231,0.06,96,0,0
105987,1143,Apparel - Womens,571.28,11.4,Credit Card,12,3,0.25,0.28,15,1,0
105988,695,Mobile Accessories,847.47,3.2,UPI,14,5,0.357,0.06,27,2,1
105989,22,Apparel - Mens,796.21,6.2,Credit Card,15,1,0.067,0.19,9,1,0
105990,1151,Home & Kitchen,2943.76,16.0,Debit Card,10,6,0.6,0.07,135,0,0
105991,1587,Mobile Accessories,506.78,24.9,UPI,12,1,0.083,0.06,67,3,0
105992,240,Home & Kitchen,1850.71,6.2,COD,11,0,0.0,0.07,67,0,0
105993,1979,Home & Kitchen,2043.24,6.6,COD,10,4,0.4,0.07,24,3,0
105994,1365,Furniture,8666.5,8.6,COD,9,1,0.111,0.11,11,3,0
105995,606,Furniture,11124.57,5.4,COD,12,0,0.0,0.11,74,0,0
105996,1355,Home & Kitchen,1801.19,26.3,Debit Card,7,0,0.0,0.07,17,3,0
105997,809,Apparel - Mens,2037.94,15.6,Credit Card,12,2,0.167,0.19,58,1,1
105998,927,Apparel - Mens,698.45,21.0,UPI,7,0,0.0,0.19,65,3,1
105999,2057,Beauty,942.65,24.8,COD,8,1,0.125,0.05,10,2,0
106000,1107,Apparel - Mens,875.62,8.0,Debit Card,8,3,0.375,0.19,13,0,0
106001,358,Footwear,450.71,26.6,UPI,18,5,0.278,0.24,100,2,1
106002,2057,Apparel - Mens,2599.03,2.7,Credit Card,8,1,0.125,0.19,37,1,0
106003,1980,Apparel - Womens,3280.9,15.2,Netbanking,11,1,0.091,0.28,25,2,1
106004,103,Home & Kitchen,2773.22,9.2,UPI,11,0,0.0,0.07,10,2,0
106005,508,Mobile Accessories,839.01,5.8,COD,12,2,0.167,0.06,15,2,0
106006,2030,Electronics,5385.62,1.9,Credit Card,8,2,0.25,0.09,3,1,0
106007,1688,Footwear,3299.02,1.4,COD,10,0,0.0,0.24,11,0,0
106008,1562,Apparel - Mens,1546.88,4.7,UPI,12,5,0.417,0.19,15,1,0
106009,566,Electronics,9472.98,15.7,COD,13,4,0.308,0.09,17,2,0
106010,1014,Apparel - Womens,1775.52,9.4,Debit Card,13,3,0.231,0.28,11,4,1
106011,1098,Apparel - Mens,954.25,5.8,Credit Card,13,6,0.462,0.19,51,1,0
106012,2034,Apparel - Womens,1519.59,7.6,Debit Card,16,0,0.0,0.28,19,0,1
106013,379,Footwear,2216.82,9.3,Credit Card,12,4,0.333,0.24,126,2,0
106014,1861,Beauty,1420.37,16.0,UPI,21,1,0.048,0.05,16,2,0
106015,650,Mobile Accessories,437.55,18.6,Debit Card,13,4,0.308,0.06,21,4,0
106016,643,Electronics,2504.92,9.3,COD,11,1,0.091,0.09,33,0,1
106017,512,Apparel - Womens,2250.38,27.5,Credit Card,13,1,0.077,0.28,31,0,1
106018,2055,Electronics,4665.52,1.4,Netbanking,11,1,0.091,0.09,87,3,0
106019,27,Beauty,857.92,3.8,Credit Card,11,0,0.0,0.05,28,1,0
106020,1360,Footwear,2353.67,32.5,Debit Card,15,0,0.0,0.24,0,4,0
106021,1334,Furniture,8183.26,3.1,Credit Card,8,4,0.5,0.11,71,1,0
106022,1103,Furniture,1990.52,11.6,UPI,11,1,0.091,0.11,5,1,0
106023,1031,Home & Kitchen,2441.3,19.4,COD,11,8,0.727,0.07,38,0,1
106024,2065,Apparel - Womens,1357.53,7.5,UPI,17,1,0.059,0.28,8,2,1
106025,666,Footwear,3702.39,16.6,Credit Card,14,2,0.143,0.24,62,2,0
106026,2099,Beauty,469.04,10.3,COD,16,3,0.188,0.05,26,0,0
106027,414,Furniture,9965.11,20.0,COD,10,1,0.1,0.11,89,2,0
106028,403,Electronics,9397.56,17.4,UPI,17,2,0.118,0.09,37,2,0
106029,1224,Beauty,961.83,1.9,UPI,15,3,0.2,0.05,33,2,0
106030,1552,Mobile Accessories,702.82,5.3,Credit Card,13,1,0.077,0.06,10,2,0
106031,1052,Apparel - Mens,1686.84,16.9,Credit Card,9,4,0.444,0.19,39,2,0
106032,380,Mobile Accessories,788.03,3.9,Netbanking,12,5,0.417,0.06,40,1,0
106033,870,Mobile Accessories,1092.44,14.2,COD,12,2,0.167,0.06,55,0,1
106034,2084,Home & Kitchen,3522.51,15.0,Netbanking,10,3,0.3,0.07,14,5,1
106035,1406,Electronics,4151.21,29.5,UPI,11,4,0.364,0.09,153,2,0
106036,610,Beauty,832.68,21.1,Credit Card,9,1,0.111,0.05,14,1,0
106037,2107,Home & Kitchen,1611.77,23.8,Debit Card,13,0,0.0,0.07,29,1,0
106038,11,Footwear,3131.07,11.8,UPI,11,2,0.182,0.24,81,0,1
106039,1934,Mobile Accessories,704.03,0.5,UPI,16,4,0.25,0.06,74,2,0
106040,777,Home & Kitchen,3015.84,13.4,COD,12,3,0.25,0.07,13,3,0
106041,1071,Electronics,10279.38,3.3,COD,10,1,0.1,0.09,42,0,0
106042,1050,Home & Kitchen,850.6,1.3,UPI,15,12,0.8,0.07,31,1,0
106043,1266,Beauty,871.26,19.6,UPI,14,1,0.071,0.05,141,3,0
106044,281,Beauty,1439.91,22.9,UPI,7,0,0.0,0.05,58,1,0
106045,665,Apparel - Mens,1325.23,4.2,Debit Card,14,3,0.214,0.19,53,2,0
106046,2136,Electronics,4407.36,10.9,UPI,10,1,0.1,0.09,56,1,0
106047,1257,Mobile Accessories,554.4,25.8,COD,12,3,0.25,0.06,51,2,0
106048,2183,Apparel - Mens,667.66,5.3,UPI,17,5,0.294,0.19,45,2,0
106049,1504,Apparel - Mens,1385.81,21.1,Credit Card,11,3,0.273,0.19,2,1,0
106050,1796,Apparel - Womens,559.02,12.4,UPI,5,0,0.0,0.28,0,0,0
106051,1475,Furniture,747.14,23.6,UPI,8,0,0.0,0.11,10,5,0
106052,866,Home & Kitchen,2919.15,21.9,COD,17,0,0.0,0.07,115,1,0
106053,1319,Furniture,2670.78,11.2,UPI,16,5,0.312,0.11,57,0,1
106054,617,Home & Kitchen,786.7,19.6,Debit Card,13,2,0.154,0.07,111,2,0
106055,857,Mobile Accessories,1120.89,16.4,Netbanking,12,8,0.667,0.06,47,4,1
106056,544,Mobile Accessories,302.58,10.2,UPI,13,7,0.538,0.06,10,1,0
106057,2122,Footwear,3144.72,22.8,UPI,15,7,0.467,0.24,16,0,1
106058,1986,Footwear,2690.63,7.2,UPI,9,2,0.222,0.24,7,1,0
106059,1567,Apparel - Mens,1605.31,9.6,Debit Card,16,2,0.125,0.19,3,2,0
106060,851,Electronics,4585.21,3.1,UPI,16,6,0.375,0.09,14,0,0
106061,420,Electronics,150.0,21.2,UPI,10,1,0.1,0.09,40,0,0
106062,1985,Home & Kitchen,2379.59,23.7,UPI,9,3,0.333,0.07,138,2,0
106063,1967,Electronics,9503.12,2.2,Credit Card,10,0,0.0,0.09,131,1,0
106064,1202,Mobile Accessories,594.92,11.3,Credit Card,12,5,0.417,0.06,14,3,0
106065,280,Electronics,3942.04,27.3,COD,12,2,0.167,0.09,39,0,0
106066,1597,Apparel - Womens,1076.03,15.7,COD,12,2,0.167,0.28,17,1,0
106067,200,Mobile Accessories,478.16,9.2,UPI,11,2,0.182,0.06,53,2,0
106068,394,Mobile Accessories,584.65,11.4,UPI,16,5,0.312,0.06,21,2,0
106069,133,Home & Kitchen,1295.95,2.7,Credit Card,15,3,0.2,0.07,49,1,0
106070,1022,Electronics,6337.7,6.4,UPI,8,3,0.375,0.09,38,2,0
106071,2175,Mobile Accessories,656.5,2.5,Credit Card,15,6,0.4,0.06,62,0,0
106072,187,Apparel - Womens,941.66,27.5,Netbanking,15,2,0.133,0.28,12,2,0
106073,1221,Beauty,1263.26,4.9,Netbanking,11,0,0.0,0.05,317,1,0
106074,793,Footwear,910.46,11.5,Debit Card,9,0,0.0,0.24,4,1,0
106075,1281,Home & Kitchen,2867.36,19.2,UPI,13,4,0.308,0.07,15,0,1
106076,1056,Mobile Accessories,472.7,14.2,COD,9,1,0.111,0.06,64,1,0
106077,803,Footwear,2540.77,14.7,COD,7,0,0.0,0.24,28,0,0
106078,2139,Apparel - Mens,1902.0,12.1,Credit Card,16,0,0.0,0.19,15,1,0
106079,1359,Apparel - Mens,1525.2,19.5,UPI,13,2,0.154,0.19,77,1,0
106080,690,Home & Kitchen,1929.41,14.4,COD,9,6,0.667,0.07,5,4,0
106081,1650,Apparel - Womens,2201.95,13.5,UPI,8,0,0.0,0.28,1,4,0
106082,1421,Mobile Accessories,620.36,6.1,Credit Card,13,2,0.154,0.06,10,4,0
106083,888,Furniture,11740.67,0.9,Debit Card,17,2,0.118,0.11,9,1,0
106084,1538,Footwear,2701.98,15.1,UPI,9,1,0.111,0.24,172,0,0
106085,519,Home & Kitchen,2459.74,13.3,COD,9,0,0.0,0.07,1,1,0
106086,394,Home & Kitchen,2013.66,2.6,Debit Card,16,5,0.312,0.07,40,2,0
106087,374,Furniture,6834.2,23.3,COD,9,1,0.111,0.11,32,0,1
106088,583,Apparel - Womens,2120.27,6.4,Debit Card,8,2,0.25,0.28,22,0,1
106089,909,Footwear,1603.38,27.9,UPI,17,2,0.118,0.24,36,2,1
106090,459,Mobile Accessories,261.73,15.7,Debit Card,18,4,0.222,0.06,2,3,0
106091,1087,Mobile Accessories,856.99,5.8,COD,14,5,0.357,0.06,74,3,0
106092,938,Apparel - Mens,1294.39,4.8,Debit Card,10,5,0.5,0.19,30,6,0
106093,2013,Footwear,3350.89,10.2,UPI,11,1,0.091,0.24,17,1,1
106094,1564,Electronics,7092.53,9.8,UPI,16,2,0.125,0.09,14,2,0
106095,1565,Furniture,4958.63,5.3,COD,9,0,0.0,0.11,35,2,0
106096,1942,Electronics,7502.52,24.7,UPI,13,1,0.077,0.09,27,1,0
106097,1739,Furniture,12437.43,6.5,UPI,13,4,0.308,0.11,218,0,0
106098,435,Apparel - Womens,2332.06,7.6,Netbanking,6,0,0.0,0.28,32,2,0
106099,1188,Mobile Accessories,1029.16,17.8,COD,11,0,0.0,0.06,10,4,0
106100,40,Apparel - Womens,3008.04,10.1,COD,13,0,0.0,0.28,20,3,1
106101,1101,Furniture,9280.14,16.8,UPI,12,1,0.083,0.11,11,3,0
106102,442,Mobile Accessories,631.72,12.0,UPI,11,0,0.0,0.06,10,3,0
106103,1619,Apparel - Mens,1613.26,6.2,COD,13,4,0.308,0.19,3,1,0
106104,377,Home & Kitchen,2262.88,13.4,Credit Card,12,1,0.083,0.07,14,0,0
106105,138,Beauty,991.86,9.4,UPI,11,1,0.091,0.05,136,0,0
106106,1831,Beauty,929.21,5.6,UPI,19,6,0.316,0.05,5,0,0
106107,1365,Mobile Accessories,376.22,29.9,Credit Card,9,1,0.111,0.06,12,1,0
106108,120,Beauty,1967.26,7.7,UPI,11,1,0.091,0.05,27,0,0
106109,1608,Mobile Accessories,1247.38,10.2,COD,10,2,0.2,0.06,96,1,0
106110,1703,Mobile Accessories,797.35,20.4,COD,6,2,0.333,0.06,90,1,0
106111,491,Apparel - Womens,1202.99,28.7,COD,11,1,0.091,0.28,8,1,0
106112,945,Footwear,1613.52,6.7,Credit Card,13,1,0.077,0.24,33,1,0
106113,936,Mobile Accessories,471.05,6.4,Debit Card,14,3,0.214,0.06,18,0,0
106114,107,Electronics,7661.85,2.1,Debit Card,12,4,0.333,0.09,65,0,0
106115,71,Mobile Accessories,275.29,5.8,Credit Card,10,2,0.2,0.06,11,1,0
106116,1402,Footwear,1247.56,5.6,UPI,14,5,0.357,0.24,6,1,0
106117,617,Apparel - Mens,2472.18,12.3,UPI,13,2,0.154,0.19,28,0,0
106118,609,Apparel - Womens,1830.92,0.1,UPI,11,5,0.455,0.28,14,1,0
106119,1589,Electronics,8517.96,19.4,Credit Card,13,1,0.077,0.09,31,1,0
106120,1585,Electronics,5620.4,4.2,Credit Card,13,3,0.231,0.09,9,1,0
106121,2019,Footwear,3035.1,6.2,UPI,10,0,0.0,0.24,16,3,0
106122,463,Home & Kitchen,1690.91,4.7,Credit Card,14,1,0.071,0.07,51,1,0
106123,562,Home & Kitchen,819.72,0.3,UPI,13,2,0.154,0.07,20,3,0
106124,1206,Footwear,3465.01,11.4,Credit Card,8,1,0.125,0.24,35,2,0
106125,238,Mobile Accessories,610.15,5.3,COD,13,3,0.231,0.06,69,1,0
106126,1957,Mobile Accessories,741.14,6.7,UPI,12,0,0.0,0.06,49,1,0
106127,1275,Beauty,1132.24,9.5,Debit Card,7,0,0.0,0.05,3,2,0
106128,1579,Footwear,2602.84,18.1,UPI,15,1,0.067,0.24,29,1,0
106129,1250,Apparel - Mens,2556.03,10.6,UPI,16,1,0.062,0.19,108,0,1
106130,1661,Mobile Accessories,1076.1,15.6,UPI,11,0,0.0,0.06,29,1,0
106131,472,Home & Kitchen,1895.05,8.5,COD,9,3,0.333,0.07,27,0,0
106132,1292,Furniture,7004.67,1.2,COD,7,0,0.0,0.11,12,3,0
106133,142,Home & Kitchen,2840.53,24.9,COD,12,3,0.25,0.07,54,1,0
106134,2200,Electronics,7825.42,6.8,COD,17,4,0.235,0.09,26,1,0
106135,902,Furniture,10284.18,20.3,UPI,17,11,0.647,0.11,46,1,1
106136,2128,Furniture,8751.3,5.9,UPI,11,5,0.455,0.11,13,3,0
106137,454,Footwear,2237.51,23.7,Credit Card,12,0,0.0,0.24,30,1,1
106138,32,Apparel - Mens,1293.45,7.2,UPI,14,5,0.357,0.19,67,2,0
106139,335,Mobile Accessories,413.8,12.6,Credit Card,14,1,0.071,0.06,7,1,1
106140,2137,Apparel - Mens,1726.87,39.4,UPI,9,1,0.111,0.19,17,2,1
106141,37,Beauty,902.03,19.0,Credit Card,13,0,0.0,0.05,146,1,0
106142,1182,Home & Kitchen,1243.09,10.6,Credit Card,7,0,0.0,0.07,26,2,0
106143,1591,Footwear,2457.62,0.1,Credit Card,10,6,0.6,0.24,14,0,0
106144,1712,Mobile Accessories,607.25,0.3,COD,7,1,0.143,0.06,3,1,0
106145,165,Mobile Accessories,1079.2,5.8,UPI,16,0,0.0,0.06,35,0,1
106146,1850,Home & Kitchen,2563.51,26.7,Credit Card,11,1,0.091,0.07,10,1,0
106147,1364,Footwear,3555.56,4.5,UPI,13,0,0.0,0.24,24,3,0
106148,100,Beauty,1392.47,28.6,COD,10,3,0.3,0.05,4,0,1
106149,1406,Furniture,7392.47,8.4,COD,11,4,0.364,0.11,14,1,0
106150,1800,Footwear,2852.18,6.3,Netbanking,9,1,0.111,0.24,5,0,0
106151,927,Apparel - Mens,1179.01,5.6,Debit Card,7,0,0.0,0.19,1,3,0
106152,1285,Apparel - Womens,2193.85,13.3,UPI,11,3,0.273,0.28,0,0,0
106153,122,Home & Kitchen,2804.69,8.1,Credit Card,6,1,0.167,0.07,65,1,0
106154,1509,Electronics,5121.65,26.3,UPI,8,0,0.0,0.09,4,2,0
106155,1780,Electronics,7290.34,18.2,UPI,10,1,0.1,0.09,12,1,0
106156,1498,Home & Kitchen,979.88,11.8,UPI,13,1,0.077,0.07,45,1,0
106157,2097,Beauty,864.27,5.7,COD,16,3,0.188,0.05,26,4,1
106158,210,Apparel - Mens,1742.71,3.7,Credit Card,9,1,0.111,0.19,18,0,1
106159,1411,Apparel - Mens,2226.8,12.2,COD,14,1,0.071,0.19,0,2,0
106160,716,Furniture,12213.8,8.6,Credit Card,12,2,0.167,0.11,46,2,0
106161,42,Home & Kitchen,2362.95,38.3,COD,11,3,0.273,0.07,8,2,0
106162,828,Electronics,5227.96,6.6,UPI,10,2,0.2,0.09,33,0,0
106163,1249,Mobile Accessories,606.98,21.4,Netbanking,10,2,0.2,0.06,48,2,0
106164,2076,Mobile Accessories,778.73,12.8,Credit Card,12,3,0.25,0.06,51,2,0
106165,1200,Electronics,1609.14,27.0,COD,11,2,0.182,0.09,11,0,0
106166,416,Electronics,6885.57,6.9,UPI,10,1,0.1,0.09,63,2,0
106167,1463,Electronics,5240.14,9.9,UPI,8,2,0.25,0.09,88,0,1
106168,1668,Furniture,14831.65,3.8,Credit Card,15,0,0.0,0.11,16,2,0
106169,1615,Electronics,6309.26,12.4,UPI,13,6,0.462,0.09,27,3,0
106170,2050,Furniture,9417.99,15.5,UPI,15,5,0.333,0.11,107,1,0
106171,369,Apparel - Womens,1928.72,17.7,UPI,12,0,0.0,0.28,51,0,0
106172,1286,Home & Kitchen,2753.55,25.6,UPI,9,1,0.111,0.07,57,1,0
106173,818,Electronics,6204.42,16.0,Debit Card,15,4,0.267,0.09,18,0,0
106174,2188,Apparel - Womens,150.0,8.7,Debit Card,9,1,0.111,0.28,68,1,0
106175,1793,Footwear,2464.43,19.0,Credit Card,12,1,0.083,0.24,44,0,0
106176,488,Footwear,2367.48,1.8,COD,13,1,0.077,0.24,21,1,0
106177,710,Furniture,4220.93,9.8,Credit Card,10,5,0.5,0.11,11,2,0
106178,1846,Apparel - Mens,1941.75,20.7,Debit Card,15,9,0.6,0.19,15,1,1
106179,750,Beauty,495.27,2.2,COD,15,1,0.067,0.05,0,0,0
106180,1652,Footwear,3688.67,26.6,Credit Card,11,2,0.182,0.24,59,0,0
106181,1361,Furniture,9632.24,5.1,COD,11,2,0.182,0.11,35,2,0
106182,1049,Beauty,517.63,1.7,UPI,11,3,0.273,0.05,51,3,0
106183,1563,Electronics,3814.82,6.1,COD,14,1,0.071,0.09,11,0,0
106184,312,Furniture,2042.7,11.9,Credit Card,11,1,0.091,0.11,13,1,0
106185,179,Beauty,925.88,6.2,Credit Card,11,0,0.0,0.05,147,2,0
106186,1826,Apparel - Womens,1993.37,36.2,UPI,11,0,0.0,0.28,10,1,1
106187,1445,Electronics,7616.05,21.9,UPI,4,1,0.25,0.09,5,1,1
106188,57,Mobile Accessories,552.29,16.5,Credit Card,13,1,0.077,0.06,48,2,0
106189,686,Footwear,2208.95,0.6,UPI,12,3,0.25,0.24,42,5,0
106190,688,Apparel - Mens,1348.51,12.3,Debit Card,14,4,0.286,0.19,22,4,1
106191,1186,Apparel - Mens,1851.16,14.8,Credit Card,9,5,0.556,0.19,61,0,0
106192,1642,Apparel - Womens,150.0,19.9,COD,23,1,0.043,0.28,0,2,0
106193,910,Apparel - Womens,2810.48,2.3,COD,11,4,0.364,0.28,43,0,1
106194,698,Apparel - Mens,2088.66,1.1,COD,20,1,0.05,0.19,0,0,0
106195,1755,Mobile Accessories,150.0,14.5,Debit Card,15,0,0.0,0.06,36,1,0
106196,1670,Mobile Accessories,690.96,10.2,Credit Card,16,1,0.062,0.06,11,2,0
106197,1823,Beauty,1178.47,17.9,Credit Card,17,0,0.0,0.05,34,1,1
106198,366,Apparel - Womens,1433.78,6.6,UPI,8,2,0.25,0.28,4,0,0
106199,145,Footwear,3250.96,23.0,Netbanking,12,5,0.417,0.24,34,1,1
106200,416,Beauty,1269.34,7.4,UPI,10,1,0.1,0.05,98,2,0
106201,32,Electronics,6535.48,12.9,COD,14,5,0.357,0.09,40,1,1
106202,566,Beauty,459.64,12.9,COD,13,4,0.308,0.05,20,1,0
106203,1380,Apparel - Mens,775.08,17.9,UPI,12,2,0.167,0.19,1,1,0
106204,695,Apparel - Womens,2834.74,14.3,UPI,14,5,0.357,0.28,28,0,0
106205,1215,Footwear,1317.55,4.2,UPI,8,2,0.25,0.24,74,3,1
106206,1432,Furniture,4693.47,31.7,Credit Card,11,1,0.091,0.11,7,0,0
106207,321,Home & Kitchen,3377.47,23.5,Credit Card,10,2,0.2,0.07,45,1,1
106208,1382,Electronics,5418.93,29.8,Credit Card,13,4,0.308,0.09,78,1,0
106209,877,Apparel - Womens,1799.49,8.5,COD,11,1,0.091,0.28,107,1,0
106210,528,Electronics,5421.24,12.8,Credit Card,7,0,0.0,0.09,7,2,0
106211,1395,Apparel - Womens,1828.65,17.5,Debit Card,15,3,0.2,0.28,34,0,0
106212,384,Furniture,9595.79,23.3,Netbanking,10,2,0.2,0.11,2,1,0
106213,1149,Apparel - Mens,2166.68,7.4,Netbanking,14,4,0.286,0.19,39,2,1
106214,852,Apparel - Womens,917.78,13.6,UPI,13,0,0.0,0.28,20,1,0
106215,539,Footwear,2987.24,9.8,COD,12,2,0.167,0.24,31,3,0
106216,2078,Footwear,1966.56,2.0,COD,11,2,0.182,0.24,27,1,0
106217,1972,Apparel - Mens,1937.63,4.1,UPI,10,2,0.2,0.19,8,1,1
106218,511,Electronics,8225.59,7.5,UPI,17,0,0.0,0.09,11,0,1
106219,1725,Apparel - Mens,2330.77,26.7,Debit Card,7,0,0.0,0.19,41,1,0
106220,1082,Furniture,10238.74,34.2,COD,18,6,0.333,0.11,64,1,0
106221,1147,Home & Kitchen,1590.86,2.3,COD,13,2,0.154,0.07,8,2,0
106222,1965,Beauty,545.14,10.1,UPI,13,1,0.077,0.05,14,0,1
106223,399,Electronics,10676.67,20.9,COD,14,3,0.214,0.09,87,1,0
106224,300,Mobile Accessories,777.11,10.2,COD,11,1,0.091,0.06,41,1,0
106225,1635,Home & Kitchen,3231.55,3.1,COD,15,5,0.333,0.07,20,2,0
106226,1886,Mobile Accessories,538.33,29.6,Credit Card,11,0,0.0,0.06,0,2,1
106227,17,Home & Kitchen,1446.35,13.2,UPI,9,0,0.0,0.07,30,1,0
106228,1337,Electronics,10977.24,9.6,Credit Card,7,2,0.286,0.09,4,0,0
106229,784,Home & Kitchen,1784.16,4.4,UPI,10,2,0.2,0.07,3,0,0
106230,1316,Apparel - Womens,824.53,12.1,COD,11,3,0.273,0.28,0,1,0
106231,816,Mobile Accessories,719.27,30.9,UPI,15,2,0.133,0.06,39,2,0
106232,1402,Furniture,3066.06,12.5,UPI,14,5,0.357,0.11,1,1,0
106233,1320,Furniture,6566.57,15.4,UPI,13,4,0.308,0.11,12,0,0
106234,1747,Apparel - Womens,1336.37,2.5,Debit Card,16,2,0.125,0.28,3,0,0
106235,852,Apparel - Mens,1922.18,15.3,Debit Card,13,0,0.0,0.19,33,1,0
106236,225,Footwear,2033.53,7.4,UPI,8,1,0.125,0.24,74,0,0
106237,2056,Apparel - Womens,1517.38,15.4,Credit Card,7,1,0.143,0.28,157,1,1
106238,139,Home & Kitchen,3673.79,13.8,Credit Card,9,0,0.0,0.07,28,0,0
106239,1484,Mobile Accessories,485.64,27.1,Credit Card,6,1,0.167,0.06,55,0,0
106240,481,Electronics,7745.14,13.7,UPI,10,0,0.0,0.09,21,0,0
106241,1162,Electronics,2855.1,11.5,COD,11,0,0.0,0.09,31,0,0
106242,1991,Furniture,9714.71,23.1,UPI,8,0,0.0,0.11,17,1,0
106243,1474,Apparel - Mens,2580.76,12.2,UPI,11,0,0.0,0.19,101,0,0
106244,1346,Furniture,10882.01,8.0,COD,13,0,0.0,0.11,2,0,0
106245,651,Home & Kitchen,3097.07,18.7,Credit Card,8,0,0.0,0.07,30,1,0
106246,1602,Mobile Accessories,975.92,16.9,Netbanking,15,0,0.0,0.06,8,3,0
106247,567,Electronics,9198.02,5.3,Credit Card,18,6,0.333,0.09,47,0,0
106248,638,Furniture,11467.13,3.3,Credit Card,19,15,0.789,0.11,11,2,0
106249,1005,Beauty,1683.5,11.2,UPI,9,2,0.222,0.05,70,2,0
106250,1713,Beauty,842.58,35.0,Credit Card,13,2,0.154,0.05,3,1,1
106251,312,Apparel - Mens,2709.65,8.3,UPI,11,1,0.091,0.19,24,1,1
106252,308,Apparel - Mens,1476.16,23.7,UPI,13,1,0.077,0.19,131,0,0
106253,1730,Electronics,6531.21,15.7,Credit Card,9,4,0.444,0.09,20,2,1
106254,116,Mobile Accessories,758.34,10.0,Debit Card,11,3,0.273,0.06,38,0,0
106255,823,Furniture,10000.73,0.2,COD,11,3,0.273,0.11,50,3,0
106256,971,Mobile Accessories,815.19,5.5,COD,11,1,0.091,0.06,34,1,0
106257,1821,Beauty,629.89,11.8,Credit Card,11,2,0.182,0.05,78,1,0
106258,1531,Home & Kitchen,1781.52,6.3,COD,11,0,0.0,0.07,78,2,0
106259,1765,Beauty,594.62,24.4,COD,15,1,0.067,0.05,0,2,0
106260,1500,Electronics,5998.25,2.1,UPI,13,0,0.0,0.09,126,2,0
106261,2191,Apparel - Womens,2680.7,17.8,Credit Card,17,2,0.118,0.28,1,2,0
106262,1507,Apparel - Mens,292.95,7.3,UPI,12,0,0.0,0.19,3,1,0
106263,434,Mobile Accessories,1065.25,17.8,Debit Card,9,0,0.0,0.06,31,1,0
106264,405,Apparel - Mens,150.7,10.2,COD,11,2,0.182,0.19,26,0,0
106265,2182,Furniture,7083.37,31.0,COD,10,1,0.1,0.11,2,1,1
106266,307,Home & Kitchen,866.3,1.3,Credit Card,11,3,0.273,0.07,13,0,0
106267,379,Home & Kitchen,1409.06,2.6,COD,12,4,0.333,0.07,5,1,0
106268,643,Mobile Accessories,241.87,6.1,Credit Card,11,1,0.091,0.06,67,1,0
106269,1550,Furniture,10483.8,20.9,Credit Card,20,6,0.3,0.11,110,2,0
106270,303,Beauty,240.4,4.6,UPI,11,2,0.182,0.05,5,0,0
106271,829,Furniture,8253.85,11.5,UPI,9,0,0.0,0.11,6,1,0
106272,426,Electronics,11128.84,18.1,UPI,10,5,0.5,0.09,48,0,0
106273,1358,Beauty,979.4,17.4,Credit Card,15,5,0.333,0.05,81,0,1
106274,727,Home & Kitchen,3094.25,18.0,UPI,13,4,0.308,0.07,12,2,0
106275,518,Beauty,150.0,21.7,Credit Card,12,0,0.0,0.05,39,3,0
106276,228,Apparel - Womens,1620.75,0.9,UPI,10,3,0.3,0.28,8,1,0
106277,429,Apparel - Mens,1175.69,9.5,UPI,14,2,0.143,0.19,77,1,0
106278,1566,Mobile Accessories,498.44,4.0,Netbanking,11,1,0.091,0.06,37,1,0
106279,248,Apparel - Mens,2123.37,7.4,Netbanking,6,1,0.167,0.19,1,2,1
106280,287,Apparel - Womens,1209.62,1.2,COD,12,5,0.417,0.28,61,1,0
106281,1070,Beauty,1215.0,29.0,UPI,13,1,0.077,0.05,85,2,0
106282,1070,Home & Kitchen,2636.15,15.4,UPI,13,1,0.077,0.07,3,0,0
106283,1184,Beauty,984.39,17.9,UPI,10,4,0.4,0.05,63,1,0
106284,2200,Furniture,6532.41,21.7,Credit Card,17,4,0.235,0.11,16,0,1
106285,1855,Apparel - Womens,1684.04,6.4,Debit Card,12,4,0.333,0.28,9,3,1
106286,206,Furniture,9457.0,20.8,Credit Card,11,3,0.273,0.11,2,2,1
106287,689,Home & Kitchen,150.0,9.6,UPI,9,1,0.111,0.07,0,2,1
106288,867,Apparel - Mens,779.24,4.2,UPI,11,3,0.273,0.19,10,1,1
106289,132,Apparel - Womens,2501.73,3.1,Credit Card,17,6,0.353,0.28,2,1,0
106290,1704,Mobile Accessories,597.96,11.5,UPI,8,3,0.375,0.06,45,0,1
106291,832,Furniture,11241.16,8.0,UPI,5,1,0.2,0.11,28,2,0
106292,1692,Furniture,13869.25,24.2,COD,13,0,0.0,0.11,26,4,0
106293,166,Mobile Accessories,525.61,8.6,UPI,14,4,0.286,0.06,83,1,0
106294,1140,Home & Kitchen,3044.71,14.5,COD,9,0,0.0,0.07,39,0,0
106295,2119,Mobile Accessories,1100.69,4.2,Debit Card,10,0,0.0,0.06,123,0,0
106296,1000,Electronics,8812.83,16.2,UPI,12,1,0.083,0.09,3,1,0
106297,535,Beauty,299.01,20.6,UPI,13,1,0.077,0.05,84,0,0
106298,1301,Mobile Accessories,441.87,26.3,Credit Card,17,1,0.059,0.06,53,2,0
106299,968,Electronics,12612.95,23.1,Credit Card,13,1,0.077,0.09,22,2,0
106300,380,Apparel - Womens,794.78,28.0,Credit Card,12,5,0.417,0.28,41,1,1
106301,1785,Footwear,1139.31,29.5,Credit Card,9,1,0.111,0.24,31,0,1
106302,142,Electronics,9379.71,2.4,COD,12,3,0.25,0.09,72,0,0
106303,1636,Apparel - Womens,826.52,16.0,Credit Card,11,2,0.182,0.28,6,3,0
106304,179,Furniture,4813.04,5.4,Credit Card,11,0,0.0,0.11,22,0,0
106305,120,Electronics,9554.6,10.3,UPI,11,1,0.091,0.09,15,0,0
106306,441,Beauty,1573.88,24.9,UPI,12,0,0.0,0.05,63,0,0
106307,1302,Furniture,2790.32,34.1,Credit Card,15,7,0.467,0.11,68,2,0
106308,810,Apparel - Womens,1254.01,12.0,Credit Card,11,2,0.182,0.28,47,0,0
106309,1523,Beauty,705.23,4.5,Credit Card,13,6,0.462,0.05,13,0,0
106310,216,Footwear,2862.55,9.8,Netbanking,8,0,0.0,0.24,34,0,0
106311,1690,Beauty,1037.13,0.4,COD,13,0,0.0,0.05,33,1,0
106312,1387,Furniture,4023.17,12.9,UPI,15,3,0.2,0.11,20,2,0
106313,1877,Apparel - Womens,1814.03,11.5,Credit Card,12,3,0.25,0.28,20,2,0
106314,649,Apparel - Mens,1317.44,24.9,COD,17,2,0.118,0.19,22,4,0
106315,1433,Apparel - Womens,1385.1,17.6,COD,16,1,0.062,0.28,74,2,0
106316,1488,Mobile Accessories,197.14,12.1,COD,14,1,0.071,0.06,13,1,1
106317,1571,Apparel - Mens,2103.65,12.5,Credit Card,13,0,0.0,0.19,151,0,1
106318,1769,Furniture,8949.74,3.6,Credit Card,18,4,0.222,0.11,9,2,0
106319,1154,Footwear,2135.45,11.6,Netbanking,17,7,0.412,0.24,105,3,0
106320,1059,Furniture,11661.59,18.9,COD,11,0,0.0,0.11,85,0,0
106321,308,Electronics,2911.36,27.1,Credit Card,13,1,0.077,0.09,25,2,0
106322,252,Apparel - Mens,745.65,24.3,Credit Card,9,1,0.111,0.19,127,0,0
106323,1602,Home & Kitchen,2982.18,3.6,UPI,15,0,0.0,0.07,5,1,0
106324,274,Beauty,1100.26,2.2,UPI,14,0,0.0,0.05,0,0,0
106325,1685,Home & Kitchen,1435.19,7.8,Credit Card,11,3,0.273,0.07,18,0,0
106326,1085,Footwear,2345.4,4.2,Debit Card,12,2,0.167,0.24,14,1,0
106327,1759,Apparel - Womens,1656.15,4.2,UPI,17,5,0.294,0.28,26,1,0
106328,1386,Footwear,1714.83,5.5,Credit Card,11,1,0.091,0.24,44,0,0
106329,645,Furniture,18556.95,4.4,COD,13,6,0.462,0.11,25,0,0
106330,1272,Electronics,4594.39,22.4,UPI,12,0,0.0,0.09,34,1,1
106331,2164,Apparel - Mens,2958.0,19.6,Debit Card,9,1,0.111,0.19,16,0,0
106332,1001,Home & Kitchen,2224.57,0.4,COD,8,1,0.125,0.07,6,2,0
106333,685,Apparel - Mens,2166.53,15.2,Debit Card,10,0,0.0,0.19,90,0,0
106334,1448,Apparel - Womens,2264.22,7.1,Debit Card,17,1,0.059,0.28,39,1,0
106335,1442,Apparel - Womens,1462.72,15.5,Debit Card,9,6,0.667,0.28,13,1,0
106336,1820,Electronics,4656.66,12.7,Debit Card,7,1,0.143,0.09,5,1,1
106337,643,Electronics,8956.77,7.3,COD,11,1,0.091,0.09,11,1,0
106338,1458,Mobile Accessories,150.0,8.6,COD,13,0,0.0,0.06,71,0,1
106339,438,Beauty,571.05,16.0,Credit Card,9,3,0.333,0.05,16,1,1
106340,1417,Apparel - Womens,941.33,38.5,UPI,14,5,0.357,0.28,14,1,0
106341,704,Home & Kitchen,1986.65,9.6,UPI,7,4,0.571,0.07,6,3,0
106342,366,Home & Kitchen,2016.0,22.9,Credit Card,8,2,0.25,0.07,44,4,1
106343,1827,Home & Kitchen,2752.96,14.4,UPI,11,5,0.455,0.07,34,0,1
106344,1273,Mobile Accessories,647.73,23.6,COD,12,5,0.417,0.06,0,3,1
106345,278,Apparel - Womens,1440.56,19.5,Debit Card,15,5,0.333,0.28,24,1,0
106346,731,Footwear,1657.12,14.6,Debit Card,6,2,0.333,0.24,6,0,1
106347,147,Beauty,1224.88,2.1,UPI,6,1,0.167,0.05,2,2,1
106348,1964,Electronics,7392.82,15.8,UPI,12,1,0.083,0.09,30,5,0
106349,1954,Electronics,7925.32,9.0,UPI,12,0,0.0,0.09,45,2,0
106350,870,Home & Kitchen,1739.04,14.3,COD,12,2,0.167,0.07,32,2,0
106351,2184,Apparel - Mens,1573.0,12.9,Credit Card,14,4,0.286,0.19,1,2,0
106352,1963,Apparel - Womens,2351.83,20.4,Debit Card,12,3,0.25,0.28,74,1,1
106353,443,Apparel - Womens,1688.84,7.9,Credit Card,14,9,0.643,0.28,52,1,1
106354,1733,Home & Kitchen,1632.49,18.7,COD,8,2,0.25,0.07,14,1,0
106355,737,Beauty,1189.56,23.2,Credit Card,15,3,0.2,0.05,33,1,0
106356,255,Mobile Accessories,685.37,10.6,Credit Card,14,0,0.0,0.06,3,2,0
106357,539,Mobile Accessories,751.72,18.8,UPI,12,2,0.167,0.06,14,4,0
106358,1614,Mobile Accessories,286.32,15.7,COD,13,3,0.231,0.06,38,1,0
106359,1739,Beauty,919.07,13.0,UPI,13,4,0.308,0.05,29,0,0
106360,1738,Electronics,5701.63,4.1,COD,10,3,0.3,0.09,29,1,0
106361,1881,Furniture,5302.09,3.2,Credit Card,12,2,0.167,0.11,55,1,0
106362,1011,Furniture,13216.74,6.1,Debit Card,10,0,0.0,0.11,33,3,0
106363,1070,Electronics,4664.23,10.1,COD,13,1,0.077,0.09,42,1,0
106364,950,Electronics,6156.16,8.8,Debit Card,16,10,0.625,0.09,4,0,0
106365,258,Footwear,3551.36,15.9,UPI,14,7,0.5,0.24,43,2,0
106366,698,Footwear,2191.31,25.8,Credit Card,20,1,0.05,0.24,7,0,0
106367,1164,Furniture,8642.37,16.4,COD,15,2,0.133,0.11,10,3,1
106368,55,Footwear,2296.84,13.2,Credit Card,13,3,0.231,0.24,11,1,0
106369,1431,Beauty,1297.17,4.4,Debit Card,12,0,0.0,0.05,49,0,0
106370,582,Home & Kitchen,2921.26,15.9,Debit Card,14,6,0.429,0.07,12,2,0
106371,1490,Apparel - Womens,1323.93,24.7,Credit Card,17,4,0.235,0.28,1,3,0
106372,180,Mobile Accessories,463.56,6.3,COD,13,0,0.0,0.06,10,2,0
106373,2198,Electronics,4460.17,5.9,Netbanking,13,0,0.0,0.09,27,0,0
106374,652,Apparel - Womens,4267.57,19.3,COD,9,6,0.667,0.28,48,1,0
106375,844,Furniture,9060.84,19.9,Debit Card,12,1,0.083,0.11,46,3,0
106376,377,Apparel - Womens,1765.1,20.3,Debit Card,12,1,0.083,0.28,1,0,0
106377,1000,Apparel - Mens,1385.36,15.8,COD,12,1,0.083,0.19,0,0,0
106378,1317,Apparel - Mens,1573.44,9.6,Debit Card,10,1,0.1,0.19,19,1,0
106379,1761,Electronics,12058.53,3.2,UPI,14,3,0.214,0.09,7,0,0
106380,1633,Furniture,9504.67,7.8,UPI,12,1,0.083,0.11,36,1,0
106381,952,Electronics,4298.23,1.4,COD,10,0,0.0,0.09,28,1,0
106382,950,Mobile Accessories,334.46,3.1,COD,16,10,0.625,0.06,162,2,1
106383,734,Mobile Accessories,681.69,4.7,Debit Card,14,6,0.429,0.06,13,3,1
106384,1294,Apparel - Womens,1945.2,17.6,UPI,13,0,0.0,0.28,45,1,0
106385,163,Beauty,883.69,0.5,UPI,16,0,0.0,0.05,73,1,0
106386,346,Furniture,7212.07,7.4,UPI,12,3,0.25,0.11,28,0,0
106387,1987,Apparel - Mens,509.01,12.1,UPI,7,2,0.286,0.19,59,2,0
106388,2101,Footwear,3332.58,31.3,Debit Card,7,0,0.0,0.24,209,0,0
106389,592,Apparel - Womens,2951.87,1.2,Netbanking,15,3,0.2,0.28,1,0,1
106390,1065,Electronics,9401.59,14.3,UPI,12,4,0.333,0.09,152,2,1
106391,851,Electronics,5996.04,5.1,UPI,16,6,0.375,0.09,3,1,0
106392,327,Beauty,1126.56,3.1,COD,14,1,0.071,0.05,38,0,0
106393,2059,Mobile Accessories,317.14,3.7,UPI,16,0,0.0,0.06,49,1,0
106394,368,Footwear,2820.58,14.6,COD,11,5,0.455,0.24,4,1,0
106395,628,Home & Kitchen,1818.58,14.3,Credit Card,10,2,0.2,0.07,25,1,0
106396,1112,Beauty,679.67,35.2,Credit Card,9,1,0.111,0.05,32,0,0
106397,549,Home & Kitchen,2051.67,6.0,Debit Card,7,1,0.143,0.07,37,0,0
106398,1757,Footwear,1339.45,8.4,UPI,13,7,0.538,0.24,45,1,0
106399,1587,Apparel - Mens,699.21,22.3,UPI,12,1,0.083,0.19,148,2,0
106400,38,Furniture,15217.92,7.6,UPI,13,1,0.077,0.11,15,0,0
106401,688,Beauty,239.25,13.3,Credit Card,14,4,0.286,0.05,59,1,1
106402,1655,Apparel - Mens,705.08,33.4,UPI,8,1,0.125,0.19,29,0,0
106403,2158,Apparel - Mens,1560.31,9.8,COD,11,2,0.182,0.19,70,2,0
106404,1497,Apparel - Womens,1362.86,10.5,UPI,17,3,0.176,0.28,91,1,0
106405,998,Mobile Accessories,545.93,12.4,UPI,13,0,0.0,0.06,24,3,0
106406,1085,Home & Kitchen,2390.0,22.5,COD,12,2,0.167,0.07,48,0,0
106407,1996,Footwear,3548.94,20.8,UPI,12,0,0.0,0.24,49,1,0
106408,1184,Footwear,1452.07,21.6,COD,10,4,0.4,0.24,10,3,1
106409,988,Beauty,1140.62,2.8,Debit Card,7,1,0.143,0.05,10,0,0
106410,2007,Home & Kitchen,2943.43,9.6,UPI,12,5,0.417,0.07,61,0,0
106411,1765,Apparel - Mens,1123.21,9.1,UPI,15,1,0.067,0.19,3,1,1
106412,971,Apparel - Mens,1160.14,3.7,COD,11,1,0.091,0.19,37,0,0
106413,1319,Footwear,621.37,5.5,Debit Card,16,5,0.312,0.24,28,2,1
106414,12,Footwear,4399.74,3.1,UPI,12,2,0.167,0.24,19,2,0
106415,4,Furniture,8189.05,10.4,UPI,13,0,0.0,0.11,42,1,0
106416,2057,Footwear,1870.79,10.9,UPI,8,1,0.125,0.24,75,3,0
106417,1138,Home & Kitchen,2119.37,15.5,UPI,10,2,0.2,0.07,55,0,0
106418,381,Home & Kitchen,903.16,25.3,UPI,12,3,0.25,0.07,6,1,0
106419,528,Home & Kitchen,1009.58,3.0,Debit Card,7,0,0.0,0.07,89,1,0
106420,504,Mobile Accessories,386.93,4.9,UPI,17,0,0.0,0.06,12,0,0
106421,617,Beauty,642.24,13.3,Debit Card,13,2,0.154,0.05,79,1,0
106422,1926,Mobile Accessories,1043.68,30.8,COD,8,5,0.625,0.06,13,2,0
106423,240,Apparel - Womens,2116.4,8.7,Credit Card,11,0,0.0,0.28,45,0,0
106424,47,Apparel - Mens,2034.89,2.1,COD,8,1,0.125,0.19,167,1,0
106425,521,Home & Kitchen,1483.28,12.5,COD,6,1,0.167,0.07,20,1,0
106426,1692,Mobile Accessories,426.29,5.4,UPI,13,0,0.0,0.06,34,1,0
106427,879,Furniture,11868.29,16.5,Credit Card,15,5,0.333,0.11,6,0,0
106428,1029,Apparel - Mens,1871.86,16.3,Credit Card,15,1,0.067,0.19,74,2,0
106429,153,Apparel - Womens,2101.13,14.4,COD,10,2,0.2,0.28,29,1,1
106430,1819,Beauty,933.32,14.3,COD,10,3,0.3,0.05,11,2,1
106431,340,Furniture,9652.76,12.3,COD,11,1,0.091,0.11,79,3,0
106432,1990,Apparel - Womens,2508.42,7.6,UPI,13,4,0.308,0.28,7,3,1
106433,326,Mobile Accessories,515.28,5.8,UPI,8,3,0.375,0.06,21,1,1
106434,1160,Mobile Accessories,845.48,16.0,Credit Card,14,5,0.357,0.06,18,2,0
106435,145,Apparel - Womens,2716.1,12.1,UPI,12,5,0.417,0.28,33,2,0
106436,2070,Electronics,9507.18,8.1,UPI,10,1,0.1,0.09,126,2,0
106437,1768,Apparel - Mens,673.2,19.0,Debit Card,12,3,0.25,0.19,25,1,1
106438,239,Mobile Accessories,616.3,3.7,UPI,13,2,0.154,0.06,62,0,0
106439,783,Home & Kitchen,1179.37,3.3,Credit Card,10,1,0.1,0.07,12,0,0
106440,1250,Beauty,347.32,11.4,COD,16,1,0.062,0.05,0,0,0
106441,14,Beauty,1155.18,10.0,Credit Card,10,0,0.0,0.05,14,3,0
106442,241,Home & Kitchen,3512.8,15.4,Credit Card,9,0,0.0,0.07,1,2,0
106443,1578,Furniture,4983.77,6.0,UPI,13,3,0.231,0.11,34,1,0
106444,663,Beauty,886.73,10.9,UPI,8,2,0.25,0.05,59,0,0
106445,1447,Beauty,971.38,13.8,UPI,14,0,0.0,0.05,145,0,0
106446,1890,Mobile Accessories,608.68,11.8,UPI,9,6,0.667,0.06,3,0,0
106447,1506,Footwear,1458.18,2.4,UPI,13,1,0.077,0.24,89,1,0
106448,2024,Beauty,976.92,10.6,UPI,12,3,0.25,0.05,1,1,0
106449,1803,Footwear,3025.8,22.7,UPI,16,2,0.125,0.24,52,2,0
106450,207,Home & Kitchen,1822.5,20.7,UPI,12,2,0.167,0.07,96,1,0
106451,1197,Furniture,9193.62,7.2,UPI,17,2,0.118,0.11,99,2,1
106452,2061,Mobile Accessories,216.06,7.5,UPI,21,2,0.095,0.06,3,2,0
106453,596,Furniture,8929.34,5.0,Debit Card,11,0,0.0,0.11,22,2,1
106454,1596,Furniture,150.0,5.9,Debit Card,8,0,0.0,0.11,5,4,0
106455,69,Apparel - Mens,1610.85,19.1,COD,8,0,0.0,0.19,92,0,0
106456,946,Beauty,633.91,21.5,COD,14,6,0.429,0.05,31,1,0
106457,1294,Beauty,654.88,9.9,Netbanking,13,0,0.0,0.05,1,1,1
106458,1353,Mobile Accessories,708.74,5.7,Debit Card,10,1,0.1,0.06,27,0,0
106459,214,Footwear,2564.26,20.2,UPI,11,4,0.364,0.24,44,1,1
106460,1822,Mobile Accessories,652.95,8.8,Credit Card,11,2,0.182,0.06,21,0,0
106461,216,Beauty,930.11,23.0,COD,8,0,0.0,0.05,3,1,0
106462,2077,Electronics,1639.8,18.3,Credit Card,12,0,0.0,0.09,21,2,0
106463,1403,Home & Kitchen,1219.17,13.1,Credit Card,7,2,0.286,0.07,7,2,0
106464,1873,Electronics,8235.51,7.8,Credit Card,13,3,0.231,0.09,8,2,0
106465,1767,Mobile Accessories,707.35,7.2,Credit Card,15,4,0.267,0.06,23,2,0
106466,948,Beauty,313.26,10.1,Credit Card,9,0,0.0,0.05,171,2,0
106467,55,Beauty,1023.18,13.2,UPI,13,3,0.231,0.05,27,2,0
106468,1099,Home & Kitchen,2746.5,11.1,Credit Card,11,2,0.182,0.07,53,1,1
106469,1734,Footwear,1718.7,14.0,Debit Card,8,2,0.25,0.24,1,1,0
106470,639,Electronics,7893.54,18.9,UPI,14,2,0.143,0.09,11,0,0
106471,2020,Home & Kitchen,2729.96,6.9,Credit Card,9,0,0.0,0.07,16,1,0
106472,660,Furniture,3479.07,20.9,Credit Card,7,1,0.143,0.11,19,1,0
106473,539,Footwear,3834.16,8.3,UPI,12,2,0.167,0.24,43,1,0
106474,825,Electronics,6933.21,4.6,Netbanking,11,3,0.273,0.09,5,2,0
106475,1307,Electronics,6454.1,3.8,Debit Card,12,5,0.417,0.09,30,3,1
106476,898,Home & Kitchen,1667.38,16.9,Credit Card,10,1,0.1,0.07,22,1,0
106477,823,Home & Kitchen,2034.77,6.1,Debit Card,11,3,0.273,0.07,44,0,1
106478,1008,Apparel - Mens,2816.15,9.3,UPI,7,3,0.429,0.19,30,0,1
106479,1168,Furniture,11744.5,35.7,UPI,14,2,0.143,0.11,20,1,0
106480,214,Electronics,11261.03,15.6,Credit Card,11,4,0.364,0.09,56,1,0
106481,160,Footwear,2217.49,7.9,UPI,13,0,0.0,0.24,45,1,1
106482,1517,Footwear,1510.49,7.6,Credit Card,15,1,0.067,0.24,28,0,0
106483,1859,Footwear,3040.23,21.7,UPI,11,2,0.182,0.24,11,3,1
106484,819,Apparel - Womens,1456.34,4.3,UPI,8,3,0.375,0.28,69,1,1
106485,723,Footwear,1686.87,14.8,COD,10,0,0.0,0.24,12,1,0
106486,1017,Home & Kitchen,1911.08,6.1,Credit Card,20,13,0.65,0.07,12,0,0
106487,1156,Electronics,7672.71,5.9,Credit Card,9,2,0.222,0.09,38,2,1
106488,1395,Apparel - Mens,2154.37,10.5,Credit Card,15,3,0.2,0.19,19,1,0
106489,2160,Footwear,2194.79,3.9,Debit Card,11,0,0.0,0.24,163,0,1
106490,1874,Footwear,1298.21,6.7,Credit Card,12,1,0.083,0.24,2,2,0
106491,1710,Footwear,3735.79,4.1,COD,11,0,0.0,0.24,27,1,0
106492,1634,Mobile Accessories,708.84,4.9,UPI,12,1,0.083,0.06,5,2,0
106493,1355,Apparel - Mens,386.74,1.0,UPI,7,0,0.0,0.19,0,1,0
106494,1733,Apparel - Womens,1750.55,9.2,Credit Card,8,2,0.25,0.28,8,0,0
106495,1934,Apparel - Mens,1325.73,15.2,Credit Card,16,4,0.25,0.19,5,2,0
106496,994,Mobile Accessories,449.21,14.7,UPI,13,0,0.0,0.06,195,1,0
106497,93,Mobile Accessories,150.0,23.9,Debit Card,12,0,0.0,0.06,14,1,0
106498,2146,Furniture,6195.08,7.3,UPI,18,4,0.222,0.11,4,1,0
106499,1358,Apparel - Mens,1916.8,17.4,UPI,15,5,0.333,0.19,0,0,0
106500,630,Furniture,16237.79,2.7,Debit Card,6,2,0.333,0.11,31,1,1
106501,1802,Home & Kitchen,478.73,17.6,Credit Card,16,2,0.125,0.07,61,1,1
106502,1184,Apparel - Mens,1700.97,16.0,COD,10,4,0.4,0.19,63,1,1
106503,1366,Furniture,16313.9,4.4,COD,11,1,0.091,0.11,15,0,0
106504,2004,Home & Kitchen,2212.59,2.4,COD,9,2,0.222,0.07,53,1,0
106505,1142,Home & Kitchen,1438.77,8.1,COD,14,5,0.357,0.07,30,1,0
106506,105,Home & Kitchen,840.54,12.9,Credit Card,12,1,0.083,0.07,8,5,0
106507,643,Apparel - Womens,3165.07,3.7,COD,11,1,0.091,0.28,20,0,0
106508,1895,Beauty,353.82,3.4,Debit Card,16,0,0.0,0.05,43,0,0
106509,1133,Furniture,9671.97,7.3,COD,12,2,0.167,0.11,6,1,0
106510,1630,Home & Kitchen,150.0,1.7,Netbanking,16,2,0.125,0.07,11,1,0
106511,2175,Electronics,8996.48,23.4,Credit Card,15,6,0.4,0.09,81,3,1
106512,81,Home & Kitchen,2019.39,16.9,Credit Card,14,2,0.143,0.07,19,3,0
106513,1535,Electronics,5588.89,18.0,Debit Card,6,1,0.167,0.09,21,1,0
106514,1713,Apparel - Womens,2720.28,6.1,Credit Card,13,2,0.154,0.28,30,2,0
106515,734,Apparel - Mens,2176.24,2.8,Debit Card,14,6,0.429,0.19,62,5,0
106516,2195,Mobile Accessories,533.16,14.3,Credit Card,9,4,0.444,0.06,45,2,0
106517,2098,Apparel - Mens,1116.73,6.8,Credit Card,10,3,0.3,0.19,14,0,0
106518,277,Electronics,6634.65,6.1,UPI,11,1,0.091,0.09,34,0,0
106519,1911,Home & Kitchen,2829.57,6.8,Credit Card,11,2,0.182,0.07,20,1,0
106520,1959,Furniture,14239.07,9.9,UPI,8,0,0.0,0.11,6,0,0
106521,1918,Home & Kitchen,2177.17,5.1,COD,16,1,0.062,0.07,23,0,0
106522,2127,Apparel - Womens,542.61,15.1,COD,11,1,0.091,0.28,104,0,1
106523,2016,Mobile Accessories,773.76,12.5,COD,12,1,0.083,0.06,6,2,1
106524,2153,Footwear,1656.81,10.4,UPI,12,5,0.417,0.24,1,0,0
106525,1740,Apparel - Womens,2756.49,35.2,Debit Card,8,1,0.125,0.28,26,2,1
106526,1533,Home & Kitchen,3118.66,18.8,Credit Card,13,2,0.154,0.07,11,0,0
106527,1674,Electronics,3933.77,0.9,UPI,11,2,0.182,0.09,66,1,0
106528,1218,Beauty,1426.81,6.9,COD,9,0,0.0,0.05,6,0,0
106529,596,Apparel - Mens,2693.87,10.3,UPI,11,0,0.0,0.19,107,2,0
106530,812,Footwear,2725.57,9.8,Credit Card,9,2,0.222,0.24,21,1,1
106531,1489,Footwear,1161.41,10.6,UPI,9,4,0.444,0.24,40,1,1
106532,506,Apparel - Womens,1612.96,7.4,COD,10,1,0.1,0.28,43,0,0
106533,189,Electronics,5172.95,0.1,COD,9,0,0.0,0.09,2,1,0
106534,1678,Electronics,6092.26,5.7,UPI,11,0,0.0,0.09,21,3,0
106535,416,Beauty,1133.32,15.2,UPI,10,1,0.1,0.05,46,1,0
106536,292,Electronics,2308.31,8.3,UPI,11,0,0.0,0.09,11,2,1
106537,716,Apparel - Mens,1752.78,12.4,UPI,12,2,0.167,0.19,78,1,1
106538,2155,Footwear,1594.4,22.4,Credit Card,15,1,0.067,0.24,56,1,1
106539,921,Electronics,5349.87,23.6,Netbanking,11,1,0.091,0.09,22,1,0
106540,881,Apparel - Mens,2777.82,18.0,Debit Card,13,2,0.154,0.19,59,2,0
106541,1230,Electronics,11647.87,2.4,Debit Card,8,1,0.125,0.09,32,2,0
106542,673,Furniture,1702.86,24.6,Credit Card,9,0,0.0,0.11,21,1,0
106543,1546,Footwear,1592.91,9.4,COD,7,0,0.0,0.24,38,1,0
106544,1167,Apparel - Womens,1484.32,26.5,COD,19,2,0.105,0.28,65,1,1
106545,765,Apparel - Womens,1164.49,18.4,UPI,15,0,0.0,0.28,105,0,1
106546,2129,Home & Kitchen,4039.42,6.0,Credit Card,20,5,0.25,0.07,4,2,0
106547,235,Footwear,2070.27,27.6,UPI,9,1,0.111,0.24,51,0,0
106548,1704,Mobile Accessories,650.19,0.3,Credit Card,8,3,0.375,0.06,29,2,0
106549,1700,Furniture,9259.22,3.9,Credit Card,11,1,0.091,0.11,44,4,0
106550,1818,Furniture,15471.78,11.6,Debit Card,14,7,0.5,0.11,104,2,0
106551,215,Apparel - Womens,2005.1,11.0,UPI,9,6,0.667,0.28,37,1,1
106552,1181,Apparel - Mens,1814.39,18.8,COD,8,1,0.125,0.19,18,1,1
106553,344,Apparel - Mens,1869.69,5.7,Credit Card,14,2,0.143,0.19,147,0,0
106554,66,Furniture,13531.3,13.6,Credit Card,12,2,0.167,0.11,72,1,0
106555,1791,Apparel - Mens,2405.72,7.8,UPI,13,2,0.154,0.19,33,1,1
106556,1001,Electronics,9668.09,27.3,Debit Card,8,1,0.125,0.09,34,1,0
106557,2074,Home & Kitchen,2553.3,16.0,Credit Card,12,1,0.083,0.07,16,2,0
106558,575,Apparel - Mens,1584.73,21.1,COD,14,3,0.214,0.19,91,2,0
106559,1679,Home & Kitchen,986.71,8.8,COD,10,4,0.4,0.07,25,1,0
106560,341,Beauty,1221.53,3.0,UPI,7,0,0.0,0.05,3,1,0
106561,1971,Footwear,1698.58,25.6,UPI,8,4,0.5,0.24,33,1,0
106562,523,Beauty,990.38,14.1,Debit Card,18,5,0.278,0.05,32,1,0
106563,1467,Home & Kitchen,1316.56,21.6,Credit Card,13,3,0.231,0.07,120,2,0
106564,236,Footwear,2462.5,5.9,Netbanking,12,4,0.333,0.24,64,0,1
106565,1606,Footwear,2162.69,2.4,Credit Card,9,0,0.0,0.24,75,1,0
106566,2196,Furniture,7013.11,31.4,Debit Card,12,1,0.083,0.11,2,2,0
106567,548,Apparel - Mens,2513.76,11.0,COD,16,4,0.25,0.19,33,1,0
106568,341,Beauty,1060.75,26.4,Credit Card,7,0,0.0,0.05,2,0,0
106569,1783,Beauty,802.77,11.6,UPI,8,1,0.125,0.05,2,1,0
106570,896,Footwear,2349.87,10.9,Debit Card,15,4,0.267,0.24,95,1,1
106571,2052,Electronics,5738.28,22.8,Debit Card,16,1,0.062,0.09,28,1,0
106572,230,Footwear,1852.01,32.9,COD,12,1,0.083,0.24,58,0,1
106573,1182,Furniture,7741.39,3.7,UPI,7,0,0.0,0.11,17,2,0
106574,1942,Beauty,701.81,7.4,Credit Card,13,1,0.077,0.05,134,0,0
106575,652,Furniture,9287.72,11.8,UPI,9,6,0.667,0.11,12,3,0
106576,406,Footwear,1455.31,17.5,UPI,11,2,0.182,0.24,22,0,1
106577,793,Apparel - Womens,2610.17,5.8,COD,9,0,0.0,0.28,2,1,1
106578,826,Apparel - Mens,1564.87,1.7,UPI,9,6,0.667,0.19,6,3,1
106579,1106,Apparel - Mens,1813.68,16.0,Credit Card,13,1,0.077,0.19,22,0,0
106580,793,Footwear,2556.02,16.7,UPI,9,0,0.0,0.24,4,0,0
106581,2018,Footwear,2839.18,1.9,UPI,14,1,0.071,0.24,6,1,0
106582,1724,Home & Kitchen,3169.31,11.9,Credit Card,14,3,0.214,0.07,24,1,0
106583,1457,Home & Kitchen,3028.6,6.4,Credit Card,8,0,0.0,0.07,5,1,0
106584,2113,Home & Kitchen,2357.93,15.4,UPI,12,0,0.0,0.07,23,3,0
106585,1149,Footwear,2550.75,13.2,COD,14,4,0.286,0.24,32,0,1
106586,1813,Mobile Accessories,184.14,10.4,Debit Card,8,3,0.375,0.06,5,0,0
106587,725,Mobile Accessories,862.0,17.5,Credit Card,14,8,0.571,0.06,31,1,1
106588,1080,Furniture,5479.08,4.1,Debit Card,11,0,0.0,0.11,18,1,0
106589,1941,Apparel - Womens,617.6,13.2,UPI,13,2,0.154,0.28,16,0,0
106590,1631,Mobile Accessories,193.68,6.4,UPI,15,7,0.467,0.06,29,0,0
106591,1647,Electronics,1787.05,31.2,Netbanking,9,0,0.0,0.09,54,0,0
106592,1005,Apparel - Mens,541.8,18.4,Credit Card,9,2,0.222,0.19,29,1,0
106593,437,Apparel - Womens,2916.75,18.0,Netbanking,8,1,0.125,0.28,22,1,0
106594,979,Electronics,2220.47,2.7,UPI,15,4,0.267,0.09,62,1,0
106595,2016,Electronics,5280.29,7.8,COD,12,1,0.083,0.09,18,0,0
106596,1594,Beauty,204.0,14.4,UPI,8,0,0.0,0.05,19,5,0
106597,1422,Mobile Accessories,590.87,11.7,UPI,12,1,0.083,0.06,16,3,0
106598,2134,Apparel - Womens,1869.52,4.6,Credit Card,8,2,0.25,0.28,14,2,0
106599,1024,Home & Kitchen,150.0,11.0,Credit Card,14,2,0.143,0.07,6,0,0
106600,799,Mobile Accessories,1049.14,16.1,COD,10,1,0.1,0.06,15,0,0
106601,1188,Electronics,8778.52,4.3,UPI,11,0,0.0,0.09,21,1,0
106602,2160,Footwear,4376.1,19.6,COD,11,0,0.0,0.24,9,2,0
106603,67,Apparel - Womens,2549.03,8.6,UPI,7,1,0.143,0.28,10,0,0
106604,1564,Furniture,9785.04,27.5,Credit Card,16,2,0.125,0.11,13,2,0
106605,1404,Mobile Accessories,862.03,15.8,UPI,12,4,0.333,0.06,36,1,0
106606,2016,Beauty,1162.45,3.0,COD,12,1,0.083,0.05,10,0,1
106607,1330,Apparel - Mens,1759.44,4.2,COD,11,2,0.182,0.19,21,1,0
106608,204,Footwear,3339.64,7.3,COD,9,0,0.0,0.24,72,0,1
106609,592,Apparel - Mens,213.62,7.1,COD,15,3,0.2,0.19,9,1,0
106610,1661,Electronics,5484.12,13.4,UPI,11,0,0.0,0.09,2,1,0
106611,2148,Apparel - Mens,1628.93,6.5,UPI,12,3,0.25,0.19,90,1,0
106612,52,Apparel - Mens,1884.02,5.2,UPI,11,0,0.0,0.19,24,0,0
106613,24,Footwear,1467.46,3.2,Netbanking,12,2,0.167,0.24,21,1,1
106614,1879,Mobile Accessories,711.19,3.4,UPI,16,3,0.188,0.06,25,1,0
106615,2047,Apparel - Mens,473.73,6.2,Credit Card,14,1,0.071,0.19,98,3,0
106616,606,Footwear,793.16,12.9,Credit Card,12,0,0.0,0.24,52,0,1
106617,785,Beauty,1006.25,2.8,UPI,12,3,0.25,0.05,32,0,0
106618,1412,Mobile Accessories,298.59,13.4,UPI,10,2,0.2,0.06,86,0,1
106619,866,Furniture,9464.79,9.6,COD,17,0,0.0,0.11,38,3,1
106620,622,Beauty,663.15,6.3,UPI,12,1,0.083,0.05,20,0,0
106621,820,Footwear,2861.96,8.7,COD,13,2,0.154,0.24,28,1,1
106622,2137,Apparel - Womens,2027.56,5.7,UPI,9,1,0.111,0.28,51,1,0
106623,778,Electronics,2715.0,3.4,UPI,15,4,0.267,0.09,18,0,0
106624,1548,Footwear,2503.73,5.9,Credit Card,12,0,0.0,0.24,44,1,0
106625,648,Apparel - Mens,691.12,12.8,UPI,12,2,0.167,0.19,75,3,0
106626,1232,Mobile Accessories,824.75,6.9,Credit Card,14,5,0.357,0.06,39,2,0
106627,861,Beauty,624.82,0.4,UPI,11,5,0.455,0.05,125,0,0
106628,304,Footwear,1288.56,6.1,Credit Card,15,0,0.0,0.24,33,0,0
106629,397,Beauty,973.11,8.8,UPI,12,4,0.333,0.05,20,1,0
106630,990,Apparel - Mens,2219.34,16.9,UPI,12,1,0.083,0.19,57,2,0
106631,1759,Apparel - Womens,2470.1,2.7,UPI,17,5,0.294,0.28,3,2,0
106632,979,Electronics,9733.52,10.6,UPI,15,4,0.267,0.09,150,1,0
106633,57,Apparel - Mens,678.99,9.5,Debit Card,13,1,0.077,0.19,6,0,0
106634,502,Furniture,3675.6,13.2,Credit Card,10,2,0.2,0.11,16,2,1
106635,459,Furniture,17745.47,27.8,COD,18,4,0.222,0.11,94,4,0
106636,1501,Mobile Accessories,665.91,8.2,COD,10,3,0.3,0.06,4,0,0
106637,2008,Home & Kitchen,1178.22,9.6,COD,15,5,0.333,0.07,11,0,0
106638,584,Electronics,6415.92,26.9,Debit Card,11,5,0.455,0.09,13,0,1
106639,1911,Footwear,2512.74,2.5,UPI,11,2,0.182,0.24,17,2,0
106640,1631,Mobile Accessories,934.88,5.5,COD,15,7,0.467,0.06,18,1,0
106641,1440,Furniture,6022.77,10.4,Credit Card,10,1,0.1,0.11,3,1,0
106642,1315,Footwear,2828.34,5.4,Credit Card,12,6,0.5,0.24,24,1,0
106643,364,Home & Kitchen,858.46,3.7,COD,13,8,0.615,0.07,146,1,0
106644,473,Furniture,7701.7,17.2,COD,12,4,0.333,0.11,7,1,0
106645,1967,Apparel - Mens,1931.85,7.5,COD,10,0,0.0,0.19,14,1,0
106646,278,Home & Kitchen,1543.18,0.9,Credit Card,15,5,0.333,0.07,135,0,0
106647,882,Furniture,13502.04,2.3,UPI,11,0,0.0,0.11,108,0,0
106648,759,Home & Kitchen,1393.92,10.7,COD,8,1,0.125,0.07,118,4,0
106649,1503,Furniture,10033.1,2.1,UPI,9,1,0.111,0.11,62,1,0
106650,516,Apparel - Mens,1359.53,2.6,UPI,11,3,0.273,0.19,67,0,0
106651,1661,Apparel - Womens,724.67,9.5,UPI,11,0,0.0,0.28,98,2,0
106652,934,Home & Kitchen,2023.97,4.5,UPI,11,2,0.182,0.07,11,0,0
106653,1685,Apparel - Womens,1857.26,4.4,COD,11,3,0.273,0.28,46,1,1
106654,1811,Furniture,6482.61,3.2,UPI,9,4,0.444,0.11,22,1,0
106655,961,Furniture,8287.6,4.2,Credit Card,14,0,0.0,0.11,0,1,0
106656,1235,Electronics,500.18,6.8,Credit Card,10,4,0.4,0.09,12,2,0
106657,1170,Beauty,839.53,3.2,COD,18,9,0.5,0.05,43,2,0
106658,1618,Footwear,2197.29,4.2,Credit Card,10,1,0.1,0.24,29,0,0
106659,1460,Furniture,10683.64,16.9,Credit Card,7,1,0.143,0.11,54,1,0
106660,1236,Beauty,1366.11,3.2,UPI,19,2,0.105,0.05,27,1,0
106661,793,Apparel - Womens,950.0,13.2,UPI,9,0,0.0,0.28,85,1,0
106662,66,Beauty,1142.32,24.4,Credit Card,12,2,0.167,0.05,57,1,0
106663,728,Beauty,1189.91,11.7,UPI,18,3,0.167,0.05,27,0,0
106664,2142,Beauty,1020.65,8.8,Credit Card,10,2,0.2,0.05,8,3,0
106665,75,Electronics,4240.36,7.1,Credit Card,6,5,0.833,0.09,2,2,1
106666,1625,Mobile Accessories,878.3,13.4,Credit Card,13,1,0.077,0.06,81,0,0
106667,1994,Home & Kitchen,2931.33,4.3,Credit Card,18,3,0.167,0.07,2,1,1
106668,148,Footwear,4250.18,10.2,UPI,13,1,0.077,0.24,140,1,0
106669,1706,Mobile Accessories,625.61,21.8,Netbanking,12,5,0.417,0.06,40,1,0
106670,1105,Beauty,599.16,17.2,COD,11,1,0.091,0.05,2,0,0
106671,653,Mobile Accessories,1181.91,7.2,UPI,10,1,0.1,0.06,7,1,0
106672,2040,Furniture,5656.28,16.1,UPI,9,3,0.333,0.11,20,0,1
106673,1434,Footwear,2206.7,10.7,COD,7,2,0.286,0.24,28,2,1
106674,2072,Apparel - Womens,1882.0,17.7,Credit Card,9,1,0.111,0.28,10,0,0
106675,563,Mobile Accessories,733.98,7.8,UPI,11,1,0.091,0.06,9,1,0
106676,1423,Footwear,2974.15,26.0,UPI,13,0,0.0,0.24,22,1,0
106677,982,Furniture,11239.9,7.3,COD,16,1,0.062,0.11,62,0,1
106678,1293,Beauty,1075.29,4.4,Debit Card,11,2,0.182,0.05,45,1,1
106679,84,Mobile Accessories,692.09,13.6,UPI,6,1,0.167,0.06,0,1,0
106680,1725,Electronics,4975.51,12.3,Credit Card,7,0,0.0,0.09,106,0,0
106681,1736,Apparel - Womens,1679.61,7.2,COD,18,5,0.278,0.28,22,0,0
106682,1801,Home & Kitchen,2700.8,12.2,COD,20,1,0.05,0.07,31,0,1
106683,807,Home & Kitchen,2988.0,15.5,Netbanking,12,1,0.083,0.07,102,1,0
106684,898,Apparel - Mens,2844.21,17.2,UPI,10,1,0.1,0.19,24,1,0
106685,124,Footwear,1589.77,2.7,UPI,13,0,0.0,0.24,86,4,0
106686,702,Electronics,7776.73,17.7,Debit Card,9,0,0.0,0.09,19,2,0
106687,2115,Mobile Accessories,1214.24,12.0,Netbanking,17,4,0.235,0.06,24,2,1
106688,2110,Apparel - Womens,699.49,2.0,COD,10,0,0.0,0.28,241,1,0
106689,1717,Apparel - Mens,1071.25,13.7,UPI,7,1,0.143,0.19,0,0,0
106690,2103,Footwear,4226.08,15.0,COD,11,4,0.364,0.24,5,3,1
106691,479,Footwear,2564.95,2.4,Debit Card,12,3,0.25,0.24,16,1,0
106692,897,Mobile Accessories,418.63,14.0,UPI,16,4,0.25,0.06,79,2,0
106693,1963,Beauty,829.97,11.4,COD,12,3,0.25,0.05,7,1,0
106694,273,Electronics,5944.69,24.9,Credit Card,13,5,0.385,0.09,8,1,0
106695,292,Home & Kitchen,990.06,10.5,COD,11,0,0.0,0.07,61,1,0
106696,2114,Electronics,8011.88,22.9,COD,11,2,0.182,0.09,35,1,0
106697,640,Apparel - Womens,1805.06,25.4,UPI,11,3,0.273,0.28,69,0,0
106698,350,Electronics,10800.37,7.9,UPI,11,7,0.636,0.09,36,1,0
106699,2138,Home & Kitchen,2013.42,17.7,Debit Card,15,9,0.6,0.07,30,0,0
106700,1515,Home & Kitchen,1638.13,16.9,Credit Card,10,4,0.4,0.07,10,0,0
106701,744,Apparel - Womens,838.48,19.5,UPI,15,4,0.267,0.28,62,1,0
106702,87,Electronics,8378.73,7.6,UPI,10,2,0.2,0.09,43,2,0
106703,1906,Electronics,8452.15,4.5,UPI,10,2,0.2,0.09,136,1,0
106704,2145,Furniture,10183.88,0.0,Credit Card,16,0,0.0,0.11,44,0,0
106705,2185,Electronics,3021.79,28.4,Netbanking,9,2,0.222,0.09,104,1,0
106706,1469,Home & Kitchen,2500.5,1.4,Credit Card,9,4,0.444,0.07,45,0,0
106707,2167,Footwear,1619.92,3.9,COD,9,5,0.556,0.24,47,1,0
106708,1672,Footwear,2487.89,25.4,Credit Card,18,3,0.167,0.24,12,3,0
106709,1271,Apparel - Womens,2034.73,18.5,Credit Card,20,1,0.05,0.28,19,0,1
106710,81,Mobile Accessories,150.0,19.9,COD,14,2,0.143,0.06,74,2,0
106711,978,Mobile Accessories,426.86,10.9,Credit Card,9,3,0.333,0.06,38,2,1
106712,1421,Footwear,3190.0,13.6,Debit Card,13,2,0.154,0.24,14,2,0
106713,1348,Apparel - Mens,1707.17,12.5,UPI,11,0,0.0,0.19,26,2,0
106714,534,Electronics,8637.85,18.4,Credit Card,13,3,0.231,0.09,27,1,0
106715,429,Apparel - Womens,1179.73,22.2,Credit Card,14,2,0.143,0.28,42,2,0
106716,666,Home & Kitchen,1273.12,9.4,Debit Card,14,2,0.143,0.07,145,5,0
106717,2034,Footwear,2962.55,5.7,COD,16,0,0.0,0.24,3,0,0
106718,698,Footwear,3304.56,4.2,UPI,20,1,0.05,0.24,39,0,0
106719,775,Apparel - Womens,2261.19,18.9,UPI,15,4,0.267,0.28,5,0,0
106720,1179,Apparel - Womens,1274.21,0.1,UPI,12,1,0.083,0.28,9,0,0
106721,1925,Beauty,611.47,23.3,Debit Card,10,6,0.6,0.05,11,1,1
106722,192,Mobile Accessories,1019.66,29.5,COD,19,6,0.316,0.06,7,1,0
106723,620,Beauty,412.87,14.2,Debit Card,6,1,0.167,0.05,64,1,0
106724,1219,Beauty,980.07,9.7,UPI,11,2,0.182,0.05,50,1,0
106725,1439,Furniture,10602.37,2.3,Netbanking,17,1,0.059,0.11,13,1,1
106726,572,Apparel - Womens,1341.26,28.2,UPI,9,2,0.222,0.28,43,0,0
106727,922,Apparel - Mens,727.36,15.1,COD,14,0,0.0,0.19,10,2,0
106728,104,Home & Kitchen,1113.85,11.3,Credit Card,6,0,0.0,0.07,24,0,0
106729,190,Apparel - Womens,3682.28,5.4,COD,16,7,0.438,0.28,3,1,0
106730,110,Beauty,167.69,7.6,COD,11,1,0.091,0.05,24,1,0
106731,2132,Footwear,1433.03,2.2,Credit Card,13,5,0.385,0.24,51,1,1
106732,1390,Beauty,1592.09,25.3,UPI,12,2,0.167,0.05,57,2,0
106733,831,Apparel - Mens,1241.31,3.1,Debit Card,7,0,0.0,0.19,62,2,0
106734,612,Beauty,1149.83,6.5,COD,10,0,0.0,0.05,6,0,1
106735,506,Apparel - Mens,2257.62,18.5,Credit Card,10,1,0.1,0.19,20,1,0
106736,1786,Apparel - Mens,1599.69,26.4,Credit Card,18,8,0.444,0.19,25,1,1
106737,1359,Apparel - Mens,868.32,19.6,Credit Card,13,2,0.154,0.19,11,2,0
106738,1677,Electronics,5589.82,2.5,Credit Card,9,4,0.444,0.09,4,1,0
106739,1062,Mobile Accessories,710.55,7.8,Credit Card,8,3,0.375,0.06,26,1,1
106740,1259,Electronics,4825.12,22.0,Netbanking,11,1,0.091,0.09,101,3,0
106741,398,Mobile Accessories,584.69,11.6,Credit Card,16,2,0.125,0.06,50,0,0
106742,1961,Apparel - Womens,907.71,24.3,COD,14,4,0.286,0.28,45,2,1
106743,2098,Apparel - Womens,1102.03,25.4,COD,10,3,0.3,0.28,4,0,1
106744,2074,Beauty,1152.75,5.5,UPI,12,1,0.083,0.05,40,1,0
106745,1078,Apparel - Womens,1133.21,7.9,UPI,13,4,0.308,0.28,18,0,0
106746,148,Footwear,1008.05,13.8,Credit Card,13,1,0.077,0.24,3,0,1
106747,689,Apparel - Mens,1380.42,18.5,Credit Card,9,1,0.111,0.19,53,2,1
106748,1943,Apparel - Womens,2777.45,12.2,Netbanking,12,0,0.0,0.28,22,0,0
106749,2029,Footwear,1160.43,20.3,Credit Card,16,2,0.125,0.24,78,0,0
106750,1727,Mobile Accessories,1367.31,9.5,UPI,9,1,0.111,0.06,33,1,0
106751,1841,Beauty,1107.62,4.1,Debit Card,13,2,0.154,0.05,5,3,0
106752,1197,Footwear,785.25,7.2,UPI,17,2,0.118,0.24,119,1,0
106753,903,Home & Kitchen,839.99,15.1,Debit Card,17,7,0.412,0.07,28,0,0
106754,1587,Furniture,4125.69,46.6,Netbanking,12,1,0.083,0.11,29,2,0
106755,1208,Footwear,1266.26,19.0,UPI,14,6,0.429,0.24,0,1,0
106756,2096,Mobile Accessories,1356.43,1.6,COD,11,3,0.273,0.06,74,0,0
106757,2197,Apparel - Mens,1763.51,20.8,COD,10,5,0.5,0.19,87,1,0
106758,1851,Mobile Accessories,753.85,17.6,Debit Card,8,3,0.375,0.06,30,0,0
106759,1720,Footwear,1031.63,2.0,COD,21,2,0.095,0.24,24,1,1
106760,1005,Footwear,2019.75,3.2,COD,9,2,0.222,0.24,3,2,1
106761,1349,Apparel - Mens,1794.44,8.8,UPI,10,0,0.0,0.19,29,1,0
106762,1097,Beauty,733.58,13.7,Debit Card,13,2,0.154,0.05,49,1,0
106763,1289,Apparel - Womens,1816.69,17.5,Credit Card,10,0,0.0,0.28,10,2,1
106764,2173,Electronics,12600.38,26.6,Netbanking,20,10,0.5,0.09,48,1,0
106765,779,Apparel - Womens,1504.68,13.4,COD,10,2,0.2,0.28,8,2,1
106766,663,Furniture,9419.86,2.4,UPI,8,2,0.25,0.11,34,1,0
106767,1680,Furniture,10125.91,6.2,COD,13,3,0.231,0.11,59,3,0
106768,153,Home & Kitchen,1957.62,1.1,Netbanking,10,2,0.2,0.07,12,2,0
106769,2116,Electronics,10828.53,14.9,COD,11,3,0.273,0.09,21,3,1
106770,1630,Footwear,3666.32,7.2,Credit Card,16,2,0.125,0.24,24,1,0
106771,154,Furniture,3701.58,0.8,Netbanking,12,1,0.083,0.11,2,1,0
106772,313,Footwear,1999.82,6.4,Credit Card,12,4,0.333,0.24,11,0,0
106773,891,Apparel - Mens,1951.28,7.9,Netbanking,15,5,0.333,0.19,71,0,0
106774,1432,Mobile Accessories,957.12,23.8,Debit Card,11,1,0.091,0.06,69,2,0
106775,1540,Mobile Accessories,522.07,5.7,Netbanking,7,1,0.143,0.06,25,4,0
106776,2184,Home & Kitchen,1167.4,13.3,Credit Card,14,4,0.286,0.07,47,1,1
106777,1569,Footwear,3788.33,12.5,Credit Card,11,1,0.091,0.24,41,2,1
106778,1005,Apparel - Womens,2426.42,11.4,COD,9,2,0.222,0.28,39,0,1
106779,891,Home & Kitchen,1715.3,17.8,Credit Card,15,5,0.333,0.07,6,0,0
106780,1687,Home & Kitchen,2414.49,13.8,UPI,14,0,0.0,0.07,21,3,0
106781,1566,Beauty,1290.29,19.9,Credit Card,11,1,0.091,0.05,58,1,0
106782,1383,Apparel - Mens,647.36,10.5,COD,12,4,0.333,0.19,15,2,0
106783,2059,Footwear,2266.58,32.2,Credit Card,16,0,0.0,0.24,66,1,0
106784,904,Electronics,5315.94,10.9,Credit Card,11,3,0.273,0.09,8,0,0
106785,1078,Home & Kitchen,3790.97,2.7,Netbanking,13,4,0.308,0.07,9,1,0
106786,1377,Mobile Accessories,734.74,6.2,UPI,12,0,0.0,0.06,86,1,0
106787,959,Apparel - Womens,608.78,4.1,COD,10,3,0.3,0.28,19,1,0
106788,1539,Electronics,1126.7,5.8,Debit Card,9,1,0.111,0.09,0,0,0
106789,232,Mobile Accessories,439.95,4.1,Credit Card,11,4,0.364,0.06,64,1,1
106790,399,Apparel - Mens,1292.65,24.1,Credit Card,14,3,0.214,0.19,2,1,0
106791,2131,Apparel - Mens,1015.21,12.4,UPI,11,1,0.091,0.19,29,1,0
106792,966,Electronics,1635.04,19.8,Netbanking,12,4,0.333,0.09,3,2,0
106793,1310,Furniture,4329.37,2.9,Credit Card,12,3,0.25,0.11,4,1,0
106794,434,Footwear,3167.97,8.0,Credit Card,9,0,0.0,0.24,7,1,0
106795,159,Electronics,4236.8,0.9,Credit Card,15,3,0.2,0.09,36,3,0
106796,1174,Apparel - Mens,1590.16,13.6,UPI,18,6,0.333,0.19,54,1,0
106797,596,Mobile Accessories,987.43,36.3,COD,11,0,0.0,0.06,11,2,0
106798,346,Apparel - Womens,2937.77,19.5,UPI,12,3,0.25,0.28,46,2,0
106799,2159,Mobile Accessories,240.76,5.1,COD,12,2,0.167,0.06,46,1,0
106800,1549,Apparel - Mens,1750.2,7.8,Debit Card,13,2,0.154,0.19,43,0,0
106801,1759,Footwear,2843.34,39.2,UPI,17,5,0.294,0.24,9,0,1
106802,1421,Footwear,2328.36,2.6,UPI,13,2,0.154,0.24,9,1,1
106803,1542,Beauty,1288.23,6.9,Debit Card,21,14,0.667,0.05,9,2,1
106804,341,Electronics,6721.84,17.5,Credit Card,7,0,0.0,0.09,35,1,0
106805,1635,Apparel - Mens,1750.24,0.9,UPI,15,5,0.333,0.19,77,2,0
106806,53,Mobile Accessories,1072.75,18.3,COD,9,2,0.222,0.06,1,0,1
106807,1117,Apparel - Womens,880.55,18.8,UPI,15,2,0.133,0.28,10,2,0
106808,555,Home & Kitchen,2864.63,11.3,Credit Card,11,0,0.0,0.07,8,1,0
106809,1942,Home & Kitchen,2309.22,9.4,UPI,13,1,0.077,0.07,111,0,0
106810,612,Furniture,15575.94,11.8,Debit Card,10,0,0.0,0.11,25,3,0
106811,1789,Home & Kitchen,2545.93,1.3,COD,13,0,0.0,0.07,3,1,1
106812,394,Furniture,9530.63,21.6,Credit Card,16,5,0.312,0.11,1,0,1
106813,1723,Apparel - Womens,1740.98,3.2,Debit Card,14,1,0.071,0.28,26,2,0
106814,6,Electronics,13340.82,24.8,UPI,11,2,0.182,0.09,5,1,0
106815,1750,Apparel - Mens,2354.2,14.8,UPI,16,5,0.312,0.19,16,2,1
106816,817,Electronics,4465.63,9.4,UPI,11,3,0.273,0.09,41,4,1
106817,1138,Home & Kitchen,2959.36,24.6,Credit Card,10,2,0.2,0.07,42,0,0
106818,607,Beauty,650.49,15.7,COD,13,2,0.154,0.05,3,1,0
106819,967,Beauty,758.1,1.6,Debit Card,13,2,0.154,0.05,8,1,0
106820,39,Electronics,3763.18,15.4,Debit Card,15,1,0.067,0.09,99,0,0
106821,1062,Beauty,1133.74,33.0,Debit Card,8,3,0.375,0.05,26,2,1
106822,1302,Apparel - Mens,962.83,3.8,COD,15,7,0.467,0.19,68,1,0
106823,1570,Mobile Accessories,620.45,17.3,UPI,16,5,0.312,0.06,3,0,0
106824,1575,Beauty,756.6,3.2,Debit Card,10,0,0.0,0.05,45,2,1
106825,2166,Beauty,1019.43,22.5,Credit Card,10,0,0.0,0.05,28,2,1
106826,1439,Beauty,1182.03,5.3,Debit Card,17,1,0.059,0.05,25,0,0
106827,2154,Footwear,2768.12,9.7,UPI,12,1,0.083,0.24,16,1,0
106828,671,Apparel - Mens,2197.79,14.0,UPI,11,0,0.0,0.19,92,1,0
106829,1882,Apparel - Womens,2403.09,7.5,Debit Card,10,1,0.1,0.28,0,2,0
106830,2019,Mobile Accessories,644.39,8.2,Netbanking,10,0,0.0,0.06,20,2,0
106831,49,Apparel - Womens,1905.9,25.2,Debit Card,14,0,0.0,0.28,38,2,0
106832,1379,Footwear,2256.76,13.7,Credit Card,10,1,0.1,0.24,11,1,0
106833,617,Home & Kitchen,2323.58,4.1,Debit Card,13,2,0.154,0.07,14,0,0
106834,919,Home & Kitchen,2508.72,11.7,UPI,13,2,0.154,0.07,6,3,0
106835,1044,Mobile Accessories,187.32,15.2,Credit Card,12,3,0.25,0.06,49,0,0
106836,626,Home & Kitchen,3183.65,10.4,UPI,10,1,0.1,0.07,15,0,0
106837,869,Beauty,949.15,0.4,Credit Card,13,1,0.077,0.05,47,2,0
106838,368,Footwear,2057.26,14.2,Debit Card,11,5,0.455,0.24,18,2,1
106839,1219,Apparel - Mens,2216.33,7.6,COD,11,2,0.182,0.19,185,2,0
106840,2124,Electronics,5830.98,11.7,COD,10,2,0.2,0.09,38,1,0
106841,801,Furniture,16336.78,4.7,Credit Card,10,3,0.3,0.11,78,0,1
106842,668,Electronics,10816.76,11.6,Credit Card,19,1,0.053,0.09,18,1,0
106843,714,Mobile Accessories,376.61,2.6,UPI,9,0,0.0,0.06,14,3,0
106844,843,Apparel - Womens,2274.55,17.0,UPI,9,2,0.222,0.28,48,1,0
106845,1119,Footwear,3044.09,4.3,Debit Card,18,1,0.056,0.24,10,0,0
106846,1625,Footwear,1585.02,13.1,Credit Card,13,1,0.077,0.24,4,1,0
106847,1050,Footwear,4184.19,4.1,Debit Card,15,12,0.8,0.24,32,0,1
106848,698,Footwear,4550.98,4.7,Credit Card,20,1,0.05,0.24,4,0,0
106849,1315,Furniture,12123.77,4.4,Netbanking,12,6,0.5,0.11,7,1,1
106850,125,Electronics,4844.58,2.0,UPI,13,1,0.077,0.09,0,1,0
106851,852,Furniture,6428.74,12.5,UPI,13,0,0.0,0.11,12,1,0
106852,1778,Furniture,5640.66,4.5,Credit Card,8,0,0.0,0.11,5,1,0
106853,1310,Beauty,1159.41,27.1,COD,12,3,0.25,0.05,96,0,0
106854,56,Apparel - Womens,1708.6,24.3,UPI,14,1,0.071,0.28,14,0,0
106855,1224,Apparel - Mens,1292.09,7.1,Debit Card,15,3,0.2,0.19,28,0,0
106856,375,Footwear,3124.39,2.7,Netbanking,8,3,0.375,0.24,7,0,0
106857,1615,Mobile Accessories,789.3,15.0,Debit Card,13,6,0.462,0.06,12,2,1
106858,1856,Footwear,2127.41,8.7,Netbanking,15,3,0.2,0.24,10,1,0
106859,155,Electronics,4059.97,16.2,UPI,13,0,0.0,0.09,24,0,0
106860,2119,Apparel - Womens,1535.94,2.3,UPI,10,0,0.0,0.28,13,1,1
106861,1441,Mobile Accessories,656.3,5.6,Debit Card,13,5,0.385,0.06,28,1,1
106862,759,Apparel - Womens,3656.44,24.9,UPI,8,1,0.125,0.28,28,1,0
106863,993,Electronics,6991.04,20.2,COD,9,1,0.111,0.09,7,2,0
106864,338,Footwear,2512.69,8.0,COD,9,2,0.222,0.24,42,3,1
106865,434,Footwear,3590.12,28.5,COD,9,0,0.0,0.24,43,1,0
106866,1308,Furniture,13045.23,1.8,COD,11,0,0.0,0.11,27,0,0
106867,481,Apparel - Mens,1679.31,11.0,COD,10,0,0.0,0.19,31,1,0
106868,1044,Apparel - Womens,2890.74,19.5,Debit Card,12,3,0.25,0.28,9,1,0
106869,228,Mobile Accessories,464.07,11.7,UPI,10,3,0.3,0.06,24,0,0
106870,290,Apparel - Mens,567.37,8.5,Debit Card,22,7,0.318,0.19,39,0,0
106871,2028,Home & Kitchen,2146.6,6.8,Credit Card,13,4,0.308,0.07,67,0,0
106872,59,Electronics,4856.47,9.1,Debit Card,12,7,0.583,0.09,64,1,1
106873,518,Furniture,9319.07,2.0,Credit Card,12,0,0.0,0.11,2,1,0
106874,200,Electronics,2360.94,7.3,UPI,11,2,0.182,0.09,10,1,0
106875,964,Beauty,1390.62,9.9,COD,12,1,0.083,0.05,91,1,0
106876,496,Apparel - Womens,1067.66,4.1,COD,10,4,0.4,0.28,25,0,1
106877,417,Apparel - Mens,1571.71,10.1,UPI,10,2,0.2,0.19,10,1,0
106878,376,Electronics,5081.97,8.5,UPI,9,1,0.111,0.09,55,1,0
106879,128,Apparel - Womens,640.91,11.8,Debit Card,14,8,0.571,0.28,30,2,0
106880,1374,Apparel - Womens,2141.82,3.9,Netbanking,10,0,0.0,0.28,13,0,0
106881,1278,Apparel - Mens,742.0,28.0,Credit Card,15,2,0.133,0.19,30,0,0
106882,547,Apparel - Womens,2313.56,14.3,UPI,14,0,0.0,0.28,2,1,0
106883,41,Footwear,1922.0,26.5,COD,9,3,0.333,0.24,36,1,0
106884,311,Electronics,6665.08,14.8,Netbanking,15,1,0.067,0.09,38,1,0
106885,2179,Home & Kitchen,1412.13,17.8,UPI,14,3,0.214,0.07,5,1,0
106886,284,Mobile Accessories,496.01,12.2,Netbanking,16,6,0.375,0.06,36,2,0
106887,1415,Electronics,7533.53,3.8,UPI,12,3,0.25,0.09,19,1,1
106888,1024,Apparel - Womens,1850.14,16.2,UPI,14,2,0.143,0.28,61,1,0
106889,245,Apparel - Mens,1878.37,33.4,Debit Card,15,3,0.2,0.19,4,0,0
106890,2073,Electronics,9512.12,2.3,COD,16,8,0.5,0.09,5,1,1
106891,1971,Apparel - Mens,1580.8,8.4,UPI,8,4,0.5,0.19,56,0,0
106892,422,Mobile Accessories,764.78,3.0,COD,15,2,0.133,0.06,10,0,0
106893,1022,Apparel - Womens,1022.91,2.6,Credit Card,8,3,0.375,0.28,19,0,1
106894,1201,Beauty,702.64,8.4,UPI,10,1,0.1,0.05,20,0,0
106895,1706,Apparel - Womens,2320.37,7.5,COD,12,5,0.417,0.28,11,1,1
106896,6,Electronics,7601.13,7.3,Debit Card,11,2,0.182,0.09,66,1,0
106897,890,Beauty,1159.49,11.1,UPI,10,3,0.3,0.05,32,0,0
106898,911,Apparel - Womens,1640.33,0.8,Credit Card,18,2,0.111,0.28,25,0,0
106899,440,Mobile Accessories,656.14,2.6,COD,13,9,0.692,0.06,21,1,0
106900,2099,Home & Kitchen,2835.21,5.8,Debit Card,16,3,0.188,0.07,8,0,0
106901,86,Apparel - Mens,1050.92,4.2,COD,11,1,0.091,0.19,5,1,0
106902,499,Furniture,11936.98,18.0,Debit Card,17,2,0.118,0.11,26,1,0
106903,138,Furniture,10540.01,3.0,Credit Card,11,1,0.091,0.11,3,2,0
106904,864,Furniture,17038.4,2.3,Credit Card,11,5,0.455,0.11,6,0,1
106905,1118,Apparel - Mens,2417.72,12.0,UPI,13,2,0.154,0.19,127,2,1
106906,527,Home & Kitchen,2783.95,13.8,Netbanking,16,5,0.312,0.07,12,0,0
106907,1946,Furniture,14945.29,4.1,Debit Card,12,3,0.25,0.11,32,2,0
106908,232,Footwear,1920.87,11.8,Credit Card,11,4,0.364,0.24,25,1,1
106909,513,Apparel - Womens,1441.45,14.6,COD,13,0,0.0,0.28,0,2,1
106910,34,Apparel - Womens,1342.41,20.1,Credit Card,13,1,0.077,0.28,4,2,1
106911,1591,Home & Kitchen,2110.66,21.9,UPI,10,6,0.6,0.07,12,1,1
106912,954,Home & Kitchen,3950.96,5.7,UPI,8,1,0.125,0.07,10,0,0
106913,2151,Apparel - Mens,1045.16,13.8,Debit Card,13,1,0.077,0.19,147,2,0
106914,307,Apparel - Mens,2029.08,9.5,Credit Card,11,3,0.273,0.19,34,0,0
106915,1212,Apparel - Womens,1427.06,12.4,UPI,10,1,0.1,0.28,3,5,0
106916,961,Footwear,1863.35,18.7,UPI,14,0,0.0,0.24,19,0,0
106917,1861,Footwear,1711.21,3.8,UPI,21,1,0.048,0.24,83,0,0
106918,1173,Electronics,3629.95,11.9,Credit Card,11,0,0.0,0.09,2,0,0
106919,413,Electronics,7074.51,3.7,UPI,8,0,0.0,0.09,193,2,0
106920,1043,Electronics,5971.88,0.9,Debit Card,12,3,0.25,0.09,59,1,0
106921,2110,Electronics,7960.67,7.8,Credit Card,10,0,0.0,0.09,19,1,0
106922,1679,Beauty,1087.44,12.4,UPI,10,4,0.4,0.05,28,1,0
106923,1086,Electronics,11021.6,14.8,Debit Card,8,0,0.0,0.09,8,1,0
106924,49,Beauty,562.25,28.7,UPI,14,0,0.0,0.05,27,1,1
106925,1719,Home & Kitchen,1325.71,21.0,UPI,7,1,0.143,0.07,42,0,0
106926,992,Apparel - Womens,2817.68,5.0,UPI,14,2,0.143,0.28,77,2,1
106927,1810,Mobile Accessories,746.97,2.6,UPI,15,6,0.4,0.06,60,0,0
106928,1436,Home & Kitchen,1334.49,17.5,Credit Card,10,4,0.4,0.07,57,3,1
106929,371,Apparel - Mens,761.92,9.6,UPI,15,1,0.067,0.19,171,1,0
106930,322,Electronics,7500.77,1.5,Debit Card,16,3,0.188,0.09,3,1,0
106931,544,Home & Kitchen,1989.53,3.9,UPI,13,7,0.538,0.07,27,1,1
106932,149,Mobile Accessories,758.82,29.6,COD,10,0,0.0,0.06,72,1,1
106933,339,Furniture,7522.87,7.7,COD,16,0,0.0,0.11,18,0,0
106934,231,Apparel - Womens,714.07,7.5,UPI,9,2,0.222,0.28,171,1,1
106935,1938,Beauty,1346.1,9.5,UPI,12,5,0.417,0.05,54,0,0
106936,1095,Footwear,2796.67,5.8,Credit Card,15,3,0.2,0.24,3,3,0
106937,1397,Furniture,3787.38,2.4,UPI,14,4,0.286,0.11,49,1,0
106938,1399,Mobile Accessories,452.42,39.8,Debit Card,12,5,0.417,0.06,196,4,0
106939,2100,Home & Kitchen,2530.22,5.5,Credit Card,9,1,0.111,0.07,47,1,0
106940,849,Mobile Accessories,1174.47,17.4,COD,13,0,0.0,0.06,28,1,0
106941,706,Electronics,7291.25,16.5,UPI,16,6,0.375,0.09,8,2,1
106942,789,Home & Kitchen,533.71,3.8,Credit Card,18,4,0.222,0.07,29,2,0
106943,959,Mobile Accessories,654.15,7.3,Credit Card,10,3,0.3,0.06,22,0,0
106944,1887,Apparel - Womens,1548.02,10.1,COD,10,0,0.0,0.28,50,2,0
106945,7,Footwear,2328.95,19.9,COD,15,4,0.267,0.24,14,1,0
106946,770,Electronics,11819.17,18.5,UPI,16,0,0.0,0.09,21,0,0
106947,88,Apparel - Womens,1686.57,8.6,COD,19,7,0.368,0.28,0,0,0
106948,1146,Apparel - Mens,2409.61,8.4,Debit Card,12,4,0.333,0.19,21,0,0
106949,938,Mobile Accessories,694.36,22.8,COD,10,5,0.5,0.06,0,0,0
106950,454,Mobile Accessories,150.0,6.7,UPI,12,0,0.0,0.06,33,3,0
106951,1196,Home & Kitchen,1884.99,5.2,Credit Card,17,2,0.118,0.07,60,4,0
106952,437,Footwear,1609.6,5.7,COD,8,1,0.125,0.24,36,2,1
106953,1248,Mobile Accessories,891.15,15.5,Debit Card,9,0,0.0,0.06,13,1,0
106954,647,Home & Kitchen,3083.53,10.3,Credit Card,14,5,0.357,0.07,118,1,1
106955,692,Beauty,1618.29,8.6,Debit Card,13,6,0.462,0.05,39,0,0
106956,155,Mobile Accessories,846.56,7.8,UPI,13,0,0.0,0.06,21,0,0
106957,610,Apparel - Womens,1987.42,8.2,Credit Card,9,1,0.111,0.28,21,1,0
106958,1144,Apparel - Mens,1651.99,0.9,UPI,15,0,0.0,0.19,85,1,1
106959,1647,Footwear,1329.98,3.3,UPI,9,0,0.0,0.24,7,1,0
106960,204,Beauty,936.59,12.7,Debit Card,9,0,0.0,0.05,22,3,0
106961,992,Home & Kitchen,862.12,21.8,UPI,14,2,0.143,0.07,9,0,0
106962,2116,Apparel - Womens,847.03,10.9,Credit Card,11,3,0.273,0.28,9,2,1
106963,701,Home & Kitchen,3002.07,3.5,Credit Card,10,2,0.2,0.07,69,2,0
106964,1771,Footwear,2742.08,0.6,Credit Card,15,0,0.0,0.24,3,2,0
106965,2175,Furniture,5567.66,6.8,COD,15,6,0.4,0.11,34,3,0
106966,608,Electronics,4186.52,21.4,UPI,11,3,0.273,0.09,18,2,1
106967,870,Furniture,15587.7,23.6,UPI,12,2,0.167,0.11,26,1,0
106968,1928,Furniture,10995.24,8.7,Credit Card,18,1,0.056,0.11,30,1,0
106969,240,Apparel - Mens,878.6,8.7,Credit Card,11,0,0.0,0.19,80,3,1
106970,1484,Electronics,7712.6,4.1,UPI,6,1,0.167,0.09,75,5,0
106971,1030,Apparel - Mens,1394.42,17.7,Credit Card,12,1,0.083,0.19,29,2,0
106972,924,Furniture,14458.93,7.6,Credit Card,11,2,0.182,0.11,26,1,0
106973,1029,Furniture,8008.49,5.8,Credit Card,15,1,0.067,0.11,11,1,0
106974,1931,Mobile Accessories,877.34,3.1,COD,9,0,0.0,0.06,25,0,0
106975,173,Footwear,4916.34,5.3,COD,13,2,0.154,0.24,6,2,0
106976,296,Footwear,2288.86,1.2,Debit Card,11,0,0.0,0.24,117,3,0
106977,1980,Mobile Accessories,713.6,9.9,UPI,11,1,0.091,0.06,15,0,0
106978,1273,Apparel - Womens,1679.2,20.7,COD,12,5,0.417,0.28,10,2,1
106979,1499,Apparel - Mens,1420.8,8.6,Credit Card,13,1,0.077,0.19,118,0,0
106980,1040,Mobile Accessories,279.27,14.4,Credit Card,18,8,0.444,0.06,11,1,0
106981,1174,Mobile Accessories,864.25,14.8,UPI,18,6,0.333,0.06,50,0,0
106982,1707,Electronics,5338.93,23.0,Netbanking,9,0,0.0,0.09,19,0,0
106983,298,Footwear,3430.89,5.1,COD,11,2,0.182,0.24,3,1,0
106984,1033,Electronics,8224.69,4.0,Credit Card,19,1,0.053,0.09,0,2,0
106985,295,Beauty,1675.57,8.0,Credit Card,11,0,0.0,0.05,76,1,0
106986,265,Electronics,8758.05,17.5,Netbanking,14,0,0.0,0.09,21,1,0
106987,1064,Footwear,1129.43,11.4,COD,11,3,0.273,0.24,7,1,1
106988,870,Electronics,4102.73,14.9,UPI,12,2,0.167,0.09,52,1,0
106989,2157,Mobile Accessories,520.23,4.7,Debit Card,13,1,0.077,0.06,84,1,0
106990,237,Electronics,11882.83,9.6,COD,13,4,0.308,0.09,22,1,1
106991,493,Footwear,902.64,10.7,COD,18,6,0.333,0.24,1,2,0
106992,1829,Apparel - Womens,2023.71,0.3,Debit Card,7,2,0.286,0.28,53,0,0
106993,1708,Footwear,2070.41,25.4,Debit Card,12,4,0.333,0.24,79,3,1
106994,1008,Apparel - Mens,1592.73,10.5,COD,7,3,0.429,0.19,164,1,1
106995,868,Home & Kitchen,1945.98,8.6,UPI,14,5,0.357,0.07,25,1,0
106996,1395,Furniture,10045.56,12.2,UPI,15,3,0.2,0.11,39,2,0
106997,717,Mobile Accessories,1050.78,5.5,UPI,7,1,0.143,0.06,60,0,0
106998,12,Electronics,4815.04,13.2,UPI,12,2,0.167,0.09,6,0,0
106999,1248,Footwear,2487.01,21.9,Credit Card,9,0,0.0,0.24,37,2,0
107000,508,Beauty,1724.64,7.8,Credit Card,12,2,0.167,0.05,60,3,0
107001,1635,Home & Kitchen,1267.34,18.8,Debit Card,15,5,0.333,0.07,65,1,0
107002,904,Apparel - Mens,2094.6,18.2,UPI,11,3,0.273,0.19,40,2,0
107003,807,Apparel - Womens,1935.36,5.1,COD,12,1,0.083,0.28,15,3,0
107004,2150,Furniture,14515.6,32.3,UPI,12,1,0.083,0.11,6,0,0
107005,1624,Beauty,701.2,20.8,COD,8,1,0.125,0.05,41,1,0
107006,1925,Furniture,5752.99,11.4,Netbanking,10,6,0.6,0.11,1,2,0
107007,2048,Apparel - Mens,1756.16,9.2,UPI,14,7,0.5,0.19,29,1,0
107008,101,Furniture,8754.52,7.6,Netbanking,13,2,0.154,0.11,4,1,0
107009,1385,Home & Kitchen,3046.5,8.0,Debit Card,8,2,0.25,0.07,50,0,0
107010,755,Home & Kitchen,2582.52,7.9,Netbanking,15,3,0.2,0.07,19,1,0
107011,2024,Beauty,612.91,5.4,UPI,12,3,0.25,0.05,20,0,0
107012,469,Home & Kitchen,2998.03,8.6,Credit Card,8,1,0.125,0.07,26,0,0
107013,601,Beauty,1426.39,7.7,UPI,12,4,0.333,0.05,4,2,1
107014,1585,Apparel - Womens,1584.06,22.5,Credit Card,13,3,0.231,0.28,0,0,1
107015,2127,Footwear,1817.21,6.9,Debit Card,11,1,0.091,0.24,45,0,0
107016,106,Apparel - Womens,531.23,12.1,Credit Card,13,3,0.231,0.28,14,2,0
107017,2063,Apparel - Womens,2508.84,10.3,UPI,5,0,0.0,0.28,46,1,0
107018,1173,Furniture,7477.5,21.5,COD,11,0,0.0,0.11,85,1,0
107019,1300,Footwear,2134.89,11.7,Credit Card,12,0,0.0,0.24,32,0,0
107020,565,Electronics,7112.7,5.7,Netbanking,11,3,0.273,0.09,28,2,0
107021,1718,Footwear,2424.93,22.0,UPI,13,0,0.0,0.24,171,2,0
107022,1583,Electronics,7074.29,27.3,Debit Card,10,2,0.2,0.09,51,1,0
107023,890,Beauty,912.16,4.6,Debit Card,10,3,0.3,0.05,72,2,0
107024,1961,Beauty,555.1,10.6,COD,14,4,0.286,0.05,48,4,0
107025,1631,Furniture,4543.74,4.1,UPI,15,7,0.467,0.11,6,1,1
107026,1628,Footwear,3013.06,5.9,COD,11,2,0.182,0.24,43,0,0
107027,734,Mobile Accessories,790.51,21.7,Debit Card,14,6,0.429,0.06,31,0,1
107028,382,Beauty,799.95,6.1,Credit Card,13,2,0.154,0.05,11,1,0
107029,1949,Furniture,3439.62,17.5,Credit Card,14,2,0.143,0.11,17,0,0
107030,1829,Beauty,1080.84,13.7,Credit Card,7,2,0.286,0.05,1,0,1
107031,342,Beauty,1004.34,13.4,UPI,14,1,0.071,0.05,23,1,0
107032,1192,Mobile Accessories,899.75,9.6,COD,12,0,0.0,0.06,74,0,0
107033,127,Mobile Accessories,555.17,19.9,Debit Card,10,1,0.1,0.06,17,1,0
107034,995,Mobile Accessories,286.06,19.8,Credit Card,10,0,0.0,0.06,6,1,0
107035,1289,Apparel - Mens,1672.77,2.8,Credit Card,10,0,0.0,0.19,1,2,0
107036,1312,Home & Kitchen,3372.41,11.5,Debit Card,11,4,0.364,0.07,22,0,0
107037,773,Home & Kitchen,2328.57,7.7,COD,15,3,0.2,0.07,27,0,0
107038,1104,Footwear,2218.82,8.3,COD,9,1,0.111,0.24,5,3,0
107039,2036,Electronics,4277.6,14.2,COD,15,1,0.067,0.09,100,0,0
107040,1869,Beauty,1446.55,12.2,Credit Card,10,0,0.0,0.05,2,0,0
107041,337,Furniture,10984.39,22.2,UPI,16,2,0.125,0.11,15,0,0
107042,1855,Apparel - Womens,1743.03,9.0,Credit Card,12,4,0.333,0.28,0,1,0
107043,38,Mobile Accessories,636.8,6.9,UPI,13,1,0.077,0.06,8,2,0
107044,460,Electronics,8201.18,4.9,Credit Card,13,2,0.154,0.09,71,1,0
107045,268,Footwear,3032.62,2.8,UPI,15,2,0.133,0.24,22,3,0
107046,46,Apparel - Mens,1837.51,25.5,Credit Card,13,1,0.077,0.19,13,4,1
107047,354,Apparel - Womens,2536.17,16.2,COD,13,4,0.308,0.28,36,0,0
107048,1978,Furniture,2958.26,16.8,Netbanking,16,2,0.125,0.11,8,1,0
107049,933,Furniture,13141.42,18.5,Credit Card,11,4,0.364,0.11,6,2,0
107050,2132,Mobile Accessories,1052.29,5.2,UPI,13,5,0.385,0.06,37,1,0
107051,528,Footwear,2018.18,12.5,Debit Card,7,0,0.0,0.24,3,1,1
107052,737,Home & Kitchen,2822.53,28.7,Netbanking,15,3,0.2,0.07,33,1,0
107053,1803,Apparel - Mens,1650.9,26.8,UPI,16,2,0.125,0.19,71,1,0
107054,1639,Apparel - Mens,1243.31,4.2,Credit Card,8,2,0.25,0.19,9,3,0
107055,1116,Apparel - Mens,1405.03,12.8,Debit Card,16,2,0.125,0.19,10,2,0
107056,837,Furniture,10910.76,4.2,UPI,10,1,0.1,0.11,12,1,0
107057,2194,Mobile Accessories,605.92,21.0,UPI,7,1,0.143,0.06,0,1,1
107058,1051,Electronics,7241.9,14.3,Debit Card,13,4,0.308,0.09,18,1,0
107059,1272,Beauty,886.16,5.9,Credit Card,12,0,0.0,0.05,1,1,0
107060,555,Mobile Accessories,382.41,9.6,Credit Card,11,0,0.0,0.06,26,2,0
107061,638,Furniture,11199.86,0.5,Credit Card,19,15,0.789,0.11,4,2,1
107062,119,Apparel - Mens,2076.37,3.3,UPI,9,1,0.111,0.19,154,0,0
107063,1278,Apparel - Womens,3567.29,4.9,Credit Card,15,2,0.133,0.28,24,5,1
107064,14,Footwear,3200.36,19.5,COD,10,0,0.0,0.24,55,0,0
107065,493,Home & Kitchen,1454.67,18.1,UPI,18,6,0.333,0.07,98,1,0
107066,1817,Mobile Accessories,587.92,4.9,Netbanking,14,2,0.143,0.06,3,2,0
107067,1130,Mobile Accessories,1127.81,19.5,Debit Card,17,0,0.0,0.06,23,0,0
107068,630,Furniture,9270.63,24.5,COD,6,2,0.333,0.11,48,2,0
107069,1411,Mobile Accessories,547.88,5.8,Credit Card,14,1,0.071,0.06,43,1,0
107070,22,Electronics,9379.3,15.4,Credit Card,15,1,0.067,0.09,59,1,0
107071,2074,Furniture,6225.51,9.5,COD,12,1,0.083,0.11,95,0,0
107072,965,Beauty,892.25,4.2,UPI,10,0,0.0,0.05,24,4,0
107073,1092,Footwear,641.09,7.2,UPI,10,0,0.0,0.24,33,2,0
107074,372,Electronics,9657.82,4.3,COD,12,3,0.25,0.09,78,1,0
107075,258,Home & Kitchen,2434.91,4.0,Debit Card,14,7,0.5,0.07,52,0,0
107076,1695,Footwear,1444.95,14.4,COD,12,3,0.25,0.24,9,4,1
107077,2117,Home & Kitchen,3343.98,2.9,Credit Card,16,3,0.188,0.07,38,2,0
107078,604,Home & Kitchen,2401.87,7.1,COD,11,3,0.273,0.07,26,1,1
107079,25,Footwear,1080.3,4.2,Credit Card,11,1,0.091,0.24,56,2,1
107080,808,Mobile Accessories,289.98,19.8,Debit Card,14,0,0.0,0.06,35,1,0
107081,763,Apparel - Womens,2408.49,12.0,UPI,12,0,0.0,0.28,48,1,0
107082,1758,Apparel - Womens,2486.0,8.0,COD,8,1,0.125,0.28,121,3,0
107083,2059,Apparel - Mens,2239.26,11.7,Debit Card,16,0,0.0,0.19,26,2,0
107084,556,Beauty,731.57,3.6,UPI,14,3,0.214,0.05,11,1,0
107085,1050,Electronics,7029.61,9.3,Credit Card,15,12,0.8,0.09,16,1,1
107086,1406,Footwear,2617.06,2.6,UPI,11,4,0.364,0.24,60,5,1
107087,1074,Beauty,1104.75,6.2,COD,15,2,0.133,0.05,107,2,0
107088,2001,Beauty,1469.14,9.5,Netbanking,11,1,0.091,0.05,19,1,0
107089,956,Electronics,4998.0,11.2,COD,7,1,0.143,0.09,20,2,0
107090,1023,Home & Kitchen,1722.3,6.5,Debit Card,8,3,0.375,0.07,2,0,0
107091,308,Electronics,11720.77,25.4,Credit Card,13,1,0.077,0.09,24,1,0
107092,1169,Home & Kitchen,227.01,4.2,Credit Card,9,1,0.111,0.07,22,0,0
107093,549,Home & Kitchen,3758.13,28.1,UPI,7,1,0.143,0.07,7,2,0
107094,991,Home & Kitchen,1868.83,11.7,UPI,15,0,0.0,0.07,61,2,0
107095,603,Home & Kitchen,1092.18,4.2,UPI,12,4,0.333,0.07,21,0,0
107096,676,Footwear,3062.71,14.2,UPI,12,1,0.083,0.24,17,0,0
107097,426,Apparel - Mens,1780.71,23.3,UPI,10,5,0.5,0.19,75,1,0
107098,1684,Electronics,7417.0,25.4,Netbanking,10,3,0.3,0.09,1,4,0
107099,627,Apparel - Mens,2711.93,8.1,Credit Card,9,2,0.222,0.19,15,4,1
107100,1064,Mobile Accessories,593.53,8.1,UPI,11,3,0.273,0.06,53,0,0
107101,2105,Electronics,7213.03,12.8,UPI,16,12,0.75,0.09,24,0,1
107102,610,Footwear,2075.79,12.8,UPI,9,1,0.111,0.24,39,0,0
107103,1164,Beauty,1596.81,2.5,UPI,15,2,0.133,0.05,1,1,0
107104,1653,Home & Kitchen,2712.12,0.9,Credit Card,13,1,0.077,0.07,72,0,0
107105,954,Apparel - Mens,1184.53,9.6,COD,8,1,0.125,0.19,24,1,0
107106,2140,Apparel - Mens,1011.74,2.2,UPI,13,2,0.154,0.19,61,1,0
107107,1807,Apparel - Womens,2059.36,3.5,COD,14,3,0.214,0.28,67,1,0
107108,1388,Mobile Accessories,470.7,6.7,UPI,9,0,0.0,0.06,21,1,0
107109,519,Mobile Accessories,1512.38,11.7,Credit Card,9,0,0.0,0.06,8,2,0
107110,2190,Beauty,404.17,25.3,UPI,11,1,0.091,0.05,27,0,1
107111,1725,Mobile Accessories,719.63,26.9,UPI,7,0,0.0,0.06,96,1,0
107112,678,Apparel - Womens,2318.8,10.0,COD,15,5,0.333,0.28,10,1,0
107113,1088,Apparel - Womens,1651.94,8.1,UPI,14,2,0.143,0.28,9,2,0
107114,548,Mobile Accessories,677.78,16.2,Credit Card,16,4,0.25,0.06,9,1,0
107115,1370,Mobile Accessories,545.01,3.9,Debit Card,6,2,0.333,0.06,0,1,0
107116,242,Footwear,1065.98,13.8,UPI,11,0,0.0,0.24,28,1,1
107117,510,Apparel - Mens,1150.06,1.3,UPI,18,5,0.278,0.19,47,0,0
107118,2025,Apparel - Womens,2280.68,2.1,UPI,9,0,0.0,0.28,10,0,0
107119,668,Apparel - Womens,2347.14,10.4,Credit Card,19,1,0.053,0.28,15,0,0
107120,2099,Furniture,10312.65,1.7,UPI,16,3,0.188,0.11,4,5,0
107121,1964,Electronics,7762.39,3.8,UPI,12,1,0.083,0.09,104,1,0
107122,470,Electronics,2717.16,3.1,Netbanking,7,4,0.571,0.09,16,2,0
107123,1976,Home & Kitchen,268.47,9.0,UPI,9,0,0.0,0.07,8,1,1
107124,1064,Electronics,5608.62,8.6,Credit Card,11,3,0.273,0.09,76,1,0
107125,1982,Apparel - Womens,2086.96,9.9,COD,9,1,0.111,0.28,11,0,0
107126,1005,Apparel - Womens,2430.44,6.0,Debit Card,9,2,0.222,0.28,3,1,0
107127,1124,Apparel - Womens,1731.62,14.4,UPI,12,4,0.333,0.28,28,0,0
107128,817,Apparel - Mens,2432.13,4.8,UPI,11,3,0.273,0.19,27,4,0
107129,12,Apparel - Womens,2242.4,9.2,UPI,12,2,0.167,0.28,24,1,0
107130,1007,Furniture,9160.89,8.8,UPI,12,1,0.083,0.11,3,1,1
107131,961,Mobile Accessories,754.78,19.0,UPI,14,0,0.0,0.06,23,0,0
107132,841,Mobile Accessories,1300.05,12.4,UPI,9,0,0.0,0.06,26,3,0
107133,554,Beauty,361.85,2.9,COD,18,5,0.278,0.05,8,3,0
107134,839,Footwear,1947.93,5.0,COD,10,0,0.0,0.24,25,3,0
107135,474,Home & Kitchen,1941.49,5.4,Debit Card,10,0,0.0,0.07,15,0,0
107136,599,Mobile Accessories,723.92,10.5,Credit Card,9,3,0.333,0.06,53,4,0
107137,830,Apparel - Mens,2301.87,6.1,Debit Card,12,2,0.167,0.19,199,3,1
107138,420,Footwear,2452.68,8.6,UPI,10,1,0.1,0.24,72,2,0
107139,938,Electronics,7420.12,1.4,COD,10,5,0.5,0.09,29,1,0
107140,1630,Beauty,1453.27,7.3,Credit Card,16,2,0.125,0.05,11,2,1
107141,469,Apparel - Womens,1925.25,1.7,UPI,8,1,0.125,0.28,18,1,0
107142,215,Mobile Accessories,1096.08,14.9,COD,9,6,0.667,0.06,16,2,0
107143,1846,Beauty,844.93,9.8,UPI,15,9,0.6,0.05,95,0,0
107144,684,Apparel - Mens,2835.92,33.4,COD,12,0,0.0,0.19,49,3,0
107145,268,Furniture,7985.49,16.4,Credit Card,15,2,0.133,0.11,52,0,0
107146,80,Furniture,12724.52,6.0,UPI,9,5,0.556,0.11,67,0,0
107147,379,Apparel - Mens,1350.9,1.6,Credit Card,12,4,0.333,0.19,43,0,0
107148,352,Electronics,7165.37,5.4,Credit Card,12,1,0.083,0.09,12,2,0
107149,2166,Furniture,6227.0,1.5,UPI,10,0,0.0,0.11,38,0,0
107150,32,Apparel - Womens,2791.93,1.5,UPI,14,5,0.357,0.28,3,2,1
107151,2045,Mobile Accessories,473.17,10.3,Credit Card,12,0,0.0,0.06,3,1,0
107152,674,Beauty,909.23,3.1,COD,10,4,0.4,0.05,116,0,0
107153,134,Home & Kitchen,1155.84,6.5,COD,6,1,0.167,0.07,21,2,0
107154,557,Electronics,7504.76,9.3,Credit Card,17,0,0.0,0.09,8,1,0
107155,764,Beauty,1240.54,8.6,Credit Card,15,6,0.4,0.05,21,2,1
107156,1872,Mobile Accessories,309.28,23.5,Credit Card,11,1,0.091,0.06,35,1,0
107157,1603,Apparel - Womens,2426.64,10.7,UPI,10,3,0.3,0.28,12,0,1
107158,1802,Apparel - Mens,2462.46,6.3,Credit Card,16,2,0.125,0.19,10,1,0
107159,615,Apparel - Womens,1750.12,20.8,COD,12,4,0.333,0.28,117,3,1
107160,1135,Apparel - Womens,1582.03,13.8,COD,9,0,0.0,0.28,73,3,0
107161,851,Apparel - Womens,1758.84,9.7,Debit Card,16,6,0.375,0.28,13,0,0
107162,35,Apparel - Mens,1640.15,2.1,UPI,13,4,0.308,0.19,15,2,0
107163,1996,Electronics,2694.15,13.6,Debit Card,12,0,0.0,0.09,8,1,0
107164,200,Electronics,6512.72,7.2,Credit Card,11,2,0.182,0.09,48,3,0
107165,49,Electronics,9005.84,11.6,Credit Card,14,0,0.0,0.09,2,0,0
107166,197,Beauty,983.66,28.9,Debit Card,19,2,0.105,0.05,11,0,0
107167,2058,Beauty,1583.13,21.8,UPI,14,3,0.214,0.05,8,0,0
107168,465,Apparel - Womens,1535.62,9.0,COD,10,3,0.3,0.28,82,3,0
107169,575,Apparel - Mens,1122.33,1.2,Debit Card,14,3,0.214,0.19,28,1,0
107170,337,Apparel - Womens,2510.59,2.8,Credit Card,16,2,0.125,0.28,29,1,0
107171,185,Mobile Accessories,924.57,27.6,UPI,13,4,0.308,0.06,34,4,0
107172,1118,Footwear,2596.27,1.1,COD,13,2,0.154,0.24,37,0,0
107173,1522,Furniture,8380.91,6.1,UPI,12,1,0.083,0.11,44,2,0
107174,435,Apparel - Womens,2588.28,8.2,UPI,6,0,0.0,0.28,29,2,0
107175,1083,Apparel - Womens,1257.47,2.0,COD,18,5,0.278,0.28,107,0,1
107176,1335,Apparel - Mens,1967.65,7.3,Credit Card,17,2,0.118,0.19,21,1,1
107177,2145,Beauty,918.7,10.5,Credit Card,16,0,0.0,0.05,128,1,0
107178,1863,Footwear,3890.87,21.6,UPI,11,2,0.182,0.24,5,3,1
107179,726,Apparel - Mens,2129.13,12.0,Credit Card,10,3,0.3,0.19,10,1,0
107180,1731,Mobile Accessories,301.73,15.8,Netbanking,10,2,0.2,0.06,12,1,0
107181,1086,Apparel - Womens,911.29,1.3,Netbanking,8,0,0.0,0.28,169,1,0
107182,188,Mobile Accessories,988.92,8.6,COD,11,1,0.091,0.06,47,1,0
107183,859,Home & Kitchen,4183.1,24.3,UPI,10,3,0.3,0.07,31,1,0
107184,1247,Beauty,942.94,19.9,COD,8,2,0.25,0.05,9,0,0
107185,1739,Beauty,1771.82,8.3,COD,13,4,0.308,0.05,50,2,0
107186,1962,Home & Kitchen,2982.73,15.5,Debit Card,8,0,0.0,0.07,0,1,0
107187,1538,Apparel - Mens,1298.89,16.1,UPI,9,1,0.111,0.19,96,2,1
107188,1974,Mobile Accessories,1075.52,9.3,COD,12,1,0.083,0.06,145,1,0
107189,1992,Furniture,1625.34,15.0,Netbanking,10,0,0.0,0.11,8,3,0
107190,159,Home & Kitchen,2130.28,12.6,COD,15,3,0.2,0.07,63,2,0
107191,81,Furniture,15138.95,13.4,COD,14,2,0.143,0.11,45,4,0
107192,627,Furniture,6202.63,11.1,Credit Card,9,2,0.222,0.11,12,1,0
107193,147,Electronics,5935.83,9.4,UPI,6,1,0.167,0.09,25,1,0
107194,1864,Footwear,1866.53,7.4,Credit Card,14,7,0.5,0.24,72,2,0
107195,1203,Furniture,9817.14,14.0,COD,17,2,0.118,0.11,25,0,0
107196,1512,Apparel - Mens,736.25,27.3,COD,9,0,0.0,0.19,65,1,0
107197,1293,Mobile Accessories,845.01,8.9,UPI,11,2,0.182,0.06,11,0,0
107198,1237,Footwear,2432.73,22.3,Credit Card,13,4,0.308,0.24,31,1,1
107199,1252,Footwear,1003.53,4.4,COD,10,4,0.4,0.24,22,1,1
107200,279,Beauty,150.0,14.7,COD,20,0,0.0,0.05,22,2,0
107201,1259,Electronics,7511.54,3.4,UPI,11,1,0.091,0.09,5,1,0
107202,958,Beauty,782.87,3.8,COD,11,2,0.182,0.05,11,2,0
107203,456,Furniture,4083.44,13.5,Credit Card,13,0,0.0,0.11,0,1,0
107204,943,Home & Kitchen,2847.15,15.3,UPI,12,0,0.0,0.07,69,2,0
107205,412,Home & Kitchen,2297.52,11.9,UPI,13,1,0.077,0.07,14,1,0
107206,1131,Apparel - Mens,1914.72,12.4,COD,10,3,0.3,0.19,1,0,1
107207,173,Electronics,4990.28,5.0,UPI,13,2,0.154,0.09,31,1,0
107208,1709,Home & Kitchen,3616.41,5.2,UPI,13,1,0.077,0.07,27,4,0
107209,660,Electronics,11463.56,22.2,UPI,7,1,0.143,0.09,2,3,0
107210,1088,Apparel - Womens,1758.34,7.3,Credit Card,14,2,0.143,0.28,13,0,0
107211,357,Electronics,4165.74,6.7,UPI,15,2,0.133,0.09,109,1,0
107212,1357,Beauty,1281.87,25.5,UPI,15,2,0.133,0.05,39,0,0
107213,1292,Apparel - Mens,2281.18,10.7,Credit Card,7,0,0.0,0.19,4,2,0
107214,1977,Home & Kitchen,3410.63,9.5,UPI,12,1,0.083,0.07,40,1,0
107215,915,Apparel - Womens,2154.0,10.5,UPI,7,4,0.571,0.28,27,1,1
107216,59,Furniture,9529.37,7.3,Credit Card,12,7,0.583,0.11,3,3,0
107217,262,Home & Kitchen,1139.77,9.8,Credit Card,11,5,0.455,0.07,119,0,0
107218,953,Home & Kitchen,2714.67,6.2,Debit Card,14,0,0.0,0.07,199,1,0
107219,1820,Home & Kitchen,2767.62,4.9,Credit Card,7,1,0.143,0.07,24,1,0
107220,853,Apparel - Womens,1432.81,6.6,COD,10,0,0.0,0.28,38,0,0
107221,416,Furniture,13981.63,12.4,Netbanking,10,1,0.1,0.11,13,0,0
107222,104,Furniture,11379.47,7.4,COD,6,0,0.0,0.11,26,1,0
107223,1240,Footwear,2487.83,3.7,UPI,12,3,0.25,0.24,77,1,0
107224,721,Apparel - Womens,212.58,19.9,COD,11,0,0.0,0.28,79,2,1
107225,1614,Apparel - Mens,2134.18,6.6,COD,13,3,0.231,0.19,13,3,1
107226,17,Footwear,3154.11,4.5,Debit Card,9,0,0.0,0.24,36,1,0
107227,1943,Beauty,973.34,8.4,Debit Card,12,0,0.0,0.05,44,0,0
107228,1684,Electronics,5031.51,6.4,Debit Card,10,3,0.3,0.09,59,1,0
107229,1226,Apparel - Mens,1856.45,1.0,UPI,11,7,0.636,0.19,55,1,0
107230,1079,Apparel - Womens,2106.81,13.8,Credit Card,12,3,0.25,0.28,31,1,0
107231,2067,Furniture,12472.47,2.8,Debit Card,11,4,0.364,0.11,80,2,0
107232,1758,Apparel - Womens,2514.77,5.2,UPI,8,1,0.125,0.28,25,3,0
107233,1776,Furniture,5099.13,10.1,Debit Card,11,3,0.273,0.11,5,0,0
107234,148,Beauty,1272.36,24.4,UPI,13,1,0.077,0.05,8,1,0
107235,831,Mobile Accessories,847.21,7.0,Credit Card,7,0,0.0,0.06,7,0,0
107236,122,Electronics,6889.89,7.5,COD,6,1,0.167,0.09,14,0,0
107237,1705,Furniture,6087.42,3.2,Debit Card,10,0,0.0,0.11,23,0,0
107238,1391,Electronics,6213.3,11.4,Credit Card,9,4,0.444,0.09,7,0,0
107239,1105,Apparel - Mens,636.17,35.9,Credit Card,11,1,0.091,0.19,0,0,1
107240,401,Electronics,6978.37,22.7,Credit Card,7,0,0.0,0.09,66,1,0
107241,437,Furniture,14294.76,17.3,Debit Card,8,1,0.125,0.11,22,1,0
107242,395,Beauty,1016.38,2.2,Credit Card,9,1,0.111,0.05,54,1,0
107243,1409,Beauty,1194.65,8.5,COD,10,1,0.1,0.05,113,2,0
107244,706,Apparel - Womens,1251.37,12.9,UPI,16,6,0.375,0.28,32,1,0
107245,1077,Footwear,4851.9,1.9,COD,9,1,0.111,0.24,6,3,0
107246,574,Apparel - Womens,3092.19,3.0,COD,8,1,0.125,0.28,57,1,1
107247,381,Apparel - Mens,2381.57,2.7,Netbanking,12,3,0.25,0.19,69,1,0
107248,646,Beauty,1166.45,12.7,Credit Card,12,1,0.083,0.05,47,1,0
107249,135,Beauty,1029.62,35.1,Credit Card,9,1,0.111,0.05,10,1,0
107250,1938,Footwear,1931.2,24.2,Credit Card,12,5,0.417,0.24,21,1,1
107251,1044,Home & Kitchen,1454.1,35.3,Credit Card,12,3,0.25,0.07,40,2,0
107252,2181,Apparel - Mens,2143.81,23.0,UPI,14,0,0.0,0.19,34,2,0
107253,2012,Footwear,3087.75,13.2,COD,11,3,0.273,0.24,27,2,0
107254,1377,Home & Kitchen,2326.31,12.7,Credit Card,12,0,0.0,0.07,95,1,0
107255,2179,Electronics,4706.73,5.5,Netbanking,14,3,0.214,0.09,4,0,0
107256,262,Home & Kitchen,1232.8,22.7,Credit Card,11,5,0.455,0.07,26,1,1
107257,749,Electronics,10261.12,26.1,Credit Card,12,2,0.167,0.09,4,1,0
107258,2105,Footwear,2717.08,13.6,Credit Card,16,12,0.75,0.24,16,0,0
107259,1437,Apparel - Womens,1720.52,11.0,Credit Card,12,2,0.167,0.28,23,5,0
107260,394,Home & Kitchen,1144.82,2.9,Credit Card,16,5,0.312,0.07,11,1,0
107261,997,Electronics,10650.43,7.7,Debit Card,11,1,0.091,0.09,1,5,0
107262,422,Home & Kitchen,2569.29,3.5,COD,15,2,0.133,0.07,60,0,0
107263,791,Apparel - Womens,1955.7,16.5,UPI,12,0,0.0,0.28,9,1,0
107264,1689,Apparel - Mens,1230.71,19.4,COD,16,3,0.188,0.19,62,5,0
107265,1764,Beauty,1042.11,19.6,COD,13,2,0.154,0.05,8,2,1
107266,2190,Furniture,7766.31,9.5,COD,11,1,0.091,0.11,26,1,0
107267,1834,Mobile Accessories,951.21,31.5,UPI,13,3,0.231,0.06,12,2,0
107268,1555,Electronics,5181.8,27.0,UPI,9,2,0.222,0.09,62,4,0
107269,253,Footwear,1014.47,15.5,UPI,9,1,0.111,0.24,26,1,1
107270,2168,Furniture,17935.41,3.1,Credit Card,13,7,0.538,0.11,12,2,1
107271,2148,Home & Kitchen,1803.43,2.6,UPI,12,3,0.25,0.07,46,0,1
107272,1993,Beauty,1247.32,7.6,COD,8,1,0.125,0.05,41,0,0
107273,1621,Mobile Accessories,1485.44,13.3,Credit Card,11,0,0.0,0.06,6,0,0
107274,10,Mobile Accessories,929.97,19.0,UPI,9,4,0.444,0.06,19,1,0
107275,1967,Apparel - Mens,1136.74,4.7,Credit Card,10,0,0.0,0.19,20,2,0
107276,106,Apparel - Mens,864.64,7.9,UPI,13,3,0.231,0.19,4,3,0
107277,1376,Beauty,1183.47,35.0,Credit Card,18,5,0.278,0.05,16,2,0
107278,2153,Apparel - Womens,468.69,4.1,COD,12,5,0.417,0.28,30,1,0
107279,257,Furniture,919.54,14.3,COD,14,0,0.0,0.11,6,1,0
107280,1694,Home & Kitchen,2097.1,13.6,UPI,9,2,0.222,0.07,26,0,0
107281,1273,Furniture,11542.48,8.7,COD,12,5,0.417,0.11,7,1,1
107282,1769,Electronics,6391.16,17.7,Debit Card,18,4,0.222,0.09,39,1,0
107283,402,Beauty,1021.12,4.6,Credit Card,6,2,0.333,0.05,19,4,1
107284,1498,Home & Kitchen,1689.49,6.3,Credit Card,13,1,0.077,0.07,94,0,0
107285,2096,Home & Kitchen,4051.18,4.5,UPI,11,3,0.273,0.07,12,0,0
107286,2003,Apparel - Mens,2039.42,7.0,UPI,11,0,0.0,0.19,31,1,0
107287,464,Beauty,566.86,25.9,COD,8,2,0.25,0.05,81,2,0
107288,595,Footwear,4110.7,20.7,Credit Card,15,0,0.0,0.24,40,1,0
107289,2159,Furniture,9336.87,22.8,COD,12,2,0.167,0.11,32,0,0
107290,54,Mobile Accessories,677.27,15.8,Debit Card,14,3,0.214,0.06,94,2,0
107291,1380,Apparel - Womens,1399.86,10.5,COD,12,2,0.167,0.28,13,1,0
107292,565,Footwear,3766.43,8.4,Debit Card,11,3,0.273,0.24,3,1,0
107293,183,Footwear,2584.19,20.0,UPI,12,1,0.083,0.24,5,1,1
107294,2127,Beauty,490.68,21.2,Credit Card,11,1,0.091,0.05,40,1,0
107295,273,Apparel - Mens,1039.48,9.9,COD,13,5,0.385,0.19,39,1,0
107296,2068,Mobile Accessories,556.11,11.6,COD,17,0,0.0,0.06,0,1,0
107297,1211,Beauty,1154.61,13.0,UPI,11,5,0.455,0.05,129,1,1
107298,1437,Home & Kitchen,819.7,5.2,UPI,12,2,0.167,0.07,54,2,0
107299,296,Mobile Accessories,565.65,7.4,COD,11,0,0.0,0.06,37,3,0
107300,1752,Beauty,581.92,4.9,COD,14,1,0.071,0.05,47,1,0
107301,1887,Footwear,2697.31,27.3,Netbanking,10,0,0.0,0.24,1,0,0
107302,816,Apparel - Mens,2170.31,0.4,COD,15,2,0.133,0.19,18,0,0
107303,1,Apparel - Mens,1886.53,11.5,Debit Card,8,4,0.5,0.19,28,0,0
107304,1411,Footwear,1309.2,13.4,UPI,14,1,0.071,0.24,162,1,1
107305,353,Beauty,963.74,8.6,UPI,13,3,0.231,0.05,29,0,0
107306,1083,Apparel - Mens,318.96,14.1,UPI,18,5,0.278,0.19,36,1,0
107307,709,Furniture,9052.93,5.3,UPI,13,6,0.462,0.11,3,1,0
107308,2176,Apparel - Mens,1994.54,31.7,Credit Card,10,2,0.2,0.19,6,2,0
107309,338,Furniture,1198.89,23.6,Debit Card,9,2,0.222,0.11,20,1,0
107310,2109,Footwear,2629.26,2.2,Debit Card,14,1,0.071,0.24,40,0,1
107311,424,Furniture,12570.99,10.7,Netbanking,12,2,0.167,0.11,4,0,0
107312,224,Electronics,6069.43,13.4,UPI,9,1,0.111,0.09,8,3,0
107313,275,Furniture,5322.47,6.3,Debit Card,8,1,0.125,0.11,19,1,0
107314,1558,Footwear,2770.33,27.4,Debit Card,14,0,0.0,0.24,19,0,0
107315,1104,Apparel - Womens,1095.36,12.3,Credit Card,9,1,0.111,0.28,1,1,1
107316,2062,Beauty,1084.26,3.2,Netbanking,11,3,0.273,0.05,18,3,1
107317,1932,Home & Kitchen,1395.14,5.2,COD,16,1,0.062,0.07,0,1,0
107318,355,Electronics,5393.5,15.0,UPI,15,3,0.2,0.09,20,1,0
107319,444,Footwear,3135.8,8.4,UPI,15,1,0.067,0.24,10,3,0
107320,1936,Apparel - Mens,1978.42,16.7,Debit Card,12,3,0.25,0.19,27,0,0
107321,1795,Furniture,8386.13,16.3,COD,16,3,0.188,0.11,25,0,0
107322,1030,Beauty,1093.3,5.3,UPI,12,1,0.083,0.05,42,2,0
107323,1771,Mobile Accessories,825.29,10.8,Netbanking,15,0,0.0,0.06,13,1,0
107324,1132,Footwear,1571.41,6.1,COD,11,2,0.182,0.24,0,1,0
107325,1088,Footwear,2580.77,0.9,Netbanking,14,2,0.143,0.24,24,1,1
107326,892,Electronics,8533.61,3.2,UPI,17,7,0.412,0.09,34,1,1
107327,774,Footwear,1964.53,8.4,COD,9,4,0.444,0.24,23,3,1
107328,1035,Footwear,3572.27,5.8,UPI,11,1,0.091,0.24,28,1,0
107329,1876,Footwear,3529.11,15.6,UPI,6,1,0.167,0.24,11,0,1
107330,150,Apparel - Mens,515.18,24.1,UPI,12,0,0.0,0.19,24,1,0
107331,177,Footwear,4058.09,24.6,Debit Card,14,4,0.286,0.24,45,1,1
107332,1249,Home & Kitchen,1353.06,7.5,Netbanking,10,2,0.2,0.07,5,1,0
107333,133,Footwear,2993.88,12.0,Credit Card,15,3,0.2,0.24,86,0,0
107334,990,Apparel - Womens,787.17,15.5,UPI,12,1,0.083,0.28,75,1,0
107335,2076,Electronics,7408.32,17.9,COD,12,3,0.25,0.09,24,0,0
107336,1625,Beauty,1362.72,7.4,Debit Card,13,1,0.077,0.05,12,1,0
107337,1855,Furniture,13928.7,8.8,UPI,12,4,0.333,0.11,56,2,0
107338,1934,Furniture,538.37,14.8,UPI,16,4,0.25,0.11,77,1,0
107339,1185,Footwear,3304.19,7.6,UPI,12,1,0.083,0.24,9,0,0
107340,475,Apparel - Mens,1561.88,8.7,UPI,16,8,0.5,0.19,72,0,1
107341,1084,Electronics,7332.9,14.3,UPI,17,6,0.353,0.09,69,0,1
107342,1936,Mobile Accessories,716.71,37.5,UPI,12,3,0.25,0.06,83,0,0
107343,1622,Apparel - Womens,1248.43,6.0,UPI,10,1,0.1,0.28,39,2,0
107344,1187,Apparel - Mens,1915.76,1.5,UPI,8,0,0.0,0.19,6,2,0
107345,407,Mobile Accessories,1163.3,16.0,UPI,16,4,0.25,0.06,22,1,0
107346,1466,Electronics,6554.07,14.9,Credit Card,12,3,0.25,0.09,16,0,0
107347,1624,Footwear,2678.4,17.3,Credit Card,8,1,0.125,0.24,3,0,1
107348,488,Electronics,5150.78,19.6,Debit Card,13,1,0.077,0.09,7,0,0
107349,1136,Mobile Accessories,316.78,13.7,UPI,14,1,0.071,0.06,1,0,0
107350,358,Footwear,1151.12,27.8,UPI,18,5,0.278,0.24,87,2,0
107351,687,Furniture,6284.79,16.4,COD,7,3,0.429,0.11,35,0,1
107352,1312,Beauty,963.16,3.7,Credit Card,11,4,0.364,0.05,20,0,0
107353,1430,Footwear,2071.86,12.1,UPI,10,0,0.0,0.24,98,0,0
107354,874,Furniture,13150.85,13.7,Credit Card,14,4,0.286,0.11,53,0,1
107355,1918,Home & Kitchen,2020.01,5.9,Credit Card,16,1,0.062,0.07,23,0,0
107356,1095,Apparel - Mens,2149.16,6.1,COD,15,3,0.2,0.19,48,1,1
107357,1983,Furniture,14719.12,20.7,COD,15,2,0.133,0.11,49,3,0
107358,1958,Footwear,2386.62,13.3,Credit Card,12,2,0.167,0.24,4,2,0
107359,1263,Footwear,3704.19,4.2,UPI,13,2,0.154,0.24,31,1,0
107360,1500,Apparel - Mens,1707.7,23.1,Debit Card,13,0,0.0,0.19,29,2,0
107361,724,Home & Kitchen,1555.11,19.0,Credit Card,14,0,0.0,0.07,16,1,0
107362,760,Furniture,7580.26,3.5,COD,7,0,0.0,0.11,92,2,0
107363,994,Apparel - Mens,1672.79,3.0,COD,13,0,0.0,0.19,19,0,0
107364,1518,Footwear,3181.13,13.5,UPI,11,7,0.636,0.24,24,0,1
107365,208,Mobile Accessories,483.21,6.3,Debit Card,15,5,0.333,0.06,6,0,0
107366,2186,Electronics,10481.8,22.7,UPI,16,1,0.062,0.09,7,2,0
107367,788,Furniture,11217.57,11.6,UPI,14,0,0.0,0.11,8,0,0
107368,1672,Home & Kitchen,2209.27,20.2,Netbanking,18,3,0.167,0.07,13,1,0
107369,1246,Footwear,1430.48,5.3,UPI,20,4,0.2,0.24,31,0,0
107370,2037,Apparel - Mens,2052.72,12.7,Debit Card,13,4,0.308,0.19,42,1,0
107371,2161,Apparel - Womens,1261.24,2.1,Credit Card,14,0,0.0,0.28,15,0,1
107372,622,Electronics,8471.57,5.0,Credit Card,12,1,0.083,0.09,42,0,0
107373,289,Apparel - Mens,2886.77,11.7,Netbanking,10,1,0.1,0.19,15,1,0
107374,255,Apparel - Mens,1886.38,4.6,COD,14,0,0.0,0.19,9,0,0
107375,624,Apparel - Mens,1870.73,9.1,UPI,13,5,0.385,0.19,5,4,1
107376,1582,Furniture,10361.38,6.1,Netbanking,13,0,0.0,0.11,18,1,0
107377,722,Furniture,3520.34,25.3,COD,10,1,0.1,0.11,41,2,0
107378,1995,Apparel - Womens,1371.53,4.2,UPI,13,0,0.0,0.28,1,1,0
107379,1229,Footwear,2430.87,1.8,Debit Card,20,5,0.25,0.24,39,1,0
107380,1767,Electronics,4476.99,8.5,Netbanking,15,4,0.267,0.09,12,1,0
107381,832,Electronics,4795.39,20.6,Debit Card,5,1,0.2,0.09,0,1,0
107382,1402,Home & Kitchen,1503.77,23.5,Debit Card,14,5,0.357,0.07,0,1,0
107383,1726,Beauty,341.63,3.3,Netbanking,15,1,0.067,0.05,0,0,0
107384,234,Home & Kitchen,3051.5,12.1,UPI,14,0,0.0,0.07,21,1,0
107385,1654,Home & Kitchen,1504.53,12.9,UPI,16,1,0.062,0.07,6,2,0
107386,1810,Apparel - Mens,1138.64,32.5,UPI,15,6,0.4,0.19,10,3,0
107387,1862,Home & Kitchen,2080.04,22.9,Credit Card,17,0,0.0,0.07,28,1,0
107388,1524,Apparel - Womens,1832.67,5.3,UPI,13,1,0.077,0.28,41,4,1
107389,2007,Furniture,13612.76,19.2,Netbanking,12,5,0.417,0.11,0,1,0
107390,2058,Apparel - Womens,2498.86,17.6,UPI,14,3,0.214,0.28,9,0,0
107391,897,Electronics,6952.15,15.1,UPI,16,4,0.25,0.09,8,2,0
107392,273,Apparel - Womens,2212.56,18.2,UPI,13,5,0.385,0.28,75,1,0
107393,1373,Beauty,1236.22,9.5,Credit Card,18,4,0.222,0.05,90,0,1
107394,1338,Furniture,150.0,5.9,UPI,7,2,0.286,0.11,58,1,1
107395,144,Home & Kitchen,1383.07,11.1,Credit Card,9,2,0.222,0.07,7,1,0
107396,841,Footwear,3064.34,4.8,Debit Card,9,0,0.0,0.24,37,0,0
107397,373,Beauty,609.97,8.4,COD,14,3,0.214,0.05,6,2,0
107398,2165,Beauty,687.96,4.9,COD,12,1,0.083,0.05,15,0,0
107399,1584,Apparel - Mens,1873.68,8.6,Debit Card,9,4,0.444,0.19,20,0,1
107400,1674,Furniture,7993.41,9.8,UPI,11,2,0.182,0.11,27,1,0
107401,1537,Beauty,717.89,5.3,Credit Card,9,8,0.889,0.05,18,0,0
107402,1584,Furniture,9765.08,4.4,UPI,9,4,0.444,0.11,141,0,0
107403,1703,Footwear,1149.3,12.5,COD,6,2,0.333,0.24,25,2,0
107404,14,Apparel - Womens,3163.37,20.7,UPI,10,0,0.0,0.28,42,2,0
107405,357,Apparel - Womens,1582.97,14.3,Credit Card,15,2,0.133,0.28,49,2,0
107406,1884,Apparel - Womens,2012.46,9.8,COD,13,5,0.385,0.28,101,0,1
107407,1352,Mobile Accessories,381.59,16.3,Credit Card,16,5,0.312,0.06,121,0,0
107408,103,Apparel - Mens,1972.2,9.1,UPI,11,0,0.0,0.19,125,0,0
107409,1483,Apparel - Womens,1261.85,30.5,COD,8,3,0.375,0.28,9,1,1
107410,962,Home & Kitchen,1908.99,3.9,UPI,13,0,0.0,0.07,9,1,0
107411,1096,Beauty,1126.88,1.6,UPI,14,2,0.143,0.05,32,2,1
107412,130,Furniture,8838.07,9.6,Credit Card,12,1,0.083,0.11,0,0,0
107413,1639,Apparel - Mens,735.59,31.1,Debit Card,8,2,0.25,0.19,4,0,0
107414,2187,Beauty,504.88,6.4,UPI,14,1,0.071,0.05,40,1,0
107415,2069,Electronics,7661.32,14.8,Credit Card,12,3,0.25,0.09,22,2,0
107416,1805,Electronics,6628.05,1.3,COD,19,2,0.105,0.09,60,0,0
107417,1064,Apparel - Womens,1133.86,10.6,Debit Card,11,3,0.273,0.28,6,0,1
107418,1130,Mobile Accessories,507.75,22.8,COD,17,0,0.0,0.06,1,3,0
107419,1078,Furniture,12206.61,14.4,Credit Card,13,4,0.308,0.11,54,0,1
107420,128,Home & Kitchen,928.89,10.9,COD,14,8,0.571,0.07,82,2,0
107421,67,Apparel - Womens,759.93,7.5,COD,7,1,0.143,0.28,12,2,0
107422,1123,Furniture,10263.63,14.0,Credit Card,7,2,0.286,0.11,4,3,1
107423,1497,Furniture,4392.36,16.4,COD,17,3,0.176,0.11,21,0,0
107424,419,Home & Kitchen,2763.21,4.2,UPI,9,2,0.222,0.07,58,2,0
107425,1228,Electronics,7008.13,5.8,COD,13,4,0.308,0.09,37,2,0
107426,1580,Electronics,8620.53,20.4,UPI,9,1,0.111,0.09,15,0,0
107427,1676,Electronics,5780.58,10.5,Credit Card,11,5,0.455,0.09,3,0,0
107428,1511,Apparel - Womens,1866.71,3.1,UPI,10,1,0.1,0.28,9,0,0
107429,690,Furniture,7033.78,0.3,COD,9,6,0.667,0.11,48,3,0
107430,821,Electronics,9675.46,8.7,Netbanking,13,2,0.154,0.09,37,0,0
107431,1282,Mobile Accessories,980.67,20.8,UPI,10,0,0.0,0.06,55,1,0
107432,996,Footwear,1768.42,8.3,COD,5,1,0.2,0.24,57,5,0
107433,101,Mobile Accessories,869.39,6.4,UPI,13,2,0.154,0.06,0,1,0
107434,1633,Footwear,1311.22,28.4,Credit Card,12,1,0.083,0.24,11,1,0
107435,225,Beauty,723.22,14.7,COD,8,1,0.125,0.05,60,0,0
107436,1811,Beauty,1113.61,5.4,COD,9,4,0.444,0.05,25,0,0
107437,833,Beauty,1084.44,0.6,COD,14,4,0.286,0.05,2,2,0
107438,852,Mobile Accessories,493.87,6.9,UPI,13,0,0.0,0.06,3,2,0
107439,403,Footwear,3944.34,12.7,UPI,17,2,0.118,0.24,14,1,1
107440,1326,Home & Kitchen,2774.49,5.9,COD,17,7,0.412,0.07,64,0,0
107441,1997,Footwear,1739.78,9.9,COD,19,0,0.0,0.24,33,0,1
107442,838,Apparel - Womens,1320.32,8.8,UPI,13,3,0.231,0.28,18,0,1
107443,2153,Mobile Accessories,869.66,15.0,UPI,12,5,0.417,0.06,7,2,1
107444,124,Home & Kitchen,2459.62,28.1,Credit Card,13,0,0.0,0.07,15,0,0
107445,1058,Footwear,3699.43,29.0,UPI,13,3,0.231,0.24,2,0,1
107446,733,Apparel - Mens,2149.6,9.2,UPI,11,2,0.182,0.19,36,1,0
107447,716,Apparel - Mens,2300.03,0.4,UPI,12,2,0.167,0.19,1,1,0
107448,598,Electronics,6025.33,0.6,COD,19,5,0.263,0.09,15,1,0
107449,8,Beauty,634.37,12.7,Credit Card,16,0,0.0,0.05,12,1,1
107450,1433,Mobile Accessories,241.01,4.4,Debit Card,16,1,0.062,0.06,10,0,0
107451,1448,Apparel - Womens,2489.01,3.5,Credit Card,17,1,0.059,0.28,2,0,0
107452,1141,Apparel - Mens,2170.22,28.5,UPI,18,3,0.167,0.19,9,0,0
107453,341,Mobile Accessories,655.87,2.2,Credit Card,7,0,0.0,0.06,7,1,0
107454,580,Furniture,11560.2,29.7,COD,6,1,0.167,0.11,42,0,0
107455,450,Mobile Accessories,983.81,19.1,UPI,14,4,0.286,0.06,5,2,0
107456,1334,Apparel - Womens,2756.18,8.9,Credit Card,8,4,0.5,0.28,51,1,1
107457,1477,Mobile Accessories,1143.67,6.3,Credit Card,10,3,0.3,0.06,60,0,0
107458,385,Footwear,1793.69,20.6,Credit Card,11,1,0.091,0.24,34,0,0
107459,163,Beauty,1242.31,4.7,COD,16,0,0.0,0.05,6,3,0
107460,1958,Home & Kitchen,837.62,24.3,Netbanking,12,2,0.167,0.07,0,1,0
107461,1245,Furniture,13358.16,27.2,COD,16,1,0.062,0.11,54,1,0
107462,495,Furniture,12211.01,3.4,COD,15,0,0.0,0.11,44,1,0
107463,1829,Home & Kitchen,2719.31,22.6,Credit Card,7,2,0.286,0.07,11,0,0
107464,465,Mobile Accessories,465.53,4.5,COD,10,3,0.3,0.06,15,2,0
107465,310,Home & Kitchen,3479.77,9.7,Credit Card,13,0,0.0,0.07,71,2,0
107466,1092,Mobile Accessories,458.13,18.2,COD,10,0,0.0,0.06,31,3,0
107467,1849,Mobile Accessories,857.6,13.7,Credit Card,9,1,0.111,0.06,36,2,0
107468,10,Electronics,10026.95,0.4,COD,9,4,0.444,0.09,0,3,1
107469,909,Furniture,10868.59,8.5,COD,17,2,0.118,0.11,11,1,0
107470,236,Apparel - Mens,1535.43,0.5,UPI,12,4,0.333,0.19,19,0,0
107471,879,Footwear,1688.59,10.4,UPI,15,5,0.333,0.24,26,0,1
107472,125,Footwear,3370.11,4.9,COD,13,1,0.077,0.24,59,1,0
107473,109,Furniture,8122.95,20.0,COD,12,6,0.5,0.11,33,3,1
107474,140,Electronics,6458.35,23.9,Credit Card,7,1,0.143,0.09,87,1,0
107475,78,Footwear,1944.05,10.5,Credit Card,6,1,0.167,0.24,2,0,0
107476,739,Mobile Accessories,685.04,12.1,Debit Card,7,1,0.143,0.06,42,5,0
107477,1041,Electronics,7580.92,7.4,Debit Card,12,1,0.083,0.09,3,1,0
107478,1702,Apparel - Womens,341.91,19.3,Netbanking,16,5,0.312,0.28,47,1,0
107479,183,Mobile Accessories,161.81,3.2,Debit Card,12,1,0.083,0.06,3,0,0
107480,1351,Electronics,5184.61,9.0,Credit Card,8,3,0.375,0.09,43,1,0
107481,2043,Furniture,10281.33,0.9,COD,17,1,0.059,0.11,5,2,0
107482,999,Footwear,4354.76,31.4,COD,11,1,0.091,0.24,1,0,0
107483,676,Beauty,962.78,17.5,UPI,12,1,0.083,0.05,43,0,0
107484,2113,Furniture,4728.44,21.7,UPI,12,0,0.0,0.11,6,4,0
107485,90,Beauty,1694.69,11.5,UPI,11,5,0.455,0.05,3,1,0
107486,847,Mobile Accessories,355.93,6.0,Netbanking,12,0,0.0,0.06,42,2,0
107487,1433,Mobile Accessories,495.33,8.2,UPI,16,1,0.062,0.06,155,0,0
107488,486,Apparel - Womens,2338.93,21.9,UPI,12,0,0.0,0.28,29,1,1
107489,1404,Apparel - Mens,1442.56,20.2,UPI,12,4,0.333,0.19,6,2,1
107490,563,Beauty,1103.11,7.9,Debit Card,11,1,0.091,0.05,38,0,0
107491,303,Footwear,2190.1,16.6,COD,11,2,0.182,0.24,27,0,0
107492,340,Home & Kitchen,2862.77,13.0,COD,11,1,0.091,0.07,11,2,1
107493,657,Home & Kitchen,807.58,20.7,COD,11,1,0.091,0.07,7,0,0
107494,1084,Electronics,6746.81,5.2,Credit Card,17,6,0.353,0.09,19,2,0
107495,1874,Furniture,4865.94,11.5,Credit Card,12,1,0.083,0.11,14,1,0
107496,2180,Footwear,3424.59,4.3,UPI,13,0,0.0,0.24,26,0,0
107497,1911,Home & Kitchen,2417.75,2.9,Credit Card,11,2,0.182,0.07,34,3,0
107498,1254,Beauty,410.67,13.7,UPI,10,3,0.3,0.05,34,1,0
107499,864,Apparel - Womens,1567.17,4.0,UPI,11,5,0.455,0.28,3,0,0
107500,381,Furniture,10581.67,15.5,Credit Card,12,3,0.25,0.11,36,1,0
107501,1528,Electronics,6837.73,13.5,UPI,10,1,0.1,0.09,2,1,0
107502,532,Apparel - Mens,2644.26,30.3,COD,16,3,0.188,0.19,3,0,0
107503,441,Apparel - Womens,2038.62,9.5,COD,12,0,0.0,0.28,128,1,0
107504,1016,Home & Kitchen,2583.42,14.5,Netbanking,12,2,0.167,0.07,7,2,0
107505,1574,Home & Kitchen,1181.58,6.0,UPI,9,0,0.0,0.07,2,0,0
107506,1035,Footwear,3762.56,12.3,COD,11,1,0.091,0.24,0,0,1
107507,563,Electronics,10278.94,2.2,Debit Card,11,1,0.091,0.09,30,2,1
107508,1651,Mobile Accessories,1181.31,2.4,UPI,6,0,0.0,0.06,34,1,0
107509,1552,Footwear,3418.28,2.3,Netbanking,13,1,0.077,0.24,21,2,0
107510,398,Furniture,12861.21,8.0,COD,16,2,0.125,0.11,90,2,0
107511,221,Beauty,587.0,7.2,Netbanking,14,5,0.357,0.05,18,2,0
107512,1307,Electronics,9207.03,9.1,Credit Card,12,5,0.417,0.09,16,1,0
107513,1028,Mobile Accessories,1005.84,43.0,UPI,7,2,0.286,0.06,22,1,1
107514,1522,Footwear,2623.27,14.1,Credit Card,12,1,0.083,0.24,35,1,0
107515,2084,Beauty,923.78,12.3,UPI,10,3,0.3,0.05,0,1,1
107516,107,Home & Kitchen,1985.18,14.4,UPI,12,4,0.333,0.07,12,4,1
107517,75,Electronics,8742.24,10.5,Debit Card,6,5,0.833,0.09,72,2,1
107518,1240,Beauty,694.45,6.6,UPI,12,3,0.25,0.05,30,1,1
107519,390,Apparel - Womens,814.94,1.5,Debit Card,14,3,0.214,0.28,17,1,1
107520,1943,Mobile Accessories,1490.3,3.2,UPI,12,0,0.0,0.06,52,0,0
107521,1880,Apparel - Womens,1330.4,3.5,Debit Card,13,3,0.231,0.28,27,1,1
107522,1583,Mobile Accessories,632.0,24.4,Credit Card,10,2,0.2,0.06,82,1,1
107523,760,Footwear,3006.55,16.3,UPI,7,0,0.0,0.24,36,2,0
107524,109,Mobile Accessories,359.69,4.7,Netbanking,12,6,0.5,0.06,7,1,0
107525,1196,Apparel - Womens,2279.18,17.9,Credit Card,17,2,0.118,0.28,45,0,0
107526,2062,Furniture,8241.7,16.3,UPI,11,3,0.273,0.11,27,1,0
107527,1014,Mobile Accessories,712.97,14.6,Credit Card,13,3,0.231,0.06,66,4,0
107528,1376,Apparel - Womens,1424.9,15.3,Credit Card,18,5,0.278,0.28,34,1,0
107529,190,Apparel - Womens,518.7,21.8,Credit Card,16,7,0.438,0.28,19,0,0
107530,37,Electronics,6599.05,5.7,Debit Card,13,0,0.0,0.09,2,1,0
107531,2194,Electronics,4370.61,1.9,UPI,7,1,0.143,0.09,0,0,0
107532,2022,Beauty,468.49,35.3,COD,17,1,0.059,0.05,47,2,0
107533,125,Footwear,2772.48,11.6,COD,13,1,0.077,0.24,25,3,0
107534,1444,Home & Kitchen,1120.54,20.1,UPI,14,3,0.214,0.07,18,1,0
107535,2102,Beauty,1370.52,19.3,UPI,8,0,0.0,0.05,124,1,0
107536,1368,Apparel - Mens,2173.3,10.2,UPI,16,3,0.188,0.19,72,0,0
107537,797,Home & Kitchen,3553.0,18.6,UPI,9,0,0.0,0.07,56,3,0
107538,676,Apparel - Womens,2694.71,12.0,UPI,12,1,0.083,0.28,58,1,0
107539,1990,Home & Kitchen,2471.19,0.9,COD,13,4,0.308,0.07,53,2,0
107540,777,Beauty,913.92,12.5,Credit Card,12,3,0.25,0.05,15,4,0
107541,2056,Beauty,903.63,12.2,Credit Card,7,1,0.143,0.05,85,1,0
107542,664,Mobile Accessories,716.31,29.2,COD,10,0,0.0,0.06,34,1,0
107543,1190,Mobile Accessories,496.79,11.6,UPI,16,1,0.062,0.06,18,1,0
107544,1283,Furniture,10201.12,8.4,Debit Card,11,2,0.182,0.11,24,0,0
107545,1598,Beauty,1211.81,7.7,Credit Card,12,4,0.333,0.05,83,1,0
107546,1458,Electronics,9732.73,21.3,UPI,13,0,0.0,0.09,9,2,0
107547,1655,Mobile Accessories,440.79,12.6,Credit Card,8,1,0.125,0.06,99,0,0
107548,821,Beauty,935.79,2.8,Netbanking,13,2,0.154,0.05,59,1,0
107549,1877,Beauty,225.21,10.9,UPI,12,3,0.25,0.05,62,1,0
107550,299,Footwear,2587.74,29.0,UPI,11,2,0.182,0.24,12,0,0
107551,289,Apparel - Womens,1522.59,14.6,Credit Card,10,1,0.1,0.28,51,0,0
107552,1131,Electronics,10077.56,31.7,UPI,10,3,0.3,0.09,9,4,0
107553,1084,Beauty,498.69,1.2,Credit Card,17,6,0.353,0.05,6,2,1
107554,719,Beauty,814.49,22.7,Credit Card,17,2,0.118,0.05,145,2,0
107555,2101,Furniture,6961.01,24.4,Credit Card,7,0,0.0,0.11,41,0,0
107556,1635,Electronics,5695.16,16.7,COD,15,5,0.333,0.09,62,0,0
107557,1815,Footwear,1398.54,21.1,UPI,8,1,0.125,0.24,19,1,0
107558,1227,Mobile Accessories,869.88,19.2,UPI,17,2,0.118,0.06,12,2,0
107559,10,Apparel - Mens,150.0,31.5,UPI,9,4,0.444,0.19,35,1,1
107560,1244,Furniture,12551.31,15.6,COD,15,4,0.267,0.11,18,3,1
107561,1445,Footwear,1560.43,25.0,Debit Card,4,1,0.25,0.24,10,0,0
107562,1099,Footwear,2703.48,28.0,Credit Card,11,2,0.182,0.24,6,1,0
107563,1717,Beauty,221.96,15.5,Netbanking,7,1,0.143,0.05,2,0,0
107564,596,Mobile Accessories,785.04,13.8,Netbanking,11,0,0.0,0.06,4,3,0
107565,1140,Apparel - Womens,1427.3,5.0,UPI,9,0,0.0,0.28,9,2,0
107566,993,Electronics,6196.11,17.2,Debit Card,9,1,0.111,0.09,3,1,0
107567,544,Apparel - Mens,1897.21,9.6,COD,13,7,0.538,0.19,20,1,1
107568,1378,Home & Kitchen,887.1,1.2,UPI,17,5,0.294,0.07,5,2,0
107569,1357,Footwear,1512.26,18.5,Credit Card,15,2,0.133,0.24,20,3,1
107570,1016,Apparel - Womens,1214.78,30.4,COD,12,2,0.167,0.28,15,2,1
107571,193,Apparel - Womens,1312.33,17.2,Netbanking,18,1,0.056,0.28,42,1,0
107572,1436,Electronics,3778.09,0.8,Credit Card,10,4,0.4,0.09,2,0,0
107573,1073,Home & Kitchen,1052.65,3.0,UPI,12,5,0.417,0.07,7,1,0
107574,651,Apparel - Womens,1965.25,3.8,COD,8,0,0.0,0.28,33,1,0
107575,799,Apparel - Womens,2730.42,5.4,Debit Card,10,1,0.1,0.28,108,2,0
107576,22,Apparel - Womens,1621.84,10.6,Credit Card,15,1,0.067,0.28,50,1,0
107577,1894,Furniture,9759.67,3.0,UPI,13,0,0.0,0.11,16,3,0
107578,353,Home & Kitchen,2507.7,7.5,UPI,13,3,0.231,0.07,9,0,0
107579,1813,Mobile Accessories,814.78,1.7,Credit Card,8,3,0.375,0.06,5,1,0
107580,1427,Apparel - Womens,2236.71,16.5,COD,9,0,0.0,0.28,10,1,0
107581,1671,Electronics,869.82,15.5,UPI,12,2,0.167,0.09,26,1,0
107582,1467,Apparel - Womens,1643.89,9.4,COD,13,3,0.231,0.28,13,0,1
107583,1475,Footwear,4454.31,3.1,Credit Card,8,0,0.0,0.24,1,2,0
107584,1229,Home & Kitchen,3239.63,17.0,COD,20,5,0.25,0.07,3,0,0
107585,1920,Electronics,11647.32,19.6,UPI,12,2,0.167,0.09,36,0,0
107586,426,Home & Kitchen,1190.05,2.7,UPI,10,5,0.5,0.07,27,0,0
107587,172,Home & Kitchen,1725.54,1.3,Credit Card,11,2,0.182,0.07,19,3,0
107588,1633,Beauty,859.45,2.8,Credit Card,12,1,0.083,0.05,20,1,0
107589,2036,Footwear,3567.35,3.1,Netbanking,15,1,0.067,0.24,14,3,0
107590,580,Home & Kitchen,2237.36,19.0,Credit Card,6,1,0.167,0.07,20,0,0
107591,231,Apparel - Mens,1502.93,3.3,Netbanking,9,2,0.222,0.19,12,1,1
107592,1509,Apparel - Womens,3264.94,2.9,UPI,8,0,0.0,0.28,36,2,0
107593,109,Electronics,2093.9,4.5,UPI,12,6,0.5,0.09,46,1,1
107594,1523,Mobile Accessories,896.59,21.5,Debit Card,13,6,0.462,0.06,61,1,0
107595,413,Beauty,487.79,3.5,Credit Card,8,0,0.0,0.05,25,1,0
107596,1683,Electronics,6036.97,5.1,Debit Card,19,2,0.105,0.09,5,2,0
107597,57,Electronics,3882.36,13.5,Credit Card,13,1,0.077,0.09,17,3,0
107598,514,Furniture,10186.98,2.9,Debit Card,14,2,0.143,0.11,16,1,0
107599,1283,Apparel - Mens,1356.85,4.3,UPI,11,2,0.182,0.19,80,2,0
107600,674,Furniture,2632.71,7.3,UPI,10,4,0.4,0.11,32,3,0
107601,2066,Mobile Accessories,786.77,0.9,UPI,12,4,0.333,0.06,33,0,0
107602,1099,Apparel - Mens,1818.48,13.7,Debit Card,11,2,0.182,0.19,62,1,0
107603,1766,Home & Kitchen,1843.23,19.9,Credit Card,14,4,0.286,0.07,1,1,0
107604,664,Apparel - Womens,2003.33,15.1,UPI,10,0,0.0,0.28,47,1,0
107605,32,Furniture,5739.85,15.1,UPI,14,5,0.357,0.11,17,1,0
107606,910,Apparel - Womens,2816.95,6.2,UPI,11,4,0.364,0.28,1,0,1
107607,1994,Beauty,1097.83,1.6,UPI,18,3,0.167,0.05,92,1,0
107608,2019,Beauty,1379.02,1.3,Netbanking,10,0,0.0,0.05,1,0,0
107609,1748,Mobile Accessories,564.39,11.4,COD,17,4,0.235,0.06,4,1,0
107610,1803,Furniture,5379.66,2.5,COD,16,2,0.125,0.11,33,3,0
107611,1158,Mobile Accessories,867.3,2.3,Netbanking,12,4,0.333,0.06,69,1,0
107612,1185,Home & Kitchen,2254.3,3.0,UPI,12,1,0.083,0.07,76,1,0
107613,1342,Footwear,3345.18,9.7,COD,15,0,0.0,0.24,30,2,0
107614,275,Electronics,9116.62,23.5,UPI,8,1,0.125,0.09,46,2,0
107615,2145,Footwear,2302.95,16.0,Netbanking,16,0,0.0,0.24,31,0,0
107616,2130,Beauty,383.63,4.3,UPI,10,0,0.0,0.05,42,0,0
107617,2131,Mobile Accessories,881.68,24.6,UPI,11,1,0.091,0.06,1,1,1
107618,247,Beauty,1020.04,8.0,Debit Card,15,1,0.067,0.05,29,1,0
107619,28,Apparel - Womens,1809.68,15.5,UPI,12,1,0.083,0.28,7,4,0
107620,1797,Electronics,8076.89,3.0,COD,13,0,0.0,0.09,90,0,0
107621,1991,Apparel - Womens,1160.92,23.7,COD,8,0,0.0,0.28,109,0,0
107622,587,Mobile Accessories,937.11,12.5,UPI,11,1,0.091,0.06,67,0,0
107623,747,Electronics,4446.37,9.7,COD,14,0,0.0,0.09,12,3,0
107624,256,Home & Kitchen,676.27,15.4,UPI,14,0,0.0,0.07,81,0,0
107625,1743,Apparel - Womens,1952.44,6.7,Credit Card,11,1,0.091,0.28,7,1,0
107626,423,Mobile Accessories,503.59,10.1,COD,13,1,0.077,0.06,4,1,1
107627,163,Beauty,803.48,10.4,UPI,16,0,0.0,0.05,39,1,0
107628,1716,Mobile Accessories,239.85,27.6,COD,11,1,0.091,0.06,15,0,1
107629,2144,Mobile Accessories,548.25,4.2,COD,12,2,0.167,0.06,8,0,0
107630,1471,Footwear,2445.28,19.5,UPI,12,1,0.083,0.24,45,1,0
107631,1795,Furniture,8349.93,25.6,COD,16,3,0.188,0.11,0,0,0
107632,1897,Furniture,12950.77,12.3,Credit Card,11,0,0.0,0.11,0,0,0
107633,1472,Mobile Accessories,625.94,7.7,UPI,11,2,0.182,0.06,9,0,1
107634,675,Apparel - Womens,1096.81,17.7,Credit Card,12,3,0.25,0.28,17,0,0
107635,2156,Electronics,4535.2,26.2,COD,10,2,0.2,0.09,103,5,0
107636,745,Mobile Accessories,480.17,14.3,Debit Card,13,1,0.077,0.06,72,1,0
107637,1755,Footwear,2762.06,7.1,COD,15,0,0.0,0.24,13,0,0
107638,472,Beauty,1182.46,7.5,UPI,9,3,0.333,0.05,27,2,0
107639,759,Footwear,3045.06,10.3,COD,8,1,0.125,0.24,19,3,1
107640,1475,Apparel - Mens,1603.26,14.7,Credit Card,8,0,0.0,0.19,37,1,0
107641,1113,Home & Kitchen,4453.5,11.8,Credit Card,9,1,0.111,0.07,16,4,0
107642,164,Electronics,5309.98,9.6,UPI,14,3,0.214,0.09,65,3,0
107643,1285,Furniture,12148.28,31.6,COD,11,3,0.273,0.11,34,3,0
107644,1969,Furniture,9028.34,13.5,Debit Card,10,4,0.4,0.11,235,3,0
107645,550,Home & Kitchen,2639.71,8.4,UPI,9,1,0.111,0.07,30,0,0
107646,1518,Beauty,323.14,4.9,Credit Card,11,7,0.636,0.05,16,2,0
107647,284,Home & Kitchen,1688.61,13.4,Debit Card,16,6,0.375,0.07,29,0,0
107648,2170,Beauty,395.74,12.8,COD,11,0,0.0,0.05,63,0,0
107649,2008,Footwear,2178.4,4.6,UPI,15,5,0.333,0.24,4,2,0
107650,465,Apparel - Womens,2712.7,6.7,UPI,10,3,0.3,0.28,124,3,1
107651,1070,Electronics,7977.09,10.5,Credit Card,13,1,0.077,0.09,27,2,0
107652,1817,Footwear,1269.2,13.5,Credit Card,14,2,0.143,0.24,49,1,0
107653,1343,Mobile Accessories,808.32,8.2,Netbanking,17,0,0.0,0.06,34,3,0
107654,775,Apparel - Mens,1491.46,12.3,UPI,15,4,0.267,0.19,58,0,1
107655,602,Apparel - Womens,2151.82,4.7,COD,14,4,0.286,0.28,26,2,0
107656,1298,Apparel - Mens,3328.09,0.2,Credit Card,8,1,0.125,0.19,39,1,0
107657,1681,Footwear,2789.41,13.6,Debit Card,14,2,0.143,0.24,103,1,0
107658,1749,Home & Kitchen,3976.96,39.9,COD,8,1,0.125,0.07,60,2,0
107659,1311,Footwear,3379.23,6.9,UPI,11,7,0.636,0.24,1,1,0
107660,479,Apparel - Mens,1564.41,15.5,COD,12,3,0.25,0.19,5,2,0
107661,718,Apparel - Mens,733.41,19.2,Netbanking,6,0,0.0,0.19,3,1,0
107662,603,Beauty,310.44,17.7,Netbanking,12,4,0.333,0.05,45,2,0
107663,235,Apparel - Mens,2399.12,12.5,UPI,9,1,0.111,0.19,57,1,0
107664,1587,Beauty,571.56,6.6,Debit Card,12,1,0.083,0.05,9,3,0
107665,474,Furniture,857.25,6.9,COD,10,0,0.0,0.11,2,0,0
107666,1382,Footwear,1227.97,15.6,UPI,13,4,0.308,0.24,21,1,0
107667,762,Footwear,2554.11,11.5,UPI,14,1,0.071,0.24,67,1,0
107668,800,Beauty,1245.36,1.2,Credit Card,10,2,0.2,0.05,42,2,0
107669,1029,Mobile Accessories,1051.85,8.8,COD,15,1,0.067,0.06,4,0,0
107670,1962,Mobile Accessories,927.77,7.1,Debit Card,8,0,0.0,0.06,3,0,0
107671,2069,Beauty,581.94,4.6,Credit Card,12,3,0.25,0.05,25,2,0
107672,718,Apparel - Womens,1254.24,2.9,UPI,6,0,0.0,0.28,77,2,1
107673,84,Footwear,1607.55,6.2,Netbanking,6,1,0.167,0.24,30,1,0
107674,117,Furniture,6168.71,12.7,UPI,15,2,0.133,0.11,10,1,0
107675,935,Footwear,1832.7,5.8,Debit Card,12,2,0.167,0.24,47,2,0
107676,1851,Apparel - Mens,451.84,23.8,Credit Card,8,3,0.375,0.19,9,1,1
107677,311,Footwear,2083.21,19.7,UPI,15,1,0.067,0.24,21,0,0
107678,784,Electronics,8230.53,15.7,COD,10,2,0.2,0.09,36,3,0
107679,1348,Electronics,10127.56,29.6,Credit Card,11,0,0.0,0.09,6,2,0
107680,369,Apparel - Mens,1341.74,17.6,COD,12,0,0.0,0.19,24,2,0
107681,1571,Apparel - Mens,1538.51,19.4,Netbanking,13,0,0.0,0.19,41,0,0
107682,1993,Beauty,894.62,10.4,Credit Card,8,1,0.125,0.05,9,2,0
107683,47,Apparel - Womens,1630.71,15.3,Debit Card,8,1,0.125,0.28,12,1,0
107684,29,Electronics,6034.06,13.0,Credit Card,10,1,0.1,0.09,33,1,0
107685,1801,Home & Kitchen,1648.48,0.9,COD,20,1,0.05,0.07,57,1,0
107686,1826,Beauty,773.67,23.4,UPI,11,0,0.0,0.05,1,3,0
107687,1618,Apparel - Womens,1683.25,6.8,UPI,10,1,0.1,0.28,4,2,1
107688,1748,Home & Kitchen,2564.72,21.6,Debit Card,17,4,0.235,0.07,23,2,0
107689,592,Footwear,3629.67,6.2,Credit Card,15,3,0.2,0.24,20,0,0
107690,766,Apparel - Womens,460.04,7.9,UPI,9,1,0.111,0.28,2,0,0
107691,1627,Electronics,7033.56,22.2,UPI,13,1,0.077,0.09,17,2,0
107692,1553,Beauty,811.55,22.0,Credit Card,9,3,0.333,0.05,8,3,0
107693,775,Furniture,12438.27,22.9,UPI,15,4,0.267,0.11,53,1,1
107694,139,Footwear,1577.37,4.0,Credit Card,9,0,0.0,0.24,12,3,1
107695,360,Apparel - Mens,1646.95,33.2,Debit Card,16,1,0.062,0.19,19,1,0
107696,1456,Beauty,257.59,12.9,Credit Card,18,1,0.056,0.05,38,1,0
107697,966,Mobile Accessories,424.39,5.0,UPI,12,4,0.333,0.06,9,1,0
107698,1736,Furniture,10135.43,14.4,Credit Card,18,5,0.278,0.11,90,3,0
107699,34,Beauty,1511.27,7.8,Debit Card,13,1,0.077,0.05,65,1,0
107700,683,Footwear,1430.39,14.0,Credit Card,11,1,0.091,0.24,36,0,0
107701,2146,Beauty,945.34,13.7,Credit Card,18,4,0.222,0.05,3,2,0
107702,638,Furniture,4383.4,8.5,UPI,19,15,0.789,0.11,27,1,0
107703,510,Beauty,356.6,6.5,COD,18,5,0.278,0.05,1,3,0
107704,558,Electronics,5750.57,9.8,UPI,11,4,0.364,0.09,14,1,0
107705,223,Apparel - Mens,2001.5,8.9,COD,8,3,0.375,0.19,69,0,1
107706,823,Home & Kitchen,1474.26,26.2,Debit Card,11,3,0.273,0.07,36,3,1
107707,1523,Electronics,2818.11,1.4,Debit Card,13,6,0.462,0.09,78,1,0
107708,1412,Electronics,7965.77,25.1,Credit Card,10,2,0.2,0.09,16,3,1
107709,689,Home & Kitchen,2013.12,17.7,Credit Card,9,1,0.111,0.07,114,2,0
107710,656,Apparel - Mens,150.0,1.5,COD,11,6,0.545,0.19,3,2,0
107711,808,Furniture,12620.72,3.4,COD,14,0,0.0,0.11,8,1,0
107712,1720,Beauty,1163.49,0.6,UPI,21,2,0.095,0.05,79,0,0
107713,1663,Apparel - Mens,1608.28,37.9,UPI,11,0,0.0,0.19,35,1,0
107714,370,Apparel - Womens,1747.58,13.1,Debit Card,9,4,0.444,0.28,34,2,1
107715,1984,Apparel - Womens,672.91,5.9,UPI,11,3,0.273,0.28,27,0,1
107716,1245,Electronics,3272.27,29.4,UPI,16,1,0.062,0.09,77,0,0
107717,667,Mobile Accessories,878.49,19.3,UPI,14,0,0.0,0.06,13,0,0
107718,458,Apparel - Womens,701.36,7.6,Debit Card,12,3,0.25,0.28,6,1,0
107719,337,Home & Kitchen,2767.31,26.4,COD,16,2,0.125,0.07,44,0,0
107720,464,Furniture,8665.86,14.5,Credit Card,8,2,0.25,0.11,43,1,0
107721,998,Apparel - Mens,2072.3,17.9,Debit Card,13,0,0.0,0.19,4,1,0
107722,1495,Apparel - Mens,1008.72,10.5,COD,17,5,0.294,0.19,4,0,0
107723,833,Beauty,1727.32,4.0,Credit Card,14,4,0.286,0.05,3,3,0
107724,1825,Apparel - Mens,2746.69,12.5,UPI,10,1,0.1,0.19,18,0,0
107725,1396,Beauty,596.95,15.2,UPI,11,3,0.273,0.05,20,1,0
107726,1582,Beauty,434.06,14.4,Netbanking,13,0,0.0,0.05,16,1,0
107727,1214,Furniture,10469.06,16.1,COD,16,0,0.0,0.11,76,0,0
107728,898,Apparel - Womens,1436.6,2.1,UPI,10,1,0.1,0.28,17,0,0
107729,1480,Home & Kitchen,3046.09,10.8,Credit Card,9,2,0.222,0.07,4,3,0
107730,1754,Electronics,5488.42,5.5,UPI,14,8,0.571,0.09,19,0,0
107731,1262,Apparel - Mens,1985.91,0.5,COD,14,2,0.143,0.19,45,1,0
107732,352,Furniture,10608.59,7.9,Debit Card,12,1,0.083,0.11,52,3,0
107733,88,Beauty,1145.4,13.5,Debit Card,19,7,0.368,0.05,90,0,0
107734,1003,Home & Kitchen,1904.44,5.1,COD,13,0,0.0,0.07,12,3,0
107735,26,Mobile Accessories,906.5,7.6,UPI,11,2,0.182,0.06,18,0,0
107736,328,Footwear,3500.91,13.7,UPI,15,8,0.533,0.24,40,1,1
107737,766,Furniture,7252.58,5.4,Credit Card,9,1,0.111,0.11,28,0,0
107738,1199,Footwear,2130.18,9.0,Credit Card,11,0,0.0,0.24,1,1,1
107739,952,Apparel - Womens,1737.91,10.9,Debit Card,10,0,0.0,0.28,16,1,0
107740,2188,Beauty,1366.47,1.5,Credit Card,9,1,0.111,0.05,3,1,1
107741,563,Electronics,9320.64,3.4,UPI,11,1,0.091,0.09,77,1,0
107742,692,Home & Kitchen,1824.74,30.4,Credit Card,13,6,0.462,0.07,119,3,0
107743,1591,Footwear,1707.92,12.6,COD,10,6,0.6,0.24,17,2,1
107744,1415,Mobile Accessories,562.2,5.9,UPI,12,3,0.25,0.06,18,0,0
107745,385,Mobile Accessories,836.31,4.0,UPI,11,1,0.091,0.06,36,2,0
107746,510,Apparel - Mens,1361.82,6.1,Credit Card,18,5,0.278,0.19,30,0,0
107747,1833,Furniture,9541.27,4.6,UPI,16,2,0.125,0.11,5,0,0
107748,1708,Footwear,2227.0,9.0,Debit Card,12,4,0.333,0.24,4,1,0
107749,723,Apparel - Womens,1740.19,21.1,Debit Card,10,0,0.0,0.28,23,0,1
107750,307,Apparel - Mens,2028.72,20.0,Debit Card,11,3,0.273,0.19,20,2,0
107751,1072,Footwear,2648.6,8.5,UPI,14,4,0.286,0.24,56,2,0
107752,1867,Apparel - Mens,1209.34,5.2,Credit Card,12,4,0.333,0.19,18,2,1
107753,237,Beauty,1135.01,13.3,Debit Card,13,4,0.308,0.05,68,1,0
107754,1839,Furniture,9269.58,20.2,Debit Card,13,0,0.0,0.11,11,2,0
107755,43,Apparel - Mens,774.78,1.1,UPI,15,3,0.2,0.19,40,2,0
107756,265,Electronics,4945.92,18.8,Credit Card,14,0,0.0,0.09,21,0,0
107757,986,Footwear,1881.48,22.5,UPI,14,0,0.0,0.24,38,1,0
107758,960,Electronics,10386.28,20.8,UPI,10,1,0.1,0.09,31,0,0
107759,1589,Apparel - Womens,1955.5,6.7,Credit Card,13,1,0.077,0.28,22,1,0
107760,1010,Beauty,226.9,11.4,Debit Card,8,0,0.0,0.05,45,5,0
107761,242,Footwear,1396.62,7.2,Credit Card,11,0,0.0,0.24,22,0,1
107762,1441,Footwear,4955.76,23.1,UPI,13,5,0.385,0.24,27,1,1
107763,1720,Furniture,4782.38,4.4,COD,21,2,0.095,0.11,11,1,0
107764,1040,Apparel - Mens,2907.03,3.1,Credit Card,18,8,0.444,0.19,1,2,0
107765,867,Footwear,1776.2,2.4,COD,11,3,0.273,0.24,40,0,1
107766,1766,Footwear,2505.65,21.0,COD,14,4,0.286,0.24,10,1,1
107767,1820,Home & Kitchen,2032.22,3.2,Debit Card,7,1,0.143,0.07,2,2,1
107768,1262,Apparel - Mens,1388.39,12.0,UPI,14,2,0.143,0.19,46,1,0
107769,899,Apparel - Womens,1176.28,16.0,COD,13,1,0.077,0.28,19,1,1
107770,1330,Footwear,2893.92,8.0,Netbanking,11,2,0.182,0.24,33,2,0
107771,1716,Home & Kitchen,150.0,3.3,UPI,11,1,0.091,0.07,0,1,0
107772,646,Apparel - Womens,1075.8,12.6,Netbanking,12,1,0.083,0.28,1,0,0
107773,2090,Beauty,1136.94,5.3,Debit Card,8,0,0.0,0.05,27,1,0
107774,1648,Mobile Accessories,666.72,5.9,COD,6,2,0.333,0.06,68,1,0
107775,58,Electronics,6705.37,15.3,UPI,14,1,0.071,0.09,9,1,0
107776,2045,Beauty,975.29,1.5,UPI,12,0,0.0,0.05,3,1,0
107777,1688,Home & Kitchen,612.88,23.1,COD,10,0,0.0,0.07,61,1,0
107778,603,Mobile Accessories,1036.68,10.3,COD,12,4,0.333,0.06,31,1,1
107779,16,Apparel - Mens,2464.56,8.6,Netbanking,11,2,0.182,0.19,28,3,0
107780,43,Furniture,9225.93,12.3,UPI,15,3,0.2,0.11,43,2,0
107781,1766,Beauty,1178.94,4.8,COD,14,4,0.286,0.05,3,0,1
107782,1104,Mobile Accessories,1207.28,6.5,UPI,9,1,0.111,0.06,18,0,0
107783,1853,Apparel - Mens,546.26,32.6,Credit Card,10,3,0.3,0.19,57,2,0
107784,1713,Furniture,11726.46,10.4,UPI,13,2,0.154,0.11,7,1,0
107785,1449,Mobile Accessories,553.39,28.4,Credit Card,12,3,0.25,0.06,32,0,0
107786,1776,Home & Kitchen,2813.73,6.3,UPI,11,3,0.273,0.07,64,3,0
107787,2178,Apparel - Womens,1352.32,3.1,UPI,12,3,0.25,0.28,10,1,0
107788,654,Mobile Accessories,400.61,4.5,COD,8,3,0.375,0.06,69,1,0
107789,928,Mobile Accessories,626.48,21.0,Credit Card,11,2,0.182,0.06,11,0,0
107790,2044,Footwear,2500.87,6.0,Credit Card,11,1,0.091,0.24,46,1,0
107791,1171,Furniture,12508.95,21.5,COD,10,2,0.2,0.11,42,0,1
107792,1193,Home & Kitchen,1737.38,18.3,UPI,15,5,0.333,0.07,57,2,0
107793,1102,Beauty,745.6,4.3,Credit Card,12,1,0.083,0.05,115,0,0
107794,253,Beauty,1433.46,5.3,UPI,9,1,0.111,0.05,26,0,0
107795,687,Apparel - Mens,1686.27,13.4,Debit Card,7,3,0.429,0.19,15,1,0
107796,1616,Electronics,5788.58,11.3,Credit Card,18,9,0.5,0.09,94,2,1
107797,1009,Footwear,2422.46,10.5,COD,11,1,0.091,0.24,57,3,0
107798,1546,Furniture,7031.76,10.6,Credit Card,7,0,0.0,0.11,21,3,0
107799,1015,Furniture,8865.34,5.9,COD,15,3,0.2,0.11,34,1,0
107800,1155,Mobile Accessories,790.68,11.0,Debit Card,8,0,0.0,0.06,48,0,0
107801,906,Mobile Accessories,585.05,15.3,UPI,9,5,0.556,0.06,16,0,0
107802,1719,Electronics,9198.65,12.9,COD,7,1,0.143,0.09,3,1,0
107803,1400,Apparel - Womens,2049.49,17.3,UPI,12,2,0.167,0.28,8,0,1
107804,1633,Apparel - Mens,1134.93,7.6,COD,12,1,0.083,0.19,18,0,0
107805,662,Home & Kitchen,1623.72,25.7,UPI,18,3,0.167,0.07,11,1,0
107806,41,Apparel - Womens,494.51,28.2,Credit Card,9,3,0.333,0.28,82,2,0
107807,1430,Home & Kitchen,1319.37,11.0,COD,10,0,0.0,0.07,27,1,0
107808,1372,Apparel - Womens,1457.98,10.6,Credit Card,15,6,0.4,0.28,14,0,1
107809,1176,Furniture,7134.92,10.2,UPI,14,2,0.143,0.11,16,2,0
107810,1038,Apparel - Mens,1146.88,6.4,Debit Card,11,1,0.091,0.19,17,2,0
107811,75,Electronics,8733.52,14.4,Credit Card,6,5,0.833,0.09,44,2,1
107812,601,Mobile Accessories,1005.48,21.5,COD,12,4,0.333,0.06,12,1,0
107813,1952,Electronics,9434.09,13.6,Debit Card,16,3,0.188,0.09,31,2,0
107814,796,Home & Kitchen,1308.94,9.3,COD,8,2,0.25,0.07,33,1,0
107815,1567,Furniture,9005.95,7.0,COD,16,2,0.125,0.11,18,3,1
107816,752,Apparel - Womens,2862.8,4.4,Debit Card,12,1,0.083,0.28,103,3,1
107817,1320,Furniture,9356.03,4.3,UPI,13,4,0.308,0.11,116,1,0
107818,1908,Electronics,6911.77,2.2,Debit Card,12,2,0.167,0.09,22,2,0
107819,994,Furniture,7806.99,14.7,Debit Card,13,0,0.0,0.11,26,1,0
107820,1587,Mobile Accessories,544.58,1.7,Netbanking,12,1,0.083,0.06,20,2,0
107821,1049,Home & Kitchen,978.82,19.3,COD,11,3,0.273,0.07,1,2,1
107822,1438,Mobile Accessories,600.21,21.2,UPI,11,0,0.0,0.06,27,3,0
107823,451,Electronics,5616.56,0.7,UPI,10,1,0.1,0.09,72,3,0
107824,1572,Furniture,9790.33,2.1,Credit Card,9,0,0.0,0.11,2,0,0
107825,1388,Electronics,8387.9,15.8,Debit Card,9,0,0.0,0.09,57,0,0
107826,1696,Footwear,2690.39,12.7,Debit Card,12,1,0.083,0.24,119,3,1
107827,713,Apparel - Womens,1768.86,2.8,Credit Card,13,2,0.154,0.28,3,0,1
107828,534,Beauty,1079.05,11.4,UPI,13,3,0.231,0.05,2,1,0
107829,786,Home & Kitchen,2391.27,7.9,COD,15,5,0.333,0.07,52,0,0
107830,892,Furniture,11780.19,7.1,UPI,17,7,0.412,0.11,10,0,0
107831,413,Home & Kitchen,2660.44,7.6,UPI,8,0,0.0,0.07,64,5,0
107832,849,Electronics,8006.67,33.9,Debit Card,13,0,0.0,0.09,13,0,0
107833,1356,Electronics,5524.86,6.9,Debit Card,12,0,0.0,0.09,14,0,0
107834,136,Electronics,3990.78,24.5,UPI,13,0,0.0,0.09,67,1,0
107835,638,Electronics,4091.93,14.9,Credit Card,19,15,0.789,0.09,53,1,1
107836,1095,Apparel - Womens,1816.97,5.5,UPI,15,3,0.2,0.28,21,1,0
107837,1004,Home & Kitchen,1008.06,10.2,UPI,17,1,0.059,0.07,5,2,0
107838,1742,Footwear,1459.03,3.2,UPI,21,3,0.143,0.24,1,1,0
107839,1498,Beauty,172.16,19.8,Credit Card,13,1,0.077,0.05,19,0,0
107840,1350,Footwear,2852.0,8.9,COD,12,1,0.083,0.24,26,0,0
107841,174,Electronics,870.86,10.3,UPI,13,6,0.462,0.09,4,1,0
107842,731,Mobile Accessories,999.32,6.1,Netbanking,6,2,0.333,0.06,5,2,0
107843,2015,Apparel - Womens,2505.11,9.9,UPI,16,1,0.062,0.28,9,0,1
107844,591,Footwear,3381.24,3.9,Credit Card,19,4,0.211,0.24,28,1,1
107845,483,Electronics,8615.23,10.4,UPI,16,7,0.438,0.09,7,1,0
107846,1618,Home & Kitchen,2747.1,7.8,Credit Card,10,1,0.1,0.07,51,1,0
107847,1773,Footwear,2583.69,15.3,UPI,12,3,0.25,0.24,15,2,0
107848,414,Beauty,478.27,11.6,COD,10,1,0.1,0.05,117,2,0
107849,691,Furniture,10943.07,1.9,COD,13,1,0.077,0.11,2,2,0
107850,1525,Footwear,3722.63,4.4,COD,12,2,0.167,0.24,90,2,1
107851,1313,Apparel - Mens,1483.92,22.6,Debit Card,4,0,0.0,0.19,14,1,0
107852,1722,Apparel - Mens,1014.12,13.8,UPI,15,2,0.133,0.19,121,2,0
107853,1439,Apparel - Womens,2411.53,6.0,UPI,17,1,0.059,0.28,25,0,0
107854,1128,Apparel - Mens,2525.7,17.8,Netbanking,14,3,0.214,0.19,21,1,0
107855,1989,Footwear,2895.3,28.8,UPI,10,0,0.0,0.24,20,2,1
107856,108,Apparel - Womens,1717.48,14.5,Credit Card,15,2,0.133,0.28,51,1,0
107857,1435,Apparel - Womens,936.05,4.6,UPI,9,0,0.0,0.28,0,0,0
107858,1490,Apparel - Mens,1347.75,8.1,UPI,17,4,0.235,0.19,11,1,0
107859,2068,Apparel - Womens,2171.61,20.4,UPI,17,0,0.0,0.28,34,1,0
107860,1792,Apparel - Mens,1238.72,24.9,COD,9,1,0.111,0.19,1,0,0
107861,656,Footwear,1003.86,11.3,COD,11,6,0.545,0.24,9,1,1
107862,814,Mobile Accessories,345.57,10.6,Credit Card,12,4,0.333,0.06,8,0,1
107863,1167,Home & Kitchen,1441.55,16.0,UPI,19,2,0.105,0.07,7,2,0
107864,12,Mobile Accessories,544.7,3.6,COD,12,2,0.167,0.06,70,1,0
107865,595,Footwear,1292.3,4.6,UPI,15,0,0.0,0.24,15,0,0
107866,1709,Apparel - Womens,976.43,14.3,UPI,13,1,0.077,0.28,12,2,0
107867,1986,Home & Kitchen,1528.28,3.0,COD,9,2,0.222,0.07,15,2,0
107868,333,Beauty,586.84,15.0,Debit Card,12,0,0.0,0.05,6,0,0
107869,867,Beauty,1358.32,11.2,COD,11,3,0.273,0.05,10,1,1
107870,718,Home & Kitchen,1282.02,13.6,Credit Card,6,0,0.0,0.07,3,0,0
107871,2171,Apparel - Womens,2315.88,6.8,Credit Card,10,0,0.0,0.28,25,3,0
107872,1448,Apparel - Womens,2692.51,12.2,COD,17,1,0.059,0.28,12,2,0
107873,220,Apparel - Womens,150.0,4.4,UPI,13,4,0.308,0.28,83,0,0
107874,418,Electronics,1956.42,29.2,Debit Card,12,1,0.083,0.09,8,1,0
107875,47,Furniture,14823.83,17.6,Credit Card,8,1,0.125,0.11,31,1,0
107876,1424,Footwear,2347.8,3.0,Credit Card,9,2,0.222,0.24,36,1,0
107877,2076,Beauty,797.48,15.0,Debit Card,12,3,0.25,0.05,5,0,0
107878,2083,Apparel - Womens,3031.67,24.1,UPI,15,1,0.067,0.28,6,0,0
107879,2087,Furniture,11053.37,2.2,UPI,11,4,0.364,0.11,130,1,1
107880,1191,Apparel - Womens,2525.34,10.2,Debit Card,14,1,0.071,0.28,38,1,0
107881,1318,Furniture,13054.82,3.9,UPI,13,0,0.0,0.11,1,0,0
107882,744,Furniture,6575.89,14.7,Debit Card,15,4,0.267,0.11,34,3,1
107883,1635,Electronics,4794.85,21.2,Credit Card,15,5,0.333,0.09,18,1,0
107884,893,Furniture,12297.53,26.9,COD,18,3,0.167,0.11,48,3,0
107885,1523,Footwear,1541.47,26.5,COD,13,6,0.462,0.24,20,4,1
107886,504,Furniture,7744.14,9.2,COD,17,0,0.0,0.11,15,0,0
107887,456,Furniture,4920.29,19.9,UPI,13,0,0.0,0.11,70,3,0
107888,1105,Furniture,15585.28,6.7,UPI,11,1,0.091,0.11,33,1,0
107889,888,Mobile Accessories,840.97,0.5,Debit Card,17,2,0.118,0.06,56,2,1
107890,892,Home & Kitchen,2383.46,7.7,COD,17,7,0.412,0.07,6,1,1
107891,362,Electronics,9840.14,21.0,COD,10,4,0.4,0.09,1,0,0
107892,1463,Apparel - Mens,1106.65,11.9,Debit Card,8,2,0.25,0.19,18,3,1
107893,442,Beauty,803.27,11.0,COD,11,0,0.0,0.05,9,1,1
107894,253,Furniture,6755.53,25.6,COD,9,1,0.111,0.11,36,2,0
107895,18,Apparel - Womens,3133.3,7.3,COD,12,3,0.25,0.28,11,1,0
107896,1413,Home & Kitchen,2735.36,4.1,UPI,17,4,0.235,0.07,119,4,0
107897,1665,Footwear,1512.4,17.3,Credit Card,11,1,0.091,0.24,49,2,0
107898,1550,Apparel - Womens,1996.29,22.3,Debit Card,20,6,0.3,0.28,10,2,1
107899,953,Electronics,2344.07,17.3,UPI,14,0,0.0,0.09,23,0,1
107900,2053,Mobile Accessories,809.62,35.7,COD,14,3,0.214,0.06,14,1,0
107901,1571,Footwear,1589.58,2.1,Credit Card,13,0,0.0,0.24,27,1,0
107902,1386,Footwear,2035.29,28.8,UPI,11,1,0.091,0.24,37,1,0
107903,1328,Home & Kitchen,2411.25,26.6,Credit Card,17,2,0.118,0.07,53,2,0
107904,1175,Mobile Accessories,421.66,3.3,Credit Card,14,4,0.286,0.06,62,2,0
107905,601,Footwear,1575.94,1.4,UPI,12,4,0.333,0.24,8,2,0
107906,106,Furniture,299.13,1.8,COD,13,3,0.231,0.11,81,1,1
107907,382,Mobile Accessories,720.06,23.0,Credit Card,13,2,0.154,0.06,4,1,0
107908,1840,Electronics,3932.99,6.6,UPI,13,0,0.0,0.09,34,1,0
107909,1355,Apparel - Womens,1111.22,7.0,Netbanking,7,0,0.0,0.28,29,3,1
107910,1904,Home & Kitchen,1800.71,7.3,UPI,12,1,0.083,0.07,31,2,0
107911,793,Beauty,1105.8,17.4,Netbanking,9,0,0.0,0.05,11,1,0
107912,1786,Home & Kitchen,2869.47,0.2,Debit Card,18,8,0.444,0.07,19,1,0
107913,190,Home & Kitchen,1475.16,10.8,Credit Card,16,7,0.438,0.07,64,0,1
107914,813,Apparel - Mens,1663.82,8.7,COD,12,2,0.167,0.19,90,2,0
107915,1833,Home & Kitchen,1904.14,6.4,Credit Card,16,2,0.125,0.07,19,1,0
107916,2052,Beauty,316.13,1.5,Debit Card,16,1,0.062,0.05,98,0,0
107917,2120,Furniture,13664.8,14.6,Credit Card,11,2,0.182,0.11,20,3,0
107918,15,Footwear,1750.11,2.6,Credit Card,13,2,0.154,0.24,16,1,1
107919,1801,Apparel - Mens,1588.7,3.2,UPI,20,1,0.05,0.19,2,2,0
107920,1597,Home & Kitchen,3633.28,11.9,Credit Card,12,2,0.167,0.07,113,3,0
107921,95,Apparel - Womens,1857.61,8.5,UPI,9,2,0.222,0.28,19,4,1
107922,1033,Furniture,9120.79,11.1,Credit Card,19,1,0.053,0.11,1,1,0
107923,542,Apparel - Mens,648.87,20.1,UPI,10,0,0.0,0.19,24,1,0
107924,1341,Footwear,1957.48,14.3,COD,16,0,0.0,0.24,47,2,0
107925,1851,Electronics,4054.92,20.1,Debit Card,8,3,0.375,0.09,76,0,0
107926,1054,Footwear,2735.56,9.5,COD,16,1,0.062,0.24,53,2,0
107927,1387,Mobile Accessories,657.87,13.7,UPI,15,3,0.2,0.06,42,2,0
107928,1787,Apparel - Womens,1430.35,14.9,COD,10,0,0.0,0.28,58,1,0
107929,1762,Footwear,2804.12,11.5,Credit Card,8,2,0.25,0.24,54,0,0
107930,1574,Home & Kitchen,3254.36,30.7,COD,9,0,0.0,0.07,32,2,0
107931,1249,Beauty,642.5,22.5,UPI,10,2,0.2,0.05,23,2,0
107932,1579,Electronics,9065.08,14.0,UPI,15,1,0.067,0.09,44,2,0
107933,1467,Apparel - Womens,1039.41,5.2,UPI,13,3,0.231,0.28,11,3,0
107934,868,Electronics,6252.15,4.4,UPI,14,5,0.357,0.09,3,1,1
107935,625,Furniture,7160.11,4.0,UPI,12,0,0.0,0.11,21,3,0
107936,773,Home & Kitchen,3574.33,4.9,UPI,15,3,0.2,0.07,33,3,0
107937,1623,Electronics,150.0,8.9,Debit Card,13,1,0.077,0.09,46,1,0
107938,1433,Furniture,8279.65,7.9,UPI,16,1,0.062,0.11,21,0,0
107939,1831,Home & Kitchen,1715.73,30.9,Debit Card,19,6,0.316,0.07,13,0,0
107940,1767,Furniture,13195.4,10.2,Credit Card,15,4,0.267,0.11,67,2,0
107941,2041,Footwear,1606.06,10.1,COD,15,5,0.333,0.24,42,0,1
107942,1016,Electronics,6940.38,18.1,Credit Card,12,2,0.167,0.09,49,0,0
107943,416,Furniture,3882.76,7.0,COD,10,1,0.1,0.11,5,0,0
107944,1128,Beauty,648.38,13.7,Credit Card,14,3,0.214,0.05,39,0,0
107945,1390,Furniture,3656.87,16.9,Netbanking,12,2,0.167,0.11,13,1,0
107946,1506,Home & Kitchen,3436.53,12.3,Credit Card,13,1,0.077,0.07,61,2,1
107947,591,Beauty,470.55,4.8,UPI,19,4,0.211,0.05,32,0,0
107948,264,Apparel - Mens,2174.94,8.6,Credit Card,15,1,0.067,0.19,71,0,0
107949,831,Mobile Accessories,836.25,7.5,COD,7,0,0.0,0.06,12,2,0
107950,1348,Apparel - Womens,853.89,9.6,Credit Card,11,0,0.0,0.28,46,1,0
107951,83,Beauty,1207.14,1.6,Credit Card,10,0,0.0,0.05,27,1,0
107952,840,Apparel - Mens,1376.36,22.4,UPI,9,0,0.0,0.19,46,0,0
107953,1042,Beauty,1499.98,8.6,UPI,12,3,0.25,0.05,59,1,1
107954,1427,Mobile Accessories,879.36,9.5,UPI,9,0,0.0,0.06,1,1,0
107955,2048,Footwear,3232.77,8.0,UPI,14,7,0.5,0.24,0,0,0
107956,608,Apparel - Mens,1642.86,2.5,UPI,11,3,0.273,0.19,5,0,0
107957,29,Home & Kitchen,2991.74,2.3,Debit Card,10,1,0.1,0.07,48,0,0
107958,2155,Beauty,878.89,29.9,Credit Card,15,1,0.067,0.05,28,3,0
107959,1401,Home & Kitchen,1806.96,21.2,UPI,12,4,0.333,0.07,15,3,1
107960,1579,Apparel - Womens,3640.39,2.4,Debit Card,15,1,0.067,0.28,30,1,0
107961,1497,Furniture,14628.19,5.2,Netbanking,17,3,0.176,0.11,37,2,1
107962,131,Furniture,7434.74,6.3,Credit Card,12,3,0.25,0.11,11,1,1
107963,351,Beauty,807.36,2.8,Credit Card,10,5,0.5,0.05,64,1,0
107964,1916,Footwear,2279.34,24.6,Credit Card,13,0,0.0,0.24,10,1,0
107965,284,Electronics,5019.98,14.3,Credit Card,16,6,0.375,0.09,65,0,0
107966,1681,Beauty,744.62,6.7,Credit Card,14,2,0.143,0.05,17,2,0
107967,1722,Furniture,14283.54,29.3,UPI,15,2,0.133,0.11,52,0,0
107968,1938,Home & Kitchen,1426.5,3.5,UPI,12,5,0.417,0.07,4,0,0
107969,517,Mobile Accessories,788.04,8.7,UPI,12,1,0.083,0.06,9,2,0
107970,1699,Electronics,3042.41,1.8,Debit Card,18,2,0.111,0.09,12,0,0
107971,1725,Furniture,3708.38,19.5,COD,7,0,0.0,0.11,68,0,1
107972,1524,Mobile Accessories,918.33,17.4,COD,13,1,0.077,0.06,9,2,0
107973,1000,Apparel - Womens,1752.09,10.1,COD,12,1,0.083,0.28,47,0,0
107974,63,Footwear,2954.53,16.7,COD,7,0,0.0,0.24,0,2,0
107975,775,Mobile Accessories,665.43,1.1,COD,15,4,0.267,0.06,3,0,0
107976,354,Electronics,9213.19,1.4,Debit Card,13,4,0.308,0.09,19,4,0
107977,1782,Beauty,1559.4,8.1,Credit Card,13,0,0.0,0.05,6,0,0
107978,1297,Electronics,7384.51,25.7,COD,17,0,0.0,0.09,88,2,1
107979,1064,Apparel - Mens,2141.07,14.8,COD,11,3,0.273,0.19,9,1,1
107980,1544,Apparel - Mens,1208.41,36.4,Credit Card,10,6,0.6,0.19,15,2,1
107981,1454,Mobile Accessories,150.0,4.8,UPI,10,2,0.2,0.06,27,1,0
107982,376,Footwear,1350.07,3.4,Credit Card,9,1,0.111,0.24,27,1,0
107983,1151,Furniture,8118.21,17.4,UPI,10,6,0.6,0.11,64,1,1
107984,464,Beauty,989.48,4.4,Credit Card,8,2,0.25,0.05,10,0,0
107985,898,Footwear,2150.92,35.2,Debit Card,10,1,0.1,0.24,2,1,1
107986,340,Apparel - Mens,1680.77,10.6,Debit Card,11,1,0.091,0.19,7,0,0
107987,926,Home & Kitchen,2834.87,4.3,Debit Card,12,2,0.167,0.07,116,0,0
107988,1894,Beauty,612.75,3.8,Credit Card,13,0,0.0,0.05,20,1,0
107989,683,Apparel - Womens,2416.8,2.4,COD,11,1,0.091,0.28,13,1,0
107990,1701,Home & Kitchen,4233.33,7.6,Credit Card,12,1,0.083,0.07,27,2,1
107991,419,Furniture,8786.01,11.7,Credit Card,9,2,0.222,0.11,27,2,0
107992,1066,Beauty,900.41,4.6,COD,10,1,0.1,0.05,12,0,0
107993,1320,Apparel - Mens,1711.0,7.2,UPI,13,4,0.308,0.19,72,3,1
107994,2200,Mobile Accessories,611.23,14.6,UPI,17,4,0.235,0.06,60,0,0
107995,1695,Home & Kitchen,3057.4,15.5,Credit Card,12,3,0.25,0.07,59,1,0
107996,632,Furniture,9604.62,33.2,UPI,12,0,0.0,0.11,126,1,0
107997,1906,Apparel - Mens,756.97,29.8,UPI,10,2,0.2,0.19,85,2,0
107998,435,Electronics,8781.54,5.2,Netbanking,6,0,0.0,0.09,11,0,0
107999,844,Beauty,578.1,6.5,Debit Card,12,1,0.083,0.05,55,1,0
108000,1343,Home & Kitchen,1054.61,5.6,Debit Card,17,0,0.0,0.07,8,1,0
108001,1368,Beauty,1003.19,15.3,UPI,16,3,0.188,0.05,22,2,0
108002,1280,Apparel - Mens,1380.37,0.4,Credit Card,18,0,0.0,0.19,11,4,0
108003,1896,Beauty,1216.53,19.8,UPI,7,6,0.857,0.05,10,2,0
108004,398,Mobile Accessories,306.19,7.8,Credit Card,16,2,0.125,0.06,41,2,1
108005,164,Home & Kitchen,3368.26,9.7,Credit Card,14,3,0.214,0.07,100,0,0
108006,94,Apparel - Womens,3186.37,4.0,Credit Card,9,0,0.0,0.28,1,0,0
108007,697,Apparel - Womens,2136.91,1.7,COD,10,0,0.0,0.28,35,0,0
108008,2158,Furniture,15894.39,13.1,COD,11,2,0.182,0.11,49,1,0
108009,1194,Electronics,6209.66,15.9,Credit Card,16,0,0.0,0.09,7,1,0
108010,1795,Beauty,1202.12,20.0,Debit Card,16,3,0.188,0.05,55,0,0
108011,782,Mobile Accessories,522.44,6.4,Debit Card,12,3,0.25,0.06,8,1,0
108012,877,Electronics,6325.17,15.8,Debit Card,11,1,0.091,0.09,49,3,0
108013,668,Beauty,983.56,24.3,UPI,19,1,0.053,0.05,61,1,0
108014,1592,Apparel - Womens,2784.62,16.5,COD,7,1,0.143,0.28,41,1,0
108015,317,Electronics,150.0,12.1,UPI,8,0,0.0,0.09,28,2,0
108016,1171,Apparel - Mens,1973.41,4.3,UPI,10,2,0.2,0.19,14,1,0
108017,564,Mobile Accessories,591.07,26.0,COD,12,0,0.0,0.06,53,0,0
108018,2161,Footwear,1214.49,15.0,UPI,14,0,0.0,0.24,4,0,0
108019,12,Mobile Accessories,729.1,13.9,UPI,12,2,0.167,0.06,10,0,0
108020,1693,Footwear,2575.71,9.0,Credit Card,11,1,0.091,0.24,17,1,1
108021,1136,Mobile Accessories,647.14,16.4,Netbanking,14,1,0.071,0.06,1,0,0
108022,558,Furniture,13438.01,6.8,UPI,11,4,0.364,0.11,19,0,0
108023,1625,Beauty,428.22,7.3,Debit Card,13,1,0.077,0.05,13,2,0
108024,293,Apparel - Mens,1581.2,0.4,Debit Card,14,1,0.071,0.19,29,2,0
108025,1322,Mobile Accessories,1015.29,11.7,COD,15,0,0.0,0.06,42,1,1
108026,813,Apparel - Womens,1668.69,7.0,UPI,12,2,0.167,0.28,129,1,0
108027,1302,Home & Kitchen,1089.28,10.2,Credit Card,15,7,0.467,0.07,55,0,0
108028,1427,Beauty,293.9,12.2,UPI,9,0,0.0,0.05,60,3,0
108029,334,Electronics,5333.8,14.1,UPI,13,0,0.0,0.09,25,1,0
108030,312,Electronics,7040.81,9.0,Netbanking,11,1,0.091,0.09,28,0,0
108031,178,Apparel - Mens,1663.35,4.2,Netbanking,13,1,0.077,0.19,47,1,0
108032,1635,Apparel - Mens,2114.37,6.6,Credit Card,15,5,0.333,0.19,12,2,1
108033,1888,Home & Kitchen,2747.4,19.2,Netbanking,10,1,0.1,0.07,22,0,0
108034,671,Apparel - Womens,1270.47,11.1,Debit Card,11,0,0.0,0.28,50,1,0
108035,1016,Beauty,884.79,13.9,Debit Card,12,2,0.167,0.05,21,1,0
108036,49,Home & Kitchen,2888.92,21.6,UPI,14,0,0.0,0.07,32,1,0
108037,1742,Electronics,8028.34,21.4,Credit Card,21,3,0.143,0.09,66,1,0
108038,1704,Apparel - Mens,1644.19,10.1,UPI,8,3,0.375,0.19,5,2,0
108039,722,Electronics,3985.57,8.8,Debit Card,10,1,0.1,0.09,43,1,0
108040,1952,Home & Kitchen,1764.1,7.2,COD,16,3,0.188,0.07,71,1,0
108041,866,Footwear,1809.37,9.3,Netbanking,17,0,0.0,0.24,17,0,0
108042,1177,Electronics,6373.81,23.5,COD,15,7,0.467,0.09,10,0,0
108043,1091,Furniture,10784.86,27.9,UPI,10,4,0.4,0.11,31,0,0
108044,1501,Furniture,10166.72,20.5,Credit Card,10,3,0.3,0.11,23,2,0
108045,602,Mobile Accessories,990.66,4.2,Credit Card,14,4,0.286,0.06,157,0,0
108046,936,Apparel - Womens,3048.25,15.1,UPI,14,3,0.214,0.28,51,2,1
108047,301,Mobile Accessories,1230.92,21.5,COD,11,4,0.364,0.06,56,0,0
108048,587,Beauty,1629.44,14.5,UPI,11,1,0.091,0.05,13,3,0
108049,668,Beauty,738.35,2.9,COD,19,1,0.053,0.05,23,1,0
108050,447,Electronics,1821.78,10.0,COD,11,1,0.091,0.09,90,2,0
108051,799,Mobile Accessories,626.41,5.5,Credit Card,10,1,0.1,0.06,7,1,0
108052,1906,Home & Kitchen,2128.56,7.0,UPI,10,2,0.2,0.07,38,1,0
108053,1812,Apparel - Womens,1346.08,10.5,Debit Card,18,3,0.167,0.28,0,2,0
108054,895,Apparel - Womens,150.0,35.1,Credit Card,11,0,0.0,0.28,37,0,0
108055,1887,Home & Kitchen,1224.34,4.4,Credit Card,10,0,0.0,0.07,0,2,0
108056,527,Apparel - Womens,1583.74,1.7,COD,16,5,0.312,0.28,29,1,0
108057,1707,Mobile Accessories,1493.74,17.1,Credit Card,9,0,0.0,0.06,19,1,0
108058,821,Mobile Accessories,1107.32,20.5,Credit Card,13,2,0.154,0.06,4,0,0
108059,1578,Footwear,824.91,14.5,Credit Card,13,3,0.231,0.24,46,1,0
108060,256,Furniture,14430.45,23.4,UPI,14,0,0.0,0.11,52,1,1
108061,1396,Electronics,6602.82,12.4,COD,11,3,0.273,0.09,33,1,0
108062,1740,Electronics,4612.01,4.6,Credit Card,8,1,0.125,0.09,25,1,1
108063,1740,Furniture,11878.41,21.6,UPI,8,1,0.125,0.11,46,2,0
108064,2007,Beauty,724.24,17.7,COD,12,5,0.417,0.05,10,1,1
108065,467,Apparel - Mens,2163.08,20.7,UPI,14,2,0.143,0.19,5,0,1
108066,1562,Electronics,10150.54,2.6,COD,12,5,0.417,0.09,41,2,0
108067,1122,Home & Kitchen,2548.68,11.3,Credit Card,10,0,0.0,0.07,8,2,0
108068,22,Beauty,947.53,7.2,UPI,15,1,0.067,0.05,89,0,0
108069,742,Footwear,1933.88,3.9,Debit Card,13,0,0.0,0.24,5,1,0
108070,116,Beauty,828.12,6.6,COD,11,3,0.273,0.05,60,3,0
108071,592,Home & Kitchen,1602.15,9.9,COD,15,3,0.2,0.07,69,0,0
108072,344,Electronics,7318.04,16.5,Netbanking,14,2,0.143,0.09,25,0,0
108073,796,Furniture,7596.18,8.7,Debit Card,8,2,0.25,0.11,22,2,0
108074,832,Beauty,982.99,7.1,COD,5,1,0.2,0.05,31,1,0
108075,212,Home & Kitchen,2505.57,15.8,Debit Card,11,0,0.0,0.07,40,2,0
108076,7,Footwear,1292.97,1.6,Credit Card,15,4,0.267,0.24,14,2,0
108077,470,Mobile Accessories,557.21,15.0,UPI,7,4,0.571,0.06,9,2,0
108078,1528,Beauty,1137.51,24.4,Netbanking,10,1,0.1,0.05,80,1,0
108079,247,Furniture,8251.75,4.5,COD,15,1,0.067,0.11,15,2,0
108080,173,Apparel - Womens,1695.18,3.6,Debit Card,13,2,0.154,0.28,13,1,0
108081,1419,Furniture,13646.26,0.6,Netbanking,17,5,0.294,0.11,6,0,0
108082,840,Furniture,15868.99,8.6,UPI,9,0,0.0,0.11,83,2,0
108083,623,Apparel - Womens,2424.59,10.0,UPI,9,1,0.111,0.28,4,1,1
108084,2084,Electronics,7942.23,7.7,UPI,10,3,0.3,0.09,0,0,0
108085,1151,Furniture,14774.91,11.0,Debit Card,10,6,0.6,0.11,86,0,0
108086,306,Footwear,3433.14,17.3,UPI,17,1,0.059,0.24,25,1,0
108087,999,Apparel - Womens,2004.46,10.8,Credit Card,11,1,0.091,0.28,44,0,1
108088,369,Electronics,2678.73,6.2,UPI,12,0,0.0,0.09,195,1,0
108089,2089,Electronics,9396.72,28.7,UPI,11,0,0.0,0.09,19,2,0
108090,2019,Beauty,787.63,9.0,COD,10,0,0.0,0.05,17,2,0
108091,41,Footwear,1399.44,26.6,Netbanking,9,3,0.333,0.24,92,2,0
108092,1080,Furniture,12907.86,19.3,UPI,11,0,0.0,0.11,7,0,0
108093,704,Apparel - Mens,2758.54,39.6,Netbanking,7,4,0.571,0.19,21,2,1
108094,764,Apparel - Mens,716.71,5.1,COD,15,6,0.4,0.19,1,2,1
108095,363,Apparel - Mens,1637.28,7.3,COD,13,4,0.308,0.19,26,1,0
108096,1245,Electronics,8661.05,15.1,UPI,16,1,0.062,0.09,39,1,0
108097,206,Mobile Accessories,369.57,18.8,UPI,11,3,0.273,0.06,55,0,1
108098,1381,Mobile Accessories,583.4,17.2,UPI,9,1,0.111,0.06,2,3,0
108099,1527,Electronics,4674.85,10.8,UPI,13,6,0.462,0.09,2,0,0
108100,1478,Electronics,6626.37,7.0,Credit Card,10,2,0.2,0.09,72,0,0
108101,325,Home & Kitchen,2487.79,5.3,UPI,11,4,0.364,0.07,5,0,1
108102,836,Apparel - Womens,2314.45,7.1,Credit Card,11,2,0.182,0.28,5,2,0
108103,291,Electronics,8671.22,10.4,Debit Card,18,3,0.167,0.09,59,1,0
108104,2022,Apparel - Mens,473.75,4.0,Debit Card,17,1,0.059,0.19,52,1,0
108105,943,Mobile Accessories,738.22,8.0,UPI,12,0,0.0,0.06,31,1,0
108106,823,Furniture,8535.39,17.2,Credit Card,11,3,0.273,0.11,0,1,0
108107,964,Apparel - Womens,2175.27,11.2,Credit Card,12,1,0.083,0.28,63,0,0
108108,301,Electronics,7519.63,16.1,Credit Card,11,4,0.364,0.09,4,0,0
108109,1928,Mobile Accessories,422.31,18.3,UPI,18,1,0.056,0.06,14,1,0
108110,1590,Beauty,259.73,5.8,UPI,9,0,0.0,0.05,12,2,0
108111,1360,Beauty,672.2,2.1,Debit Card,15,0,0.0,0.05,48,0,0
108112,854,Footwear,3266.88,7.2,UPI,7,1,0.143,0.24,41,1,0
108113,1020,Footwear,2746.09,7.5,UPI,10,3,0.3,0.24,68,2,0
108114,521,Furniture,10205.41,9.7,COD,6,1,0.167,0.11,101,1,0
108115,369,Footwear,3079.95,3.3,Debit Card,12,0,0.0,0.24,13,1,0
108116,883,Apparel - Mens,1521.48,2.4,Credit Card,10,0,0.0,0.19,53,0,0
108117,1708,Furniture,9273.43,3.3,Credit Card,12,4,0.333,0.11,0,1,0
108118,715,Furniture,6982.34,9.1,Netbanking,12,2,0.167,0.11,17,0,0
108119,131,Home & Kitchen,1865.3,18.9,Credit Card,12,3,0.25,0.07,51,1,0
108120,438,Electronics,10706.77,3.4,COD,9,3,0.333,0.09,5,1,0
108121,102,Apparel - Womens,1907.92,3.8,COD,16,0,0.0,0.28,125,1,0
108122,1426,Apparel - Mens,946.61,0.8,Credit Card,9,1,0.111,0.19,42,1,0
108123,866,Mobile Accessories,569.79,5.1,UPI,17,0,0.0,0.06,23,1,0
108124,1484,Footwear,2666.22,10.7,Netbanking,6,1,0.167,0.24,14,1,0
108125,1139,Furniture,7931.74,3.3,UPI,10,1,0.1,0.11,35,3,0
108126,1388,Footwear,2353.16,17.5,UPI,9,0,0.0,0.24,46,0,0
108127,1511,Apparel - Mens,2044.37,14.0,UPI,10,1,0.1,0.19,1,0,0
108128,837,Furniture,8536.57,0.8,UPI,10,1,0.1,0.11,29,1,0
108129,560,Furniture,8959.3,25.5,Credit Card,9,3,0.333,0.11,59,2,1
108130,854,Electronics,150.0,12.9,COD,7,1,0.143,0.09,3,0,0
108131,1201,Home & Kitchen,389.58,4.7,Credit Card,10,1,0.1,0.07,29,1,0
108132,642,Footwear,1462.87,9.5,COD,12,5,0.417,0.24,27,0,1
108133,350,Footwear,1249.5,8.4,UPI,11,7,0.636,0.24,14,2,1
108134,1927,Home & Kitchen,2629.54,2.1,Credit Card,11,0,0.0,0.07,22,3,0
108135,720,Furniture,8521.26,7.6,COD,12,1,0.083,0.11,86,3,0
108136,684,Apparel - Womens,2111.68,7.1,COD,12,0,0.0,0.28,5,0,0
108137,2034,Footwear,3232.92,30.7,Credit Card,16,0,0.0,0.24,40,2,0
108138,863,Beauty,229.03,13.1,UPI,12,5,0.417,0.05,6,3,0
108139,879,Electronics,7044.35,22.6,Debit Card,15,5,0.333,0.09,56,2,1
108140,78,Apparel - Mens,2399.26,11.7,COD,6,1,0.167,0.19,11,0,0
108141,1282,Beauty,1179.88,20.1,Debit Card,10,0,0.0,0.05,15,3,0
108142,1704,Mobile Accessories,598.96,15.9,Credit Card,8,3,0.375,0.06,5,1,0
108143,1440,Home & Kitchen,4978.77,6.3,Debit Card,10,1,0.1,0.07,30,1,0
108144,955,Home & Kitchen,3406.22,6.8,Debit Card,7,1,0.143,0.07,24,2,0
108145,1606,Home & Kitchen,1704.21,4.1,Debit Card,9,0,0.0,0.07,70,1,0
108146,1483,Apparel - Mens,1891.35,17.9,UPI,8,3,0.375,0.19,48,1,1
108147,143,Electronics,4515.22,7.4,COD,10,2,0.2,0.09,7,1,0
108148,1110,Apparel - Mens,1120.31,17.7,Netbanking,10,0,0.0,0.19,5,2,0
108149,769,Beauty,1086.62,6.1,Credit Card,13,1,0.077,0.05,87,0,0
108150,221,Electronics,8462.47,22.1,UPI,14,5,0.357,0.09,58,1,0
108151,1314,Beauty,377.17,19.7,COD,12,2,0.167,0.05,57,3,0
108152,2093,Mobile Accessories,1077.1,13.0,Credit Card,10,2,0.2,0.06,9,2,0
108153,1546,Apparel - Mens,2234.42,29.6,Credit Card,7,0,0.0,0.19,17,1,0
108154,532,Furniture,7813.78,7.9,Credit Card,16,3,0.188,0.11,143,4,0
108155,1052,Beauty,1184.76,3.8,Credit Card,9,4,0.444,0.05,35,2,0
108156,1159,Electronics,4156.2,15.8,UPI,13,2,0.154,0.09,2,1,0
108157,825,Mobile Accessories,843.27,7.6,COD,11,3,0.273,0.06,62,1,1
108158,1018,Beauty,1330.36,38.0,Credit Card,8,1,0.125,0.05,38,0,0
108159,1951,Furniture,17892.35,21.8,Debit Card,12,1,0.083,0.11,35,3,1
108160,1075,Electronics,2903.39,6.2,Credit Card,6,0,0.0,0.09,4,1,0
108161,743,Home & Kitchen,758.09,6.2,COD,17,4,0.235,0.07,51,3,0
108162,645,Footwear,767.41,19.5,COD,13,6,0.462,0.24,31,0,1
108163,1261,Footwear,2744.42,3.6,UPI,10,1,0.1,0.24,21,1,0
108164,1852,Furniture,7300.11,14.5,UPI,12,0,0.0,0.11,53,0,0
108165,2068,Home & Kitchen,1987.82,16.8,Debit Card,17,0,0.0,0.07,22,1,0
108166,196,Apparel - Womens,1933.19,4.7,COD,17,4,0.235,0.28,20,1,1
108167,1851,Mobile Accessories,669.7,3.3,COD,8,3,0.375,0.06,114,1,0
108168,1670,Beauty,767.96,5.8,Credit Card,16,1,0.062,0.05,3,3,0
108169,1240,Home & Kitchen,2216.63,31.2,Debit Card,12,3,0.25,0.07,17,1,0
108170,1773,Apparel - Mens,1308.19,18.0,UPI,12,3,0.25,0.19,38,1,0
108171,1317,Mobile Accessories,675.75,1.8,Debit Card,10,1,0.1,0.06,3,1,0
108172,679,Electronics,8352.44,11.8,Netbanking,13,0,0.0,0.09,42,0,0
108173,807,Apparel - Womens,3294.5,16.5,Credit Card,12,1,0.083,0.28,31,1,0
108174,575,Apparel - Mens,799.75,23.1,Credit Card,14,3,0.214,0.19,28,1,1
108175,1168,Apparel - Womens,1138.06,25.8,Credit Card,14,2,0.143,0.28,9,1,1
108176,110,Beauty,1576.5,14.9,UPI,11,1,0.091,0.05,6,2,0
108177,279,Apparel - Womens,1732.42,2.5,UPI,20,0,0.0,0.28,29,0,1
108178,793,Beauty,809.81,5.8,UPI,9,0,0.0,0.05,18,0,0
108179,286,Furniture,3774.84,5.4,UPI,7,3,0.429,0.11,8,2,0
108180,375,Mobile Accessories,255.62,8.0,UPI,8,3,0.375,0.06,20,0,1
108181,165,Electronics,7326.47,10.9,COD,16,0,0.0,0.09,24,1,0
108182,1248,Furniture,12277.99,9.0,Netbanking,9,0,0.0,0.11,0,1,0
108183,1334,Footwear,3280.57,3.0,COD,8,4,0.5,0.24,73,0,1
108184,232,Apparel - Mens,2218.82,9.3,Credit Card,11,4,0.364,0.19,54,1,1
108185,437,Mobile Accessories,1103.36,7.8,COD,8,1,0.125,0.06,23,1,0
108186,10,Apparel - Womens,1025.0,23.1,Credit Card,9,4,0.444,0.28,5,1,0
108187,1069,Furniture,4786.18,3.3,Credit Card,11,0,0.0,0.11,13,0,0
108188,1140,Beauty,511.26,20.2,Debit Card,9,0,0.0,0.05,27,0,1
108189,1791,Furniture,5392.61,3.9,COD,13,2,0.154,0.11,39,0,0
108190,1169,Furniture,9118.1,27.0,COD,9,1,0.111,0.11,16,2,0
108191,553,Furniture,7930.05,15.0,Credit Card,18,1,0.056,0.11,6,1,0
108192,783,Home & Kitchen,995.4,6.0,COD,10,1,0.1,0.07,0,1,0
108193,2184,Footwear,1940.3,17.2,UPI,14,4,0.286,0.24,42,2,0
108194,247,Apparel - Mens,2640.97,9.2,Netbanking,15,1,0.067,0.19,15,2,0
108195,525,Home & Kitchen,2915.52,9.9,Debit Card,14,0,0.0,0.07,0,2,0
108196,1603,Home & Kitchen,150.0,14.9,Credit Card,10,3,0.3,0.07,82,3,0
108197,1261,Furniture,12621.8,8.9,COD,10,1,0.1,0.11,13,2,0
108198,551,Apparel - Womens,1816.34,14.4,Credit Card,17,5,0.294,0.28,44,1,0
108199,1295,Apparel - Womens,1768.5,16.7,COD,10,1,0.1,0.28,23,1,0
108200,2176,Apparel - Mens,2183.81,15.0,COD,10,2,0.2,0.19,19,1,1
108201,837,Footwear,3471.8,13.8,Credit Card,10,1,0.1,0.24,41,2,0
108202,1159,Home & Kitchen,1626.49,9.2,UPI,13,2,0.154,0.07,16,1,0
108203,944,Beauty,1149.63,12.6,Credit Card,16,3,0.188,0.05,0,3,0
108204,1782,Furniture,11836.62,42.5,Credit Card,13,0,0.0,0.11,58,1,0
108205,51,Apparel - Womens,3344.95,18.8,UPI,12,4,0.333,0.28,107,0,1
108206,785,Mobile Accessories,780.56,14.4,COD,12,3,0.25,0.06,40,1,0
108207,1547,Furniture,6495.84,10.0,UPI,17,2,0.118,0.11,2,2,0
108208,1108,Mobile Accessories,416.19,8.6,Debit Card,12,2,0.167,0.06,57,1,0
108209,1476,Furniture,12391.23,40.7,UPI,7,3,0.429,0.11,59,3,1
108210,464,Apparel - Mens,2112.79,14.0,Credit Card,8,2,0.25,0.19,20,0,0
108211,207,Electronics,3687.11,4.9,UPI,12,2,0.167,0.09,11,3,0
108212,1403,Apparel - Mens,1728.77,27.7,COD,7,2,0.286,0.19,25,0,0
108213,2193,Apparel - Mens,2227.89,3.9,Netbanking,17,2,0.118,0.19,32,0,1
108214,2,Mobile Accessories,859.78,24.7,UPI,11,2,0.182,0.06,13,0,0
108215,618,Electronics,8415.73,3.0,Credit Card,9,1,0.111,0.09,62,0,0
108216,796,Apparel - Mens,2105.21,18.8,Credit Card,8,2,0.25,0.19,6,1,0
108217,260,Footwear,2094.82,13.8,Credit Card,11,5,0.455,0.24,12,2,1
108218,666,Apparel - Mens,956.75,4.5,COD,14,2,0.143,0.19,26,1,0
108219,1076,Furniture,6027.57,9.2,UPI,8,2,0.25,0.11,56,2,1
108220,303,Beauty,1196.78,7.6,Debit Card,11,2,0.182,0.05,28,4,0
108221,1088,Electronics,14891.97,16.8,UPI,14,2,0.143,0.09,3,0,0
108222,836,Home & Kitchen,2025.49,11.1,Credit Card,11,2,0.182,0.07,81,1,0
108223,1969,Mobile Accessories,1005.08,6.9,Debit Card,10,4,0.4,0.06,51,1,0
108224,1492,Furniture,11342.72,10.3,Netbanking,10,2,0.2,0.11,23,1,0
108225,55,Beauty,1256.23,14.1,Credit Card,13,3,0.231,0.05,3,3,0
108226,1693,Apparel - Mens,1019.26,20.2,Credit Card,11,1,0.091,0.19,32,1,0
108227,852,Home & Kitchen,1150.39,12.7,UPI,13,0,0.0,0.07,30,1,0
108228,1982,Apparel - Mens,150.0,9.3,Credit Card,9,1,0.111,0.19,0,0,0
108229,2062,Electronics,5983.86,3.3,Credit Card,11,3,0.273,0.09,54,1,1
108230,986,Beauty,746.33,1.7,Credit Card,14,0,0.0,0.05,6,0,0
108231,1259,Apparel - Womens,1568.91,4.2,Credit Card,11,1,0.091,0.28,1,1,0
108232,1703,Furniture,287.39,23.5,Debit Card,6,2,0.333,0.11,22,3,0
108233,433,Beauty,1039.44,7.9,COD,14,4,0.286,0.05,42,1,0
108234,136,Furniture,150.0,3.3,Credit Card,13,0,0.0,0.11,39,3,0
108235,636,Mobile Accessories,953.14,8.0,Debit Card,8,1,0.125,0.06,12,2,0
108236,1120,Mobile Accessories,604.94,4.7,COD,17,3,0.176,0.06,2,2,0
108237,1872,Electronics,8794.21,14.6,Credit Card,11,1,0.091,0.09,3,1,0
108238,45,Home & Kitchen,1488.53,1.8,UPI,13,1,0.077,0.07,4,2,0
108239,2092,Furniture,9616.06,12.2,Credit Card,7,1,0.143,0.11,127,0,0
108240,1076,Beauty,1054.3,0.4,Credit Card,8,2,0.25,0.05,13,2,0
108241,1692,Footwear,2192.28,3.5,UPI,13,0,0.0,0.24,20,3,0
108242,371,Mobile Accessories,724.02,2.0,Debit Card,15,1,0.067,0.06,24,0,0
108243,1224,Mobile Accessories,895.27,15.7,UPI,15,3,0.2,0.06,44,1,0
108244,1360,Electronics,8594.39,7.2,Credit Card,15,0,0.0,0.09,45,2,0
108245,1736,Electronics,9085.29,22.3,COD,18,5,0.278,0.09,6,0,0
108246,692,Footwear,4524.47,8.0,UPI,13,6,0.462,0.24,1,0,1
108247,66,Footwear,2913.08,1.6,Credit Card,12,2,0.167,0.24,21,0,1
108248,1612,Beauty,519.62,0.2,COD,9,2,0.222,0.05,60,1,1
108249,793,Furniture,10790.5,27.0,Debit Card,9,0,0.0,0.11,78,0,0
108250,314,Beauty,937.52,8.7,Credit Card,8,0,0.0,0.05,26,4,0
108251,1117,Footwear,2114.48,15.0,COD,15,2,0.133,0.24,28,0,0
108252,1897,Home & Kitchen,1292.16,28.4,UPI,11,0,0.0,0.07,68,1,1
108253,888,Mobile Accessories,1051.27,32.7,Netbanking,17,2,0.118,0.06,17,3,0
108254,1258,Beauty,457.64,26.7,UPI,10,0,0.0,0.05,53,2,0
108255,610,Apparel - Mens,1829.57,3.1,Credit Card,9,1,0.111,0.19,31,0,0
108256,1355,Apparel - Womens,1569.55,5.1,Debit Card,7,0,0.0,0.28,30,0,0
108257,723,Footwear,2552.27,9.4,COD,10,0,0.0,0.24,0,0,0
108258,478,Mobile Accessories,754.71,15.0,COD,16,3,0.188,0.06,12,0,0
108259,339,Beauty,973.37,15.1,Netbanking,16,0,0.0,0.05,37,3,0
108260,1013,Apparel - Womens,1396.69,3.8,UPI,17,2,0.118,0.28,99,0,0
108261,1739,Mobile Accessories,671.28,16.7,UPI,13,4,0.308,0.06,16,2,0
108262,1835,Footwear,664.76,14.0,Credit Card,17,2,0.118,0.24,1,1,0
108263,1556,Apparel - Womens,2061.16,2.3,COD,12,2,0.167,0.28,31,2,0
108264,1019,Mobile Accessories,919.15,12.8,UPI,17,5,0.294,0.06,1,0,0
108265,331,Beauty,656.76,9.5,Credit Card,10,3,0.3,0.05,18,3,0
108266,1504,Apparel - Womens,2510.62,13.2,UPI,11,3,0.273,0.28,30,1,0
108267,892,Mobile Accessories,695.61,14.5,UPI,17,7,0.412,0.06,7,2,1
108268,1045,Home & Kitchen,1335.71,16.1,COD,13,6,0.462,0.07,50,0,1
108269,2145,Mobile Accessories,634.89,14.2,UPI,16,0,0.0,0.06,42,3,0
108270,525,Beauty,556.34,0.5,Debit Card,14,0,0.0,0.05,27,0,0
108271,1857,Mobile Accessories,890.9,17.9,COD,7,1,0.143,0.06,33,3,1
108272,1440,Electronics,9851.78,10.5,COD,10,1,0.1,0.09,64,2,0
108273,1068,Beauty,1144.53,8.8,COD,9,0,0.0,0.05,183,0,0
108274,540,Footwear,1965.3,15.7,Credit Card,14,0,0.0,0.24,27,2,0
108275,1161,Home & Kitchen,3574.13,9.3,Netbanking,13,1,0.077,0.07,36,0,0
108276,586,Apparel - Womens,1245.01,5.8,Credit Card,13,4,0.308,0.28,58,0,1
108277,802,Electronics,3143.91,29.9,UPI,15,0,0.0,0.09,23,0,0
108278,362,Footwear,1889.18,24.1,UPI,10,4,0.4,0.24,9,1,1
108279,833,Apparel - Womens,2330.67,8.1,UPI,14,4,0.286,0.28,25,2,1
108280,289,Footwear,2811.44,35.9,UPI,10,1,0.1,0.24,18,3,0
108281,1457,Home & Kitchen,2531.38,14.8,COD,8,0,0.0,0.07,92,1,0
108282,1258,Mobile Accessories,742.53,7.6,UPI,10,0,0.0,0.06,43,2,0
108283,50,Apparel - Mens,2488.67,6.9,Credit Card,8,0,0.0,0.19,25,3,1
108284,459,Apparel - Womens,1141.05,5.4,Netbanking,18,4,0.222,0.28,8,1,1
108285,1498,Beauty,1089.68,14.1,UPI,13,1,0.077,0.05,4,2,0
108286,891,Apparel - Mens,432.31,3.7,COD,15,5,0.333,0.19,47,2,0
108287,571,Mobile Accessories,592.44,7.8,Credit Card,19,2,0.105,0.06,16,3,0
108288,2173,Footwear,2905.81,9.8,UPI,20,10,0.5,0.24,1,2,0
108289,1437,Footwear,1803.89,2.7,Credit Card,12,2,0.167,0.24,5,1,1
108290,1569,Electronics,4040.87,2.3,UPI,11,1,0.091,0.09,7,1,0
108291,816,Beauty,988.03,13.5,COD,15,2,0.133,0.05,0,2,0
108292,1823,Apparel - Mens,1240.0,19.1,Debit Card,17,0,0.0,0.19,2,2,1
108293,1935,Footwear,2466.96,35.1,COD,14,0,0.0,0.24,2,0,0
108294,1937,Electronics,5342.62,8.0,UPI,14,2,0.143,0.09,0,1,0
108295,560,Mobile Accessories,951.15,12.4,UPI,9,3,0.333,0.06,34,0,0
108296,1984,Footwear,4050.39,3.4,UPI,11,3,0.273,0.24,46,2,0
108297,1539,Beauty,1036.64,8.8,UPI,9,1,0.111,0.05,8,1,0
108298,171,Apparel - Womens,1533.51,12.6,Credit Card,9,2,0.222,0.28,43,1,0
108299,389,Footwear,3445.01,8.6,UPI,13,4,0.308,0.24,5,1,1
108300,1965,Mobile Accessories,1138.33,8.4,COD,13,1,0.077,0.06,77,1,0
108301,1574,Beauty,405.1,37.5,UPI,9,0,0.0,0.05,19,0,0
108302,1912,Apparel - Womens,814.11,6.4,COD,11,5,0.455,0.28,23,4,0
108303,371,Apparel - Mens,1488.11,9.8,UPI,15,1,0.067,0.19,0,1,0
108304,506,Furniture,6632.5,10.5,Credit Card,10,1,0.1,0.11,5,0,0
108305,902,Home & Kitchen,3288.01,3.7,COD,17,11,0.647,0.07,66,1,0
108306,299,Apparel - Mens,846.04,9.7,Credit Card,11,2,0.182,0.19,5,0,0
108307,1514,Apparel - Womens,1007.38,6.7,UPI,12,1,0.083,0.28,63,0,0
108308,817,Beauty,1291.88,12.6,COD,11,3,0.273,0.05,8,1,0
108309,512,Electronics,3756.89,9.3,UPI,13,1,0.077,0.09,9,1,0
108310,484,Apparel - Mens,1928.92,4.7,UPI,5,0,0.0,0.19,39,2,0
108311,1040,Apparel - Womens,2086.37,30.2,Debit Card,18,8,0.444,0.28,144,0,0
108312,714,Beauty,1075.36,9.2,Debit Card,9,0,0.0,0.05,41,1,0
108313,1689,Electronics,7897.0,1.2,Debit Card,16,3,0.188,0.09,57,2,0
108314,513,Footwear,2085.5,12.5,COD,13,0,0.0,0.24,14,3,0
108315,158,Home & Kitchen,3472.49,11.4,Credit Card,14,1,0.071,0.07,14,1,0
108316,1266,Apparel - Mens,1697.3,5.3,Debit Card,14,1,0.071,0.19,13,3,0
108317,1423,Electronics,5261.92,3.6,COD,13,0,0.0,0.09,6,1,0
108318,465,Electronics,5629.61,26.4,COD,10,3,0.3,0.09,2,1,0
108319,1474,Electronics,6114.52,16.5,UPI,11,0,0.0,0.09,37,2,0
108320,1571,Home & Kitchen,2359.39,3.9,UPI,13,0,0.0,0.07,17,1,0
108321,1659,Electronics,9232.69,9.3,UPI,11,0,0.0,0.09,27,1,1
108322,966,Electronics,10167.08,10.5,Debit Card,12,4,0.333,0.09,3,0,1
108323,977,Home & Kitchen,1952.91,1.1,Debit Card,16,2,0.125,0.07,12,1,0
108324,1810,Mobile Accessories,818.37,28.2,UPI,15,6,0.4,0.06,75,1,0
108325,169,Apparel - Womens,2796.77,5.7,UPI,12,2,0.167,0.28,19,2,1
108326,253,Furniture,11062.12,5.0,UPI,9,1,0.111,0.11,132,3,0
108327,449,Apparel - Mens,2095.63,30.9,UPI,13,4,0.308,0.19,64,3,0
108328,1369,Electronics,1441.99,12.9,COD,10,3,0.3,0.09,72,1,0
108329,1180,Apparel - Womens,1878.38,6.3,COD,16,1,0.062,0.28,0,2,0
108330,1835,Apparel - Womens,1358.3,4.6,Netbanking,17,2,0.118,0.28,8,1,0
108331,129,Home & Kitchen,1138.58,3.8,UPI,13,7,0.538,0.07,1,0,1
108332,793,Apparel - Mens,1582.83,0.2,UPI,9,0,0.0,0.19,2,2,0
108333,1343,Electronics,4472.69,6.2,UPI,17,0,0.0,0.09,125,2,0
108334,1561,Furniture,10581.15,9.8,UPI,9,2,0.222,0.11,12,2,0
108335,717,Apparel - Womens,1680.01,2.3,Netbanking,7,1,0.143,0.28,66,1,0
108336,183,Beauty,570.77,7.2,COD,12,1,0.083,0.05,106,1,0
108337,1924,Apparel - Mens,1027.75,17.5,UPI,11,6,0.545,0.19,31,3,1
108338,658,Apparel - Womens,2141.12,8.8,Credit Card,12,0,0.0,0.28,82,0,0
108339,1529,Furniture,4675.7,32.8,UPI,12,3,0.25,0.11,47,1,0
108340,400,Beauty,881.67,2.3,Debit Card,10,0,0.0,0.05,61,1,0
108341,250,Apparel - Mens,1517.27,15.5,Debit Card,9,2,0.222,0.19,35,1,0
108342,1814,Footwear,1790.84,4.8,Debit Card,11,2,0.182,0.24,132,2,1
108343,963,Home & Kitchen,2406.36,23.0,UPI,13,3,0.231,0.07,24,0,1
108344,1344,Electronics,9027.82,4.4,Debit Card,12,2,0.167,0.09,184,1,0
108345,1680,Footwear,2384.03,16.4,UPI,13,3,0.231,0.24,101,0,0
108346,492,Home & Kitchen,2701.38,27.7,Debit Card,16,7,0.438,0.07,0,0,0
108347,1045,Furniture,11467.27,8.0,COD,13,6,0.462,0.11,101,1,0
108348,417,Electronics,5899.98,13.0,COD,10,2,0.2,0.09,107,1,0
108349,1251,Furniture,14664.02,8.1,UPI,15,1,0.067,0.11,20,2,0
108350,562,Footwear,3261.15,7.4,Netbanking,13,2,0.154,0.24,31,0,1
108351,523,Electronics,8615.91,20.6,UPI,18,5,0.278,0.09,61,0,0
108352,1301,Beauty,1198.13,21.4,UPI,17,1,0.059,0.05,55,0,0
108353,2091,Beauty,1394.95,7.8,Debit Card,13,4,0.308,0.05,34,1,0
108354,1304,Mobile Accessories,1208.63,11.0,Netbanking,13,4,0.308,0.06,0,0,0
108355,21,Home & Kitchen,1449.73,1.2,UPI,10,2,0.2,0.07,50,2,0
108356,1640,Footwear,1668.22,19.4,Credit Card,11,2,0.182,0.24,9,3,0
108357,67,Beauty,1446.23,9.7,UPI,7,1,0.143,0.05,62,2,0
108358,177,Footwear,1104.41,20.5,COD,14,4,0.286,0.24,37,0,1
108359,2076,Apparel - Mens,2274.56,24.5,UPI,12,3,0.25,0.19,64,0,1
108360,342,Mobile Accessories,633.22,9.5,Credit Card,14,1,0.071,0.06,49,3,0
108361,1112,Apparel - Mens,1560.41,6.2,UPI,9,1,0.111,0.19,33,0,0
108362,956,Mobile Accessories,987.71,20.3,COD,7,1,0.143,0.06,45,2,1
108363,354,Mobile Accessories,1057.2,14.9,COD,13,4,0.308,0.06,3,5,0
108364,984,Footwear,4308.48,17.2,UPI,7,0,0.0,0.24,62,0,1
108365,971,Apparel - Womens,2557.61,3.8,COD,11,1,0.091,0.28,140,0,0
108366,1695,Furniture,12624.34,26.4,Credit Card,12,3,0.25,0.11,66,3,0
108367,1250,Beauty,1168.44,3.6,COD,16,1,0.062,0.05,4,2,0
108368,598,Home & Kitchen,3328.5,13.0,COD,19,5,0.263,0.07,9,1,0
108369,1005,Footwear,2004.19,29.5,UPI,9,2,0.222,0.24,11,2,0
108370,1470,Footwear,2041.39,37.1,Credit Card,13,6,0.462,0.24,15,1,0
108371,726,Mobile Accessories,619.98,4.1,Netbanking,10,3,0.3,0.06,27,1,0
108372,1530,Mobile Accessories,579.86,7.7,Credit Card,16,3,0.188,0.06,13,3,0
108373,1739,Home & Kitchen,2566.58,3.3,COD,13,4,0.308,0.07,8,1,1
108374,2125,Apparel - Mens,1106.43,7.1,COD,11,3,0.273,0.19,24,0,0
108375,1896,Footwear,2536.35,19.9,UPI,7,6,0.857,0.24,11,1,1
108376,1550,Beauty,946.12,9.5,Credit Card,20,6,0.3,0.05,70,0,0
108377,979,Furniture,8356.82,5.2,COD,15,4,0.267,0.11,0,0,0
108378,324,Furniture,11055.48,2.6,COD,7,1,0.143,0.11,48,1,0
108379,492,Beauty,836.08,21.8,UPI,16,7,0.438,0.05,8,2,1
108380,1090,Furniture,9969.55,0.5,COD,15,4,0.267,0.11,22,2,1
108381,961,Mobile Accessories,698.56,19.3,COD,14,0,0.0,0.06,5,0,0
108382,1801,Furniture,9906.16,9.0,UPI,20,1,0.05,0.11,68,0,0
108383,946,Furniture,12173.17,5.3,Debit Card,14,6,0.429,0.11,35,0,0
108384,1903,Beauty,1370.7,5.6,COD,14,3,0.214,0.05,38,2,0
108385,1984,Beauty,1059.99,14.5,Debit Card,11,3,0.273,0.05,48,0,0
108386,1820,Footwear,2209.13,4.8,UPI,7,1,0.143,0.24,16,3,1
108387,1507,Apparel - Womens,817.68,0.6,Credit Card,12,0,0.0,0.28,2,2,0
108388,74,Apparel - Womens,1806.45,29.2,Debit Card,11,3,0.273,0.28,29,0,0
108389,1706,Furniture,5570.96,11.8,UPI,12,5,0.417,0.11,3,0,0
108390,211,Footwear,1579.2,11.6,COD,10,3,0.3,0.24,71,2,0
108391,1491,Furniture,8543.22,1.1,Debit Card,19,4,0.211,0.11,60,0,0
108392,52,Home & Kitchen,1670.79,7.8,COD,11,0,0.0,0.07,85,4,0
108393,1271,Apparel - Mens,1648.88,25.5,Netbanking,20,1,0.05,0.19,51,0,1
108394,1860,Footwear,1570.95,10.7,UPI,13,4,0.308,0.24,19,1,0
108395,833,Beauty,935.08,9.0,UPI,14,4,0.286,0.05,14,0,0
108396,1280,Mobile Accessories,502.84,7.4,UPI,18,0,0.0,0.06,20,4,0
108397,282,Footwear,2474.06,13.8,Netbanking,14,1,0.071,0.24,0,0,0
108398,1111,Furniture,11340.71,12.2,Debit Card,11,1,0.091,0.11,1,2,1
108399,437,Apparel - Mens,2592.09,13.7,UPI,8,1,0.125,0.19,26,0,0
108400,1607,Beauty,1591.69,12.2,Netbanking,10,1,0.1,0.05,50,0,0
108401,1963,Beauty,521.39,10.1,Credit Card,12,3,0.25,0.05,2,1,1
108402,970,Apparel - Womens,1972.5,4.5,Credit Card,10,0,0.0,0.28,2,0,0
108403,2153,Beauty,607.95,18.5,Credit Card,12,5,0.417,0.05,73,1,0
108404,547,Electronics,5487.4,10.8,COD,14,0,0.0,0.09,28,0,0
108405,1535,Apparel - Womens,1315.22,0.4,UPI,6,1,0.167,0.28,2,0,0
108406,2155,Footwear,1314.64,6.1,Credit Card,15,1,0.067,0.24,40,3,1
108407,199,Mobile Accessories,1157.3,3.1,UPI,20,7,0.35,0.06,6,1,0
108408,331,Mobile Accessories,645.09,44.0,Debit Card,10,3,0.3,0.06,60,2,1
108409,1302,Beauty,904.4,27.7,Credit Card,15,7,0.467,0.05,6,2,1
108410,813,Electronics,5818.21,25.9,UPI,12,2,0.167,0.09,31,3,0
108411,1560,Home & Kitchen,1668.65,3.4,Debit Card,11,0,0.0,0.07,142,1,0
108412,2053,Footwear,1014.5,9.5,UPI,14,3,0.214,0.24,0,2,0
108413,768,Electronics,3117.23,7.2,Credit Card,10,3,0.3,0.09,6,0,0
108414,1720,Footwear,1572.82,6.7,Credit Card,21,2,0.095,0.24,1,3,0
108415,677,Home & Kitchen,2272.97,7.5,UPI,12,4,0.333,0.07,28,2,0
108416,1400,Furniture,9401.19,4.5,UPI,12,2,0.167,0.11,8,0,0
108417,590,Footwear,3322.76,5.6,Netbanking,9,0,0.0,0.24,19,1,0
108418,547,Apparel - Womens,2597.16,8.5,Credit Card,14,0,0.0,0.28,40,1,0
108419,1568,Apparel - Womens,1193.08,23.2,Credit Card,9,2,0.222,0.28,127,2,0
108420,1059,Furniture,8749.97,26.8,Debit Card,11,0,0.0,0.11,7,1,0
108421,920,Footwear,3006.81,9.1,UPI,12,4,0.333,0.24,28,1,0
108422,213,Electronics,8845.74,2.6,UPI,13,5,0.385,0.09,86,0,0
108423,465,Footwear,2598.1,21.6,Debit Card,10,3,0.3,0.24,11,1,0
108424,1764,Furniture,10003.92,2.2,UPI,13,2,0.154,0.11,1,0,0
108425,1918,Mobile Accessories,1181.85,1.0,Credit Card,16,1,0.062,0.06,64,3,0
108426,493,Furniture,9706.55,5.1,COD,18,6,0.333,0.11,70,2,0
108427,353,Footwear,3255.67,29.8,COD,13,3,0.231,0.24,23,2,0
108428,1195,Apparel - Mens,1750.01,6.6,Credit Card,17,10,0.588,0.19,58,0,0
108429,259,Furniture,15086.23,4.0,Credit Card,12,0,0.0,0.11,47,0,0
108430,1038,Mobile Accessories,873.61,1.9,Credit Card,11,1,0.091,0.06,15,3,0
108431,1248,Electronics,4433.37,8.5,Credit Card,9,0,0.0,0.09,42,2,0
108432,99,Footwear,2935.09,0.1,Debit Card,9,4,0.444,0.24,11,2,1
108433,1223,Apparel - Mens,1545.43,18.1,UPI,13,0,0.0,0.19,26,2,0
108434,2152,Furniture,16631.67,6.6,Credit Card,9,3,0.333,0.11,9,3,0
108435,1978,Beauty,602.7,11.3,Credit Card,16,2,0.125,0.05,39,2,0
108436,696,Home & Kitchen,3135.3,14.0,COD,10,1,0.1,0.07,45,1,0
108437,1190,Apparel - Womens,1522.15,2.1,Debit Card,16,1,0.062,0.28,14,0,0
108438,146,Beauty,989.14,23.1,COD,16,3,0.188,0.05,36,0,0
108439,1262,Furniture,14284.85,3.7,Debit Card,14,2,0.143,0.11,14,0,0
108440,1027,Mobile Accessories,695.64,9.0,COD,14,2,0.143,0.06,59,1,0
108441,1165,Apparel - Womens,2097.65,11.4,UPI,7,0,0.0,0.28,6,0,0
108442,2173,Apparel - Womens,2327.64,26.5,UPI,20,10,0.5,0.28,15,1,1
108443,284,Home & Kitchen,1765.22,22.2,UPI,16,6,0.375,0.07,21,4,0
108444,796,Beauty,1046.75,4.9,UPI,8,2,0.25,0.05,12,2,0
108445,1391,Beauty,449.26,10.1,UPI,9,4,0.444,0.05,20,1,0
108446,2187,Home & Kitchen,3678.73,34.0,UPI,14,1,0.071,0.07,24,0,0
108447,1572,Footwear,2219.53,3.1,UPI,9,0,0.0,0.24,1,0,1
108448,1687,Electronics,3706.06,21.8,UPI,14,0,0.0,0.09,29,0,0
108449,870,Home & Kitchen,2648.33,13.6,UPI,12,2,0.167,0.07,106,1,1
108450,1414,Beauty,804.31,21.8,Debit Card,11,3,0.273,0.05,12,2,1
108451,1901,Electronics,11518.5,4.0,Netbanking,15,8,0.533,0.09,5,3,1
108452,922,Footwear,1087.8,1.1,UPI,14,0,0.0,0.24,71,0,0
108453,791,Apparel - Womens,2745.84,11.3,Credit Card,12,0,0.0,0.28,88,2,0
108454,1788,Home & Kitchen,2868.91,12.6,COD,13,8,0.615,0.07,16,1,0
108455,585,Electronics,1406.18,9.8,Credit Card,10,4,0.4,0.09,28,3,0
108456,212,Mobile Accessories,1090.44,24.4,Credit Card,11,0,0.0,0.06,73,1,1
108457,1370,Electronics,10228.51,23.9,COD,6,2,0.333,0.09,49,1,0
108458,299,Apparel - Mens,1914.62,5.7,Credit Card,11,2,0.182,0.19,41,2,0
108459,1435,Footwear,2592.57,33.0,COD,9,0,0.0,0.24,98,0,0
108460,1027,Furniture,9703.43,13.5,UPI,14,2,0.143,0.11,148,0,1
108461,2057,Mobile Accessories,416.75,9.9,Debit Card,8,1,0.125,0.06,10,1,0
108462,230,Apparel - Womens,2543.19,0.4,Netbanking,12,1,0.083,0.28,73,0,0
108463,774,Footwear,330.27,15.8,Netbanking,9,4,0.444,0.24,4,1,1
108464,1342,Apparel - Mens,2130.75,2.5,Credit Card,15,0,0.0,0.19,71,1,0
108465,672,Home & Kitchen,2773.15,21.9,Debit Card,9,5,0.556,0.07,11,0,1
108466,2125,Apparel - Womens,3129.63,22.2,Debit Card,11,3,0.273,0.28,1,1,0
108467,1805,Apparel - Womens,1428.24,2.6,Credit Card,19,2,0.105,0.28,32,1,0
108468,2000,Apparel - Mens,1484.49,10.0,COD,16,2,0.125,0.19,16,1,1
108469,1590,Mobile Accessories,852.07,13.8,COD,9,0,0.0,0.06,129,2,0
108470,312,Furniture,12711.13,2.7,Credit Card,11,1,0.091,0.11,16,0,0
108471,1533,Mobile Accessories,593.58,27.4,UPI,13,2,0.154,0.06,8,3,0
108472,1079,Mobile Accessories,813.79,16.2,UPI,12,3,0.25,0.06,10,1,0
108473,972,Furniture,6776.64,7.8,UPI,10,7,0.7,0.11,22,1,0
108474,1637,Footwear,2320.43,3.2,UPI,13,0,0.0,0.24,15,1,0
108475,1103,Electronics,10930.71,7.5,Credit Card,11,1,0.091,0.09,66,2,0
108476,950,Electronics,4775.82,6.2,COD,16,10,0.625,0.09,3,1,0
108477,1680,Furniture,3510.83,5.7,Credit Card,13,3,0.231,0.11,44,0,0
108478,33,Electronics,7564.74,0.5,UPI,15,0,0.0,0.09,104,3,0
108479,1178,Home & Kitchen,2540.53,4.9,Debit Card,13,3,0.231,0.07,22,1,0
108480,625,Apparel - Womens,1114.32,32.2,Netbanking,12,0,0.0,0.28,99,1,1
108481,2145,Electronics,6863.95,11.7,COD,16,0,0.0,0.09,21,3,0
108482,942,Apparel - Mens,1478.71,13.5,Debit Card,14,1,0.071,0.19,33,2,0
108483,140,Furniture,5707.85,25.9,Credit Card,7,1,0.143,0.11,126,1,0
108484,1520,Home & Kitchen,2136.99,16.0,UPI,13,1,0.077,0.07,49,1,0
108485,1802,Electronics,4078.64,4.5,Credit Card,16,2,0.125,0.09,16,3,0
108486,1000,Home & Kitchen,1557.08,14.8,UPI,12,1,0.083,0.07,3,3,0
108487,2138,Mobile Accessories,303.83,26.4,COD,15,9,0.6,0.06,11,0,1
108488,2050,Beauty,1028.66,9.6,UPI,15,5,0.333,0.05,6,1,1
108489,387,Apparel - Womens,2456.92,24.0,UPI,14,3,0.214,0.28,44,1,1
108490,333,Footwear,1397.43,9.1,Debit Card,12,0,0.0,0.24,61,1,1
108491,1639,Apparel - Mens,2638.09,4.9,Netbanking,8,2,0.25,0.19,43,2,0
108492,1230,Apparel - Mens,1584.62,34.1,Credit Card,8,1,0.125,0.19,17,0,0
108493,572,Footwear,1810.37,5.3,COD,9,2,0.222,0.24,3,1,1
108494,40,Apparel - Mens,1891.89,19.3,COD,13,0,0.0,0.19,24,3,0
108495,1645,Apparel - Womens,1366.98,8.7,UPI,11,3,0.273,0.28,5,1,1
108496,2109,Apparel - Womens,2227.69,6.1,Credit Card,14,1,0.071,0.28,25,1,0
108497,1891,Furniture,11013.69,9.7,UPI,7,1,0.143,0.11,5,0,0
108498,1167,Apparel - Womens,2407.4,7.2,Debit Card,19,2,0.105,0.28,19,0,1
108499,956,Apparel - Mens,1393.54,42.6,UPI,7,1,0.143,0.19,13,1,0
108500,597,Mobile Accessories,953.33,28.1,Credit Card,13,1,0.077,0.06,9,1,0
108501,1592,Home & Kitchen,2957.39,16.3,Credit Card,7,1,0.143,0.07,22,0,1
108502,826,Apparel - Womens,2097.46,3.6,COD,9,6,0.667,0.28,93,1,1
108503,825,Mobile Accessories,634.79,25.4,UPI,11,3,0.273,0.06,38,0,0
108504,791,Mobile Accessories,533.34,2.2,COD,12,0,0.0,0.06,3,1,0
108505,1443,Home & Kitchen,2511.39,6.3,UPI,8,2,0.25,0.07,14,2,0
108506,1434,Mobile Accessories,1123.14,7.5,Debit Card,7,2,0.286,0.06,19,2,0
108507,1259,Apparel - Mens,423.27,23.8,Netbanking,11,1,0.091,0.19,68,0,0
108508,198,Beauty,894.09,10.4,Credit Card,14,1,0.071,0.05,71,0,0
108509,2160,Footwear,854.13,17.1,UPI,11,0,0.0,0.24,3,0,0
108510,526,Beauty,511.03,3.0,UPI,9,1,0.111,0.05,9,0,0
108511,912,Mobile Accessories,1471.43,2.4,UPI,12,1,0.083,0.06,18,3,0
108512,1771,Beauty,795.25,24.2,COD,15,0,0.0,0.05,89,1,0
108513,1913,Furniture,12120.38,40.9,UPI,10,3,0.3,0.11,62,1,0
108514,1485,Home & Kitchen,2581.62,17.3,Debit Card,9,0,0.0,0.07,22,4,0
108515,169,Apparel - Womens,2633.24,23.5,Credit Card,12,2,0.167,0.28,33,2,0
108516,2156,Mobile Accessories,419.95,2.7,UPI,10,2,0.2,0.06,22,2,0
108517,2138,Apparel - Mens,1762.17,13.1,UPI,15,9,0.6,0.19,43,0,0
108518,561,Footwear,3644.01,15.2,COD,16,2,0.125,0.24,27,1,0
108519,150,Home & Kitchen,1738.73,10.8,Credit Card,12,0,0.0,0.07,28,3,0
108520,787,Apparel - Womens,2739.24,16.3,Credit Card,5,1,0.2,0.28,9,1,0
108521,289,Furniture,14173.13,7.7,COD,10,1,0.1,0.11,52,2,0
108522,1966,Beauty,262.97,15.4,Credit Card,9,1,0.111,0.05,16,1,0
108523,1214,Footwear,3147.88,16.0,UPI,16,0,0.0,0.24,20,1,0
108524,438,Apparel - Mens,1142.49,7.8,UPI,9,3,0.333,0.19,27,1,0
108525,1598,Electronics,3711.86,23.0,Netbanking,12,4,0.333,0.09,62,2,0
108526,176,Furniture,6548.08,16.7,UPI,11,0,0.0,0.11,61,0,0
108527,1388,Apparel - Mens,1783.43,5.3,COD,9,0,0.0,0.19,6,1,0
108528,651,Beauty,979.67,20.8,UPI,8,0,0.0,0.05,15,2,0
108529,1208,Home & Kitchen,2401.03,10.6,Credit Card,14,6,0.429,0.07,0,1,0
108530,981,Apparel - Womens,2180.37,3.9,Credit Card,10,5,0.5,0.28,56,1,0
108531,329,Electronics,5376.89,5.6,Credit Card,13,8,0.615,0.09,3,1,1
108532,1519,Footwear,2088.19,34.1,Credit Card,8,2,0.25,0.24,38,3,1
108533,2164,Footwear,1050.52,27.1,UPI,9,1,0.111,0.24,20,1,0
108534,336,Mobile Accessories,424.3,28.2,UPI,6,4,0.667,0.06,102,0,1
108535,298,Footwear,2746.73,40.1,Netbanking,11,2,0.182,0.24,32,2,0
108536,238,Apparel - Mens,2247.54,8.3,UPI,13,3,0.231,0.19,61,1,0
108537,1572,Electronics,2285.36,12.5,Netbanking,9,0,0.0,0.09,40,0,0
108538,1700,Electronics,11143.85,13.7,Debit Card,11,1,0.091,0.09,12,0,0
108539,607,Electronics,3353.09,20.4,Netbanking,13,2,0.154,0.09,50,1,0
108540,820,Apparel - Womens,1681.58,5.4,Credit Card,13,2,0.154,0.28,27,2,0
108541,2038,Apparel - Womens,1841.76,6.1,Credit Card,17,3,0.176,0.28,8,2,0
108542,1502,Apparel - Womens,2225.15,9.2,Credit Card,9,1,0.111,0.28,36,2,0
108543,1657,Apparel - Mens,1851.05,10.4,Credit Card,13,2,0.154,0.19,1,3,0
108544,936,Apparel - Womens,1717.93,20.3,COD,14,3,0.214,0.28,43,2,0
108545,1870,Footwear,1290.64,13.9,COD,15,2,0.133,0.24,38,1,0
108546,1708,Apparel - Mens,1128.93,6.0,UPI,12,4,0.333,0.19,10,2,0
108547,1428,Apparel - Womens,3055.64,14.2,Credit Card,16,3,0.188,0.28,63,0,1
108548,2085,Electronics,8378.23,3.3,Credit Card,14,1,0.071,0.09,21,1,0
108549,952,Electronics,9384.57,7.5,UPI,10,0,0.0,0.09,34,1,0
108550,131,Electronics,6606.3,27.1,UPI,12,3,0.25,0.09,0,1,0
108551,1795,Mobile Accessories,826.14,15.9,COD,16,3,0.188,0.06,85,1,1
108552,348,Mobile Accessories,1291.57,23.4,COD,13,2,0.154,0.06,3,1,0
108553,1632,Beauty,904.66,8.1,UPI,9,1,0.111,0.05,6,5,0
108554,1845,Furniture,10246.76,46.9,Debit Card,11,4,0.364,0.11,44,1,0
108555,1050,Electronics,10578.8,9.0,UPI,15,12,0.8,0.09,4,0,1
108556,1427,Electronics,7032.57,22.8,UPI,9,0,0.0,0.09,49,0,1
108557,1910,Electronics,2721.83,6.5,Debit Card,11,3,0.273,0.09,61,1,0
108558,1043,Apparel - Womens,2178.29,5.5,UPI,12,3,0.25,0.28,72,2,0
108559,941,Home & Kitchen,3750.18,1.5,UPI,9,4,0.444,0.07,16,0,1
108560,1707,Apparel - Womens,2077.2,15.3,Credit Card,9,0,0.0,0.28,33,1,0
108561,1590,Mobile Accessories,773.16,1.7,Debit Card,9,0,0.0,0.06,53,2,0
108562,1854,Apparel - Womens,1664.33,7.1,UPI,16,0,0.0,0.28,90,0,0
108563,308,Beauty,962.25,14.4,Credit Card,13,1,0.077,0.05,25,2,0
108564,1855,Apparel - Mens,1185.33,6.8,Credit Card,12,4,0.333,0.19,26,2,0
108565,114,Footwear,1880.27,9.5,UPI,6,2,0.333,0.24,22,1,0
108566,1653,Furniture,5647.19,10.2,Debit Card,13,1,0.077,0.11,16,1,0
108567,701,Beauty,1345.25,8.6,Credit Card,10,2,0.2,0.05,46,1,1
108568,1908,Footwear,2934.34,6.7,COD,12,2,0.167,0.24,82,2,1
108569,630,Apparel - Womens,1434.41,10.3,UPI,6,2,0.333,0.28,5,1,1
108570,413,Electronics,3098.94,20.4,Credit Card,8,0,0.0,0.09,88,3,0
108571,2067,Mobile Accessories,365.0,23.2,COD,11,4,0.364,0.06,10,0,0
108572,1179,Apparel - Womens,1678.15,2.0,Debit Card,12,1,0.083,0.28,33,1,0
108573,599,Furniture,12529.54,19.6,COD,9,3,0.333,0.11,60,0,0
108574,1792,Electronics,7057.45,1.3,Netbanking,9,1,0.111,0.09,17,0,0
108575,818,Home & Kitchen,1665.61,17.0,COD,15,4,0.267,0.07,3,1,0
108576,459,Beauty,666.98,2.2,Debit Card,18,4,0.222,0.05,4,0,0
108577,399,Footwear,2832.29,7.3,Credit Card,14,3,0.214,0.24,42,0,0
108578,1792,Home & Kitchen,2463.8,9.2,UPI,9,1,0.111,0.07,13,2,0
108579,1968,Apparel - Mens,1067.02,37.3,UPI,9,0,0.0,0.19,56,1,0
108580,1823,Mobile Accessories,150.0,12.3,COD,17,0,0.0,0.06,65,0,1
108581,1845,Beauty,1109.79,16.9,Debit Card,11,4,0.364,0.05,2,0,0
108582,749,Footwear,2634.78,13.5,Netbanking,12,2,0.167,0.24,19,4,0
108583,1131,Beauty,332.38,7.8,Credit Card,10,3,0.3,0.05,1,1,0
108584,154,Apparel - Womens,2076.43,3.3,COD,12,1,0.083,0.28,1,1,0
108585,1564,Mobile Accessories,1018.08,1.8,Debit Card,16,2,0.125,0.06,126,1,0
108586,824,Mobile Accessories,334.15,16.8,Credit Card,8,2,0.25,0.06,4,1,0
108587,1535,Apparel - Mens,2427.36,7.0,Debit Card,6,1,0.167,0.19,15,0,1
108588,635,Footwear,1498.19,26.3,UPI,14,6,0.429,0.24,4,1,0
108589,1818,Apparel - Womens,967.26,11.8,Credit Card,14,7,0.5,0.28,9,2,0
108590,1245,Apparel - Mens,514.46,6.9,UPI,16,1,0.062,0.19,7,0,0
108591,252,Beauty,455.51,18.7,UPI,9,1,0.111,0.05,76,1,0
108592,737,Electronics,10511.56,5.9,Debit Card,15,3,0.2,0.09,64,0,1
108593,2059,Apparel - Womens,1006.58,19.0,COD,16,0,0.0,0.28,43,0,0
108594,1878,Apparel - Womens,1718.68,17.1,Credit Card,18,5,0.278,0.28,9,0,0
108595,828,Mobile Accessories,401.26,21.7,UPI,10,2,0.2,0.06,26,0,0
108596,705,Footwear,1825.21,6.0,UPI,9,1,0.111,0.24,59,2,1
108597,600,Apparel - Womens,902.62,8.7,UPI,14,0,0.0,0.28,43,1,0
108598,505,Apparel - Mens,1613.97,15.2,Debit Card,11,1,0.091,0.19,78,3,0
108599,1239,Apparel - Womens,1925.42,16.5,UPI,12,1,0.083,0.28,0,2,0
108600,1418,Electronics,8183.31,15.3,COD,8,3,0.375,0.09,61,0,0
108601,1729,Apparel - Womens,2443.94,8.6,UPI,17,0,0.0,0.28,3,1,0
108602,1015,Home & Kitchen,2485.97,10.4,UPI,15,3,0.2,0.07,7,1,1
108603,1825,Mobile Accessories,799.03,6.9,Debit Card,10,1,0.1,0.06,16,1,0
108604,878,Home & Kitchen,922.66,4.6,Netbanking,17,1,0.059,0.07,12,1,0
108605,1258,Beauty,408.28,5.9,COD,10,0,0.0,0.05,58,0,0
108606,688,Home & Kitchen,3498.46,8.3,UPI,14,4,0.286,0.07,13,1,0
108607,1674,Footwear,2527.75,19.9,Credit Card,11,2,0.182,0.24,11,2,0
108608,1862,Apparel - Mens,2021.48,7.6,Netbanking,17,0,0.0,0.19,137,1,0
108609,1068,Apparel - Mens,810.8,8.8,Credit Card,9,0,0.0,0.19,50,1,1
108610,1833,Footwear,1148.15,13.1,Netbanking,16,2,0.125,0.24,36,1,0
108611,2,Home & Kitchen,2545.15,4.3,Credit Card,11,2,0.182,0.07,24,2,0
108612,342,Footwear,4267.29,9.8,Credit Card,14,1,0.071,0.24,47,1,0
108613,1722,Footwear,2512.09,12.3,COD,15,2,0.133,0.24,2,0,0
108614,1485,Beauty,1440.97,7.8,Credit Card,9,0,0.0,0.05,51,1,0
108615,1418,Apparel - Womens,2057.09,11.6,COD,8,3,0.375,0.28,6,4,1
108616,869,Home & Kitchen,2168.25,9.1,COD,13,1,0.077,0.07,87,0,0
108617,1339,Furniture,10095.18,9.2,Credit Card,12,2,0.167,0.11,16,0,0
108618,337,Mobile Accessories,1329.86,21.0,Debit Card,16,2,0.125,0.06,78,2,0
108619,56,Apparel - Mens,304.1,10.3,COD,14,1,0.071,0.19,12,2,0
108620,2096,Mobile Accessories,814.83,14.1,Debit Card,11,3,0.273,0.06,20,3,0
108621,1416,Electronics,6781.79,1.9,COD,19,4,0.211,0.09,9,1,0
108622,818,Apparel - Womens,1386.63,22.9,COD,15,4,0.267,0.28,92,0,0
108623,49,Home & Kitchen,2553.7,9.7,UPI,14,0,0.0,0.07,3,2,0
108624,1705,Footwear,424.94,25.5,UPI,10,0,0.0,0.24,77,4,0
108625,1241,Apparel - Mens,1907.76,16.4,COD,13,0,0.0,0.19,8,0,0
108626,761,Footwear,1646.01,3.9,COD,14,0,0.0,0.24,1,1,0
108627,5,Beauty,1535.13,10.0,UPI,8,1,0.125,0.05,44,0,0
108628,1091,Footwear,2398.81,24.0,COD,10,4,0.4,0.24,25,0,0
108629,1397,Apparel - Womens,1873.35,12.5,COD,14,4,0.286,0.28,30,3,0
108630,346,Electronics,5485.34,12.8,UPI,12,3,0.25,0.09,23,0,0
108631,398,Apparel - Womens,1444.69,11.9,UPI,16,2,0.125,0.28,5,1,0
108632,421,Beauty,1823.76,17.2,UPI,16,3,0.188,0.05,46,0,0
108633,750,Footwear,2301.81,3.5,Credit Card,15,1,0.067,0.24,31,1,0
108634,1622,Apparel - Mens,2407.36,3.2,COD,10,1,0.1,0.19,30,1,0
108635,1984,Footwear,2625.03,22.0,UPI,11,3,0.273,0.24,91,2,1
108636,672,Electronics,5137.63,7.7,Credit Card,9,5,0.556,0.09,4,2,0
108637,792,Beauty,1767.18,12.1,COD,14,0,0.0,0.05,6,0,0
108638,1695,Footwear,1152.48,18.5,Credit Card,12,3,0.25,0.24,6,2,0
108639,1594,Apparel - Mens,1675.1,21.0,UPI,8,0,0.0,0.19,10,1,0
108640,1522,Electronics,5922.55,8.3,Credit Card,12,1,0.083,0.09,1,1,0
108641,967,Footwear,2653.23,3.4,UPI,13,2,0.154,0.24,31,0,0
108642,553,Furniture,17131.8,18.6,UPI,18,1,0.056,0.11,39,3,1
108643,771,Home & Kitchen,1105.09,3.6,UPI,16,0,0.0,0.07,50,3,1
108644,1457,Footwear,1672.35,4.4,UPI,8,0,0.0,0.24,26,1,0
108645,1432,Apparel - Womens,2628.82,9.6,Debit Card,11,1,0.091,0.28,25,0,0
108646,804,Apparel - Mens,1072.4,12.8,Credit Card,12,6,0.5,0.19,121,1,1
108647,306,Beauty,380.7,8.1,UPI,17,1,0.059,0.05,51,1,0
108648,1472,Footwear,2930.62,0.2,COD,11,2,0.182,0.24,31,1,0
108649,305,Apparel - Womens,2342.95,27.2,Credit Card,10,2,0.2,0.28,80,2,0
108650,1099,Home & Kitchen,3217.39,26.3,UPI,11,2,0.182,0.07,1,2,1
108651,322,Apparel - Womens,2607.37,9.7,Credit Card,16,3,0.188,0.28,42,0,1
108652,317,Mobile Accessories,1078.72,13.7,COD,8,0,0.0,0.06,9,1,0
108653,474,Furniture,9579.66,10.6,Credit Card,10,0,0.0,0.11,27,0,0
108654,1607,Furniture,5646.63,11.1,UPI,10,1,0.1,0.11,3,2,0
108655,1528,Footwear,1137.16,0.2,Debit Card,10,1,0.1,0.24,4,3,0
108656,1244,Home & Kitchen,2206.03,12.9,Credit Card,15,4,0.267,0.07,26,0,0
108657,1337,Beauty,856.25,1.1,UPI,7,2,0.286,0.05,15,1,0
108658,1797,Apparel - Mens,1371.17,19.9,Netbanking,13,0,0.0,0.19,3,0,0
108659,1510,Home & Kitchen,3379.92,15.9,UPI,10,1,0.1,0.07,33,1,0
108660,866,Electronics,12296.27,20.1,UPI,17,0,0.0,0.09,0,1,0
108661,1854,Mobile Accessories,918.66,8.2,COD,16,0,0.0,0.06,10,0,0
108662,651,Beauty,1145.24,9.9,Credit Card,8,0,0.0,0.05,72,2,0
108663,1768,Electronics,10558.89,5.7,Credit Card,12,3,0.25,0.09,11,2,0
108664,1929,Apparel - Womens,1988.94,15.8,Debit Card,11,2,0.182,0.28,2,4,0
108665,950,Footwear,1668.27,9.9,UPI,16,10,0.625,0.24,27,1,0
108666,941,Mobile Accessories,591.36,16.5,UPI,9,4,0.444,0.06,26,0,0
108667,332,Apparel - Mens,1198.76,6.0,UPI,11,5,0.455,0.19,9,3,1
108668,23,Mobile Accessories,730.31,9.6,UPI,16,3,0.188,0.06,30,1,1
108669,1870,Apparel - Womens,894.79,27.0,Credit Card,15,2,0.133,0.28,44,1,0
108670,536,Beauty,875.25,9.6,Credit Card,7,1,0.143,0.05,45,1,0
108671,1909,Beauty,754.37,4.8,UPI,9,0,0.0,0.05,19,0,0
108672,1853,Home & Kitchen,3665.85,17.2,UPI,10,3,0.3,0.07,3,1,0
108673,1564,Home & Kitchen,2073.51,1.6,UPI,16,2,0.125,0.07,7,3,0
108674,915,Apparel - Womens,1261.28,8.4,UPI,7,4,0.571,0.28,81,0,1
108675,2196,Beauty,847.8,19.0,Debit Card,12,1,0.083,0.05,55,3,0
108676,319,Home & Kitchen,1622.29,7.1,Credit Card,11,3,0.273,0.07,7,0,1
108677,1774,Electronics,7589.23,9.6,COD,14,4,0.286,0.09,9,0,0
108678,1318,Furniture,10965.37,17.6,COD,13,0,0.0,0.11,30,0,0
108679,1367,Furniture,13602.45,25.2,Credit Card,14,5,0.357,0.11,80,0,1
108680,875,Home & Kitchen,2296.83,11.5,Debit Card,10,2,0.2,0.07,56,0,0
108681,711,Electronics,1868.12,4.1,Credit Card,13,1,0.077,0.09,172,1,0
108682,65,Furniture,11908.45,9.3,Netbanking,9,2,0.222,0.11,25,2,0
108683,2147,Footwear,2904.7,12.9,Credit Card,15,2,0.133,0.24,17,1,0
108684,795,Home & Kitchen,1213.23,12.8,Debit Card,13,3,0.231,0.07,34,1,0
108685,85,Furniture,10406.54,10.3,COD,11,4,0.364,0.11,29,0,0
108686,1202,Beauty,346.36,11.4,Credit Card,12,5,0.417,0.05,36,1,0
108687,367,Apparel - Womens,2557.19,5.3,Credit Card,17,2,0.118,0.28,41,1,0
108688,1201,Apparel - Womens,1024.11,24.3,UPI,10,1,0.1,0.28,67,0,1
108689,135,Furniture,15600.07,7.9,COD,9,1,0.111,0.11,11,3,0
108690,797,Home & Kitchen,2508.38,17.9,UPI,9,0,0.0,0.07,40,3,0
108691,1912,Mobile Accessories,430.55,22.3,Debit Card,11,5,0.455,0.06,3,1,0
108692,1242,Furniture,7950.26,5.4,UPI,11,2,0.182,0.11,5,0,0
108693,1433,Furniture,13401.38,2.6,Credit Card,16,1,0.062,0.11,9,1,0
108694,1951,Beauty,575.06,9.4,UPI,12,1,0.083,0.05,15,3,0
108695,42,Home & Kitchen,2782.93,16.0,COD,11,3,0.273,0.07,5,1,0
108696,484,Mobile Accessories,1230.75,17.6,Debit Card,5,0,0.0,0.06,17,2,0
108697,1326,Footwear,2879.54,4.3,COD,17,7,0.412,0.24,48,3,1
108698,673,Apparel - Womens,2765.01,13.9,Debit Card,9,0,0.0,0.28,122,1,0
108699,936,Apparel - Mens,1577.8,15.5,COD,14,3,0.214,0.19,86,3,0
108700,141,Apparel - Womens,1289.33,20.1,Debit Card,15,2,0.133,0.28,48,1,0
108701,1157,Footwear,2669.1,6.9,UPI,7,1,0.143,0.24,7,0,0
108702,1009,Footwear,2881.42,20.1,UPI,11,1,0.091,0.24,27,0,0
108703,549,Furniture,8063.92,9.1,UPI,7,1,0.143,0.11,38,1,0
108704,1407,Furniture,10401.23,14.6,UPI,15,3,0.2,0.11,5,1,0
108705,2003,Apparel - Mens,2732.29,12.2,COD,11,0,0.0,0.19,15,0,0
108706,331,Apparel - Mens,1280.75,3.2,COD,10,3,0.3,0.19,43,1,0
108707,1667,Furniture,6150.85,17.2,Credit Card,13,4,0.308,0.11,14,0,0
108708,722,Furniture,6705.9,5.2,UPI,10,1,0.1,0.11,13,0,0
108709,95,Electronics,7267.35,19.6,Credit Card,9,2,0.222,0.09,10,0,0
108710,1771,Apparel - Mens,1030.97,18.8,UPI,15,0,0.0,0.19,6,1,0
108711,959,Furniture,10395.89,11.1,COD,10,3,0.3,0.11,27,2,0
108712,809,Electronics,8909.18,17.5,Debit Card,12,2,0.167,0.09,79,3,1
108713,437,Furniture,8126.66,24.0,COD,8,1,0.125,0.11,6,3,0
108714,280,Apparel - Womens,2817.59,18.3,UPI,12,2,0.167,0.28,76,0,0
108715,1962,Mobile Accessories,295.33,12.6,Debit Card,8,0,0.0,0.06,21,3,0
108716,778,Beauty,1246.54,14.4,UPI,15,4,0.267,0.05,84,0,0
108717,1077,Home & Kitchen,1872.78,16.5,COD,9,1,0.111,0.07,80,1,0
108718,1622,Mobile Accessories,515.14,8.7,COD,10,1,0.1,0.06,1,1,0
108719,1152,Footwear,1503.14,25.1,UPI,13,2,0.154,0.24,95,1,1
108720,756,Apparel - Womens,1904.13,6.0,UPI,9,3,0.333,0.28,3,1,0
108721,2055,Apparel - Mens,2398.47,11.0,UPI,11,1,0.091,0.19,29,1,1
108722,73,Apparel - Womens,1469.79,4.8,Credit Card,13,1,0.077,0.28,26,1,0
108723,17,Furniture,7850.41,3.3,Debit Card,9,0,0.0,0.11,15,0,0
108724,29,Furniture,18513.87,5.5,COD,10,1,0.1,0.11,0,3,0
108725,426,Beauty,759.6,18.8,Debit Card,10,5,0.5,0.05,16,1,0
108726,723,Footwear,1443.28,6.1,UPI,10,0,0.0,0.24,59,3,0
108727,1163,Beauty,1164.79,2.4,UPI,12,1,0.083,0.05,12,2,0
108728,1852,Home & Kitchen,2058.64,5.9,Credit Card,12,0,0.0,0.07,3,0,0
108729,1323,Mobile Accessories,832.26,17.7,COD,9,0,0.0,0.06,2,3,0
108730,908,Beauty,687.78,18.8,Credit Card,8,1,0.125,0.05,7,1,0
108731,1050,Footwear,2213.02,9.3,UPI,15,12,0.8,0.24,13,1,0
108732,1382,Footwear,3030.5,2.4,Credit Card,13,4,0.308,0.24,5,1,1
108733,1195,Beauty,1152.8,15.1,Credit Card,17,10,0.588,0.05,0,2,0
108734,1221,Electronics,5454.66,4.3,Netbanking,11,0,0.0,0.09,22,0,0
108735,549,Apparel - Mens,1681.52,7.6,Debit Card,7,1,0.143,0.19,47,2,0
108736,2168,Footwear,2823.21,34.5,UPI,13,7,0.538,0.24,39,2,0
108737,1753,Electronics,4330.75,3.1,UPI,11,3,0.273,0.09,1,0,0
108738,1357,Beauty,809.9,4.1,Credit Card,15,2,0.133,0.05,37,1,0
108739,842,Footwear,2408.06,13.1,Debit Card,12,5,0.417,0.24,22,0,1
108740,1866,Apparel - Womens,1376.93,7.4,Debit Card,14,2,0.143,0.28,12,2,0
108741,1546,Beauty,734.79,6.6,UPI,7,0,0.0,0.05,4,2,0
108742,134,Mobile Accessories,533.92,4.9,UPI,6,1,0.167,0.06,11,2,1
108743,46,Apparel - Womens,2368.73,3.9,COD,13,1,0.077,0.28,3,2,1
108744,2143,Furniture,12085.61,12.1,COD,16,3,0.188,0.11,70,0,0
108745,384,Apparel - Womens,2532.63,19.9,Credit Card,10,2,0.2,0.28,53,2,0
108746,1307,Home & Kitchen,2568.33,13.4,Credit Card,12,5,0.417,0.07,35,1,0
108747,1118,Apparel - Mens,2116.37,4.2,Debit Card,13,2,0.154,0.19,79,0,0
108748,1509,Footwear,2024.63,14.1,Credit Card,8,0,0.0,0.24,25,0,1
108749,54,Beauty,956.46,4.3,Debit Card,14,3,0.214,0.05,67,3,0
108750,844,Furniture,8845.2,43.3,Credit Card,12,1,0.083,0.11,20,1,0
108751,34,Electronics,5929.31,17.5,UPI,13,1,0.077,0.09,33,3,0
108752,1586,Apparel - Mens,1222.03,11.1,UPI,16,2,0.125,0.19,12,0,0
108753,835,Home & Kitchen,150.0,10.7,UPI,19,0,0.0,0.07,24,2,0
108754,1504,Electronics,7080.81,4.9,Credit Card,11,3,0.273,0.09,11,2,0
108755,1704,Mobile Accessories,425.64,4.4,Debit Card,8,3,0.375,0.06,16,1,0
108756,1006,Mobile Accessories,747.7,20.8,UPI,11,1,0.091,0.06,1,4,0
108757,137,Footwear,4093.02,4.7,COD,19,1,0.053,0.24,7,1,0
108758,2092,Electronics,5495.8,22.0,COD,7,1,0.143,0.09,36,3,0
108759,1665,Footwear,3356.63,13.8,Credit Card,11,1,0.091,0.24,195,0,0
108760,139,Mobile Accessories,499.98,9.4,Debit Card,9,0,0.0,0.06,10,2,0
108761,1983,Apparel - Mens,2352.62,24.0,Credit Card,15,2,0.133,0.19,40,0,1
108762,2057,Furniture,13036.55,16.9,Netbanking,8,1,0.125,0.11,70,0,1
108763,56,Electronics,3210.77,9.3,UPI,14,1,0.071,0.09,3,0,0
108764,538,Home & Kitchen,150.0,11.3,COD,11,2,0.182,0.07,0,2,0
108765,1916,Beauty,1589.99,18.7,UPI,13,0,0.0,0.05,33,1,0
108766,1790,Beauty,1094.9,20.9,Credit Card,13,3,0.231,0.05,7,3,0
108767,77,Electronics,6173.23,1.9,Credit Card,12,4,0.333,0.09,42,2,0
108768,597,Footwear,2248.2,11.6,UPI,13,1,0.077,0.24,17,2,0
108769,127,Beauty,1376.28,4.0,Debit Card,10,1,0.1,0.05,35,2,0
108770,305,Furniture,10458.77,19.7,Credit Card,10,2,0.2,0.11,64,2,0
108771,1431,Furniture,5017.03,4.7,Credit Card,12,0,0.0,0.11,16,1,0
108772,1343,Electronics,7095.43,11.1,UPI,17,0,0.0,0.09,111,1,0
108773,1349,Home & Kitchen,2542.84,15.7,Netbanking,10,0,0.0,0.07,71,0,0
108774,640,Footwear,1040.24,13.1,UPI,11,3,0.273,0.24,61,2,0
108775,409,Footwear,2786.02,7.7,Credit Card,11,3,0.273,0.24,13,1,1
108776,1108,Apparel - Womens,1993.3,12.5,UPI,12,2,0.167,0.28,7,2,1
108777,987,Electronics,4048.64,3.4,UPI,17,2,0.118,0.09,30,0,0
108778,1111,Electronics,9695.38,9.5,Credit Card,11,1,0.091,0.09,1,0,0
108779,913,Electronics,10215.21,26.4,Debit Card,12,1,0.083,0.09,44,2,0
108780,1750,Electronics,6863.6,12.6,Debit Card,16,5,0.312,0.09,26,0,1
108781,1471,Mobile Accessories,518.0,14.6,Debit Card,12,1,0.083,0.06,66,0,0
108782,1554,Beauty,724.08,7.3,UPI,13,2,0.154,0.05,5,1,0
108783,627,Mobile Accessories,150.0,20.1,COD,9,2,0.222,0.06,1,1,0
108784,847,Home & Kitchen,1166.83,16.7,UPI,12,0,0.0,0.07,47,3,0
108785,1307,Footwear,1384.39,6.3,Debit Card,12,5,0.417,0.24,74,0,0
108786,821,Apparel - Mens,2009.23,30.2,UPI,13,2,0.154,0.19,116,1,0
108787,149,Apparel - Mens,1607.74,7.3,Credit Card,10,0,0.0,0.19,102,1,1
108788,2120,Footwear,3695.05,7.6,Debit Card,11,2,0.182,0.24,32,1,1
108789,917,Electronics,5090.91,21.3,UPI,13,3,0.231,0.09,120,1,0
108790,1159,Home & Kitchen,3135.96,20.7,UPI,13,2,0.154,0.07,7,5,0
108791,1836,Electronics,11154.02,7.9,Debit Card,12,1,0.083,0.09,6,1,0
108792,1296,Beauty,1467.47,10.0,UPI,9,1,0.111,0.05,4,0,0
108793,1038,Furniture,14635.95,0.0,UPI,11,1,0.091,0.11,55,1,0
108794,152,Apparel - Womens,2953.42,3.5,UPI,16,1,0.062,0.28,18,2,0
108795,1059,Footwear,1942.63,6.2,COD,11,0,0.0,0.24,7,1,0
108796,1941,Beauty,528.25,2.6,COD,13,2,0.154,0.05,34,0,0
108797,285,Electronics,11089.17,5.1,UPI,10,1,0.1,0.09,8,0,0
108798,798,Beauty,324.41,19.7,Debit Card,10,1,0.1,0.05,40,3,0
108799,999,Electronics,4524.69,3.6,COD,11,1,0.091,0.09,2,1,0
108800,1740,Footwear,2670.69,5.1,Debit Card,8,1,0.125,0.24,50,0,1
108801,1228,Beauty,968.85,7.4,Debit Card,13,4,0.308,0.05,8,4,0
108802,156,Electronics,2127.94,19.6,UPI,14,0,0.0,0.09,17,1,0
108803,1376,Footwear,1118.07,20.3,Debit Card,18,5,0.278,0.24,23,2,0
108804,1665,Furniture,17015.21,7.1,UPI,11,1,0.091,0.11,5,0,1
108805,1874,Apparel - Womens,847.62,5.7,Credit Card,12,1,0.083,0.28,44,0,0
108806,1116,Electronics,7671.46,3.1,COD,16,2,0.125,0.09,58,1,0
108807,293,Furniture,12577.36,2.7,COD,14,1,0.071,0.11,1,2,0
108808,1077,Home & Kitchen,150.0,25.2,Debit Card,9,1,0.111,0.07,6,0,0
108809,622,Beauty,1438.09,12.9,COD,12,1,0.083,0.05,26,1,0
108810,1397,Electronics,4968.08,16.6,COD,14,4,0.286,0.09,32,3,0
108811,1054,Home & Kitchen,3358.27,18.3,Credit Card,16,1,0.062,0.07,0,0,0
108812,1346,Furniture,15263.72,4.7,Credit Card,13,0,0.0,0.11,27,1,0
108813,371,Apparel - Womens,1218.47,17.9,COD,15,1,0.067,0.28,78,0,0
108814,753,Electronics,10867.04,7.4,COD,10,0,0.0,0.09,1,3,0
108815,520,Beauty,1323.98,13.1,UPI,8,0,0.0,0.05,25,2,0
108816,1574,Apparel - Mens,1787.95,14.9,COD,9,0,0.0,0.19,27,2,0
108817,1635,Mobile Accessories,636.87,10.4,Netbanking,15,5,0.333,0.06,21,2,0
108818,1499,Furniture,9336.35,1.5,UPI,13,1,0.077,0.11,40,1,0
108819,1213,Apparel - Womens,2349.57,14.4,Debit Card,10,0,0.0,0.28,127,2,0
108820,1723,Electronics,8111.8,16.6,Credit Card,14,1,0.071,0.09,13,1,0
108821,2008,Footwear,1225.72,14.7,Credit Card,15,5,0.333,0.24,3,2,1
108822,1364,Footwear,2732.61,13.3,COD,13,0,0.0,0.24,8,0,0
108823,1465,Furniture,10423.09,3.5,UPI,11,0,0.0,0.11,148,0,0
108824,343,Furniture,13040.93,9.0,UPI,15,4,0.267,0.11,1,1,0
108825,2118,Home & Kitchen,1425.04,14.4,Debit Card,10,6,0.6,0.07,51,1,0
108826,1136,Mobile Accessories,733.44,6.5,COD,14,1,0.071,0.06,10,1,0
108827,488,Electronics,6868.7,21.2,Netbanking,13,1,0.077,0.09,2,1,0
108828,1377,Apparel - Mens,1423.47,9.5,Credit Card,12,0,0.0,0.19,60,0,0
108829,1885,Footwear,3489.75,5.9,UPI,12,2,0.167,0.24,61,0,0
108830,1599,Footwear,661.6,11.1,UPI,15,0,0.0,0.24,14,0,0
108831,651,Beauty,1182.38,18.3,UPI,8,0,0.0,0.05,86,1,0
108832,1065,Apparel - Mens,1143.84,14.8,UPI,12,4,0.333,0.19,10,2,0
108833,1388,Apparel - Womens,2024.91,35.2,UPI,9,0,0.0,0.28,0,3,0
108834,1955,Apparel - Womens,2748.71,23.3,Credit Card,12,0,0.0,0.28,20,1,0
108835,196,Home & Kitchen,3256.84,16.6,Netbanking,17,4,0.235,0.07,10,1,0
108836,848,Apparel - Mens,1995.18,13.1,Debit Card,11,1,0.091,0.19,15,0,0
108837,1217,Footwear,3766.8,5.5,COD,11,2,0.182,0.24,54,2,0
108838,2085,Home & Kitchen,3435.92,36.6,COD,14,1,0.071,0.07,28,1,0
108839,1265,Mobile Accessories,974.3,1.8,COD,14,1,0.071,0.06,10,0,0
108840,480,Apparel - Womens,1784.97,15.7,COD,11,3,0.273,0.28,59,1,0
108841,1243,Apparel - Womens,661.12,23.0,UPI,13,0,0.0,0.28,183,1,0
108842,1925,Home & Kitchen,2221.51,14.5,UPI,10,6,0.6,0.07,128,0,1
108843,2003,Furniture,6797.15,8.2,UPI,11,0,0.0,0.11,5,0,0
108844,721,Furniture,5927.8,2.0,Debit Card,11,0,0.0,0.11,35,2,0
108845,535,Apparel - Mens,1068.61,17.9,Netbanking,13,1,0.077,0.19,91,1,1
108846,2068,Furniture,11410.69,2.3,UPI,17,0,0.0,0.11,31,1,0
108847,221,Footwear,1417.86,15.7,COD,14,5,0.357,0.24,23,0,1
108848,1754,Home & Kitchen,1928.84,8.9,COD,14,8,0.571,0.07,6,2,0
108849,30,Furniture,13370.05,8.3,Debit Card,12,7,0.583,0.11,69,1,1
108850,1596,Footwear,2366.4,9.6,Credit Card,8,0,0.0,0.24,4,1,0
108851,1424,Footwear,150.0,35.4,UPI,9,2,0.222,0.24,47,1,0
108852,305,Home & Kitchen,3819.33,3.3,Credit Card,10,2,0.2,0.07,30,0,0
108853,2115,Beauty,1404.25,5.2,UPI,17,4,0.235,0.05,68,0,0
108854,1572,Apparel - Womens,1918.67,9.3,COD,9,0,0.0,0.28,22,1,0
108855,701,Beauty,972.98,13.2,COD,10,2,0.2,0.05,9,0,1
108856,950,Beauty,1047.9,16.0,Debit Card,16,10,0.625,0.05,44,0,0
108857,855,Apparel - Mens,1583.36,23.6,Credit Card,12,1,0.083,0.19,2,0,0
108858,1851,Electronics,9328.89,4.5,Credit Card,8,3,0.375,0.09,98,1,0
108859,1219,Furniture,9981.65,23.5,UPI,11,2,0.182,0.11,15,2,0
108860,1102,Home & Kitchen,1782.4,1.0,COD,12,1,0.083,0.07,8,1,0
108861,896,Home & Kitchen,2411.37,3.2,COD,15,4,0.267,0.07,11,0,0
108862,1031,Home & Kitchen,1210.89,12.3,Debit Card,11,8,0.727,0.07,50,1,0
108863,1309,Footwear,3582.78,2.0,COD,10,3,0.3,0.24,21,0,1
108864,27,Apparel - Womens,150.0,17.7,Credit Card,11,0,0.0,0.28,10,3,0
108865,1307,Home & Kitchen,5291.26,8.1,Credit Card,12,5,0.417,0.07,25,3,0
108866,354,Footwear,2553.82,28.9,UPI,13,4,0.308,0.24,4,1,1
108867,1734,Mobile Accessories,928.29,9.7,Credit Card,8,2,0.25,0.06,49,3,0
108868,1074,Furniture,11422.89,9.0,Credit Card,15,2,0.133,0.11,67,0,0
108869,1067,Home & Kitchen,2760.16,33.0,Credit Card,12,2,0.167,0.07,24,2,0
108870,875,Apparel - Womens,979.38,11.0,Credit Card,10,2,0.2,0.28,17,1,0
108871,258,Mobile Accessories,751.12,2.2,UPI,14,7,0.5,0.06,34,2,0
108872,1750,Apparel - Mens,1614.11,0.3,UPI,16,5,0.312,0.19,6,3,0
108873,878,Home & Kitchen,675.18,19.1,COD,17,1,0.059,0.07,1,2,0
108874,1559,Apparel - Womens,1257.61,2.2,Credit Card,10,2,0.2,0.28,0,0,0
108875,1769,Beauty,1320.19,25.2,UPI,18,4,0.222,0.05,8,2,0
108876,182,Electronics,5360.09,17.1,UPI,12,4,0.333,0.09,19,0,0
108877,393,Electronics,499.04,3.0,Credit Card,11,0,0.0,0.09,119,2,0
108878,1133,Electronics,12685.73,12.0,UPI,12,2,0.167,0.09,7,1,0
108879,507,Electronics,6180.3,20.7,Credit Card,15,2,0.133,0.09,69,1,0
108880,2053,Electronics,3650.0,7.2,UPI,14,3,0.214,0.09,2,1,0
108881,1212,Beauty,1651.06,34.0,UPI,10,1,0.1,0.05,9,0,0
108882,454,Furniture,10029.53,4.7,UPI,12,0,0.0,0.11,18,2,0
108883,1564,Furniture,5990.65,6.4,UPI,16,2,0.125,0.11,45,0,0
108884,753,Footwear,2321.91,14.2,UPI,10,0,0.0,0.24,76,0,0
108885,1644,Beauty,951.04,1.4,COD,12,4,0.333,0.05,96,3,0
108886,392,Mobile Accessories,835.98,1.4,UPI,16,2,0.125,0.06,28,2,0
108887,866,Footwear,2461.0,15.3,UPI,17,0,0.0,0.24,117,1,0
108888,997,Furniture,11564.66,4.7,UPI,11,1,0.091,0.11,50,1,0
108889,1745,Apparel - Mens,965.52,11.2,Credit Card,10,0,0.0,0.19,17,2,0
108890,1002,Apparel - Mens,439.87,3.2,UPI,17,1,0.059,0.19,25,0,0
108891,704,Home & Kitchen,2701.79,13.3,UPI,7,4,0.571,0.07,78,2,0
108892,1679,Apparel - Womens,1935.77,2.5,COD,10,4,0.4,0.28,21,2,1
108893,1874,Beauty,1139.99,4.8,UPI,12,1,0.083,0.05,8,0,0
108894,1859,Mobile Accessories,422.44,10.0,COD,11,2,0.182,0.06,147,1,0
108895,387,Mobile Accessories,654.54,7.2,Credit Card,14,3,0.214,0.06,38,1,0
108896,140,Footwear,3768.69,6.1,UPI,7,1,0.143,0.24,18,3,0
108897,1823,Apparel - Womens,1468.36,8.8,Credit Card,17,0,0.0,0.28,59,1,1
108898,663,Electronics,7623.4,3.0,UPI,8,2,0.25,0.09,4,0,0
108899,1524,Electronics,6350.17,6.6,UPI,13,1,0.077,0.09,57,2,0
108900,364,Beauty,1479.17,3.3,COD,13,8,0.615,0.05,43,0,0
108901,2093,Apparel - Mens,1615.85,9.6,UPI,10,2,0.2,0.19,32,2,0
108902,1237,Apparel - Womens,2210.95,22.2,Credit Card,13,4,0.308,0.28,10,0,1
108903,1365,Mobile Accessories,150.0,6.0,Debit Card,9,1,0.111,0.06,6,0,0
108904,2184,Electronics,3750.6,11.3,Credit Card,14,4,0.286,0.09,114,1,0
108905,627,Footwear,3032.89,17.4,COD,9,2,0.222,0.24,9,2,1
108906,864,Apparel - Mens,777.55,24.7,COD,11,5,0.455,0.19,4,1,1
108907,47,Apparel - Womens,2492.62,1.2,COD,8,1,0.125,0.28,1,0,0
108908,1085,Mobile Accessories,375.21,7.9,Credit Card,12,2,0.167,0.06,38,0,0
108909,1478,Footwear,3126.2,4.5,COD,10,2,0.2,0.24,54,0,0
108910,408,Electronics,13219.11,2.4,Credit Card,13,0,0.0,0.09,5,1,0
108911,2188,Home & Kitchen,1493.16,3.6,Credit Card,9,1,0.111,0.07,69,2,0
108912,1263,Mobile Accessories,389.41,19.6,UPI,13,2,0.154,0.06,27,1,0
108913,249,Electronics,9350.68,20.8,UPI,10,0,0.0,0.09,53,0,0
108914,1440,Mobile Accessories,757.96,16.9,COD,10,1,0.1,0.06,10,0,0
108915,219,Mobile Accessories,1289.92,17.3,UPI,10,1,0.1,0.06,56,2,0
108916,732,Electronics,8444.01,12.9,UPI,13,1,0.077,0.09,30,0,0
108917,643,Electronics,6377.5,5.1,Credit Card,11,1,0.091,0.09,7,0,1
108918,593,Furniture,10502.16,3.0,Credit Card,12,0,0.0,0.11,109,0,1
108919,238,Apparel - Womens,1401.74,12.9,Debit Card,13,3,0.231,0.28,20,1,0
108920,1080,Apparel - Womens,415.07,21.7,UPI,11,0,0.0,0.28,40,2,0
108921,155,Apparel - Mens,2070.78,22.2,Debit Card,13,0,0.0,0.19,94,1,0
108922,585,Electronics,8972.16,9.5,Debit Card,10,4,0.4,0.09,0,2,1
108923,1607,Furniture,8112.4,5.0,COD,10,1,0.1,0.11,2,1,0
108924,2126,Beauty,747.7,8.1,UPI,11,0,0.0,0.05,22,1,0
108925,1618,Furniture,5299.44,0.6,UPI,10,1,0.1,0.11,4,1,0
108926,704,Home & Kitchen,2651.37,4.2,COD,7,4,0.571,0.07,23,0,0
108927,358,Furniture,11059.95,20.4,UPI,18,5,0.278,0.11,34,1,0
108928,1126,Apparel - Mens,1324.08,8.2,Credit Card,9,1,0.111,0.19,26,1,1
108929,1521,Mobile Accessories,1227.63,20.8,UPI,7,3,0.429,0.06,73,5,0
108930,734,Electronics,8838.74,16.5,UPI,14,6,0.429,0.09,15,3,1
108931,1716,Mobile Accessories,691.74,1.5,Debit Card,11,1,0.091,0.06,23,0,0
108932,328,Home & Kitchen,1288.22,18.0,COD,15,8,0.533,0.07,36,0,0
108933,1612,Apparel - Mens,2656.73,10.4,Credit Card,9,2,0.222,0.19,5,2,0
108934,602,Footwear,2740.07,3.5,Credit Card,14,4,0.286,0.24,20,0,0
108935,448,Beauty,1682.08,3.5,COD,10,0,0.0,0.05,0,1,0
108936,343,Apparel - Mens,1060.53,14.2,COD,15,4,0.267,0.19,92,2,1
108937,2080,Electronics,9168.27,5.2,UPI,17,6,0.353,0.09,6,1,1
108938,480,Beauty,1294.61,8.3,Credit Card,11,3,0.273,0.05,9,4,1
108939,565,Mobile Accessories,512.25,19.3,COD,11,3,0.273,0.06,1,3,1
108940,1841,Home & Kitchen,2785.5,8.7,UPI,13,2,0.154,0.07,79,2,0
108941,1437,Furniture,6768.36,25.4,COD,12,2,0.167,0.11,10,1,1
108942,689,Footwear,2366.47,0.9,COD,9,1,0.111,0.24,9,1,0
108943,1923,Mobile Accessories,910.61,6.7,UPI,11,2,0.182,0.06,1,1,0
108944,883,Apparel - Mens,1914.75,21.4,Debit Card,10,0,0.0,0.19,41,2,0
108945,2166,Home & Kitchen,1676.83,6.2,Netbanking,10,0,0.0,0.07,1,1,0
108946,442,Footwear,3354.57,1.9,Credit Card,11,0,0.0,0.24,9,0,0
108947,765,Furniture,8093.65,6.1,Debit Card,15,0,0.0,0.11,33,0,0
108948,2099,Footwear,2877.73,9.2,Credit Card,16,3,0.188,0.24,91,1,0
108949,1161,Footwear,2045.29,10.8,Credit Card,13,1,0.077,0.24,50,1,0
108950,386,Apparel - Mens,1470.21,4.1,Credit Card,10,5,0.5,0.19,3,2,0
108951,2103,Home & Kitchen,2506.17,36.1,Debit Card,11,4,0.364,0.07,38,1,0
108952,197,Home & Kitchen,2001.33,19.4,Debit Card,19,2,0.105,0.07,65,1,0
108953,511,Apparel - Womens,2681.97,22.4,Debit Card,17,0,0.0,0.28,18,3,0
108954,206,Electronics,5536.38,14.8,UPI,11,3,0.273,0.09,32,1,0
108955,388,Furniture,10932.11,18.0,Netbanking,13,5,0.385,0.11,47,0,1
108956,220,Apparel - Womens,2210.17,3.5,UPI,13,4,0.308,0.28,8,1,0
108957,1616,Footwear,243.79,20.8,Credit Card,18,9,0.5,0.24,14,1,1
108958,1399,Apparel - Womens,2461.96,2.7,UPI,12,5,0.417,0.28,0,2,0
108959,1942,Beauty,1250.01,13.9,UPI,13,1,0.077,0.05,57,0,0
108960,1629,Furniture,9922.94,15.7,UPI,14,2,0.143,0.11,2,0,0
108961,458,Apparel - Womens,1452.96,8.1,UPI,12,3,0.25,0.28,0,3,0
108962,1575,Electronics,7400.49,15.3,Debit Card,10,0,0.0,0.09,14,0,0
108963,1797,Furniture,6638.29,6.0,Credit Card,13,0,0.0,0.11,46,3,0
108964,1971,Footwear,2760.76,19.9,UPI,8,4,0.5,0.24,146,3,1
108965,1182,Mobile Accessories,1065.08,14.9,UPI,7,0,0.0,0.06,46,1,0
108966,1120,Mobile Accessories,385.19,21.3,Credit Card,17,3,0.176,0.06,0,1,0
108967,1810,Electronics,489.86,5.7,Credit Card,15,6,0.4,0.09,61,0,0
108968,424,Home & Kitchen,2277.94,5.7,Credit Card,12,2,0.167,0.07,41,1,0
108969,202,Footwear,871.57,10.4,COD,13,0,0.0,0.24,1,2,0
108970,304,Apparel - Womens,1018.02,5.7,Debit Card,15,0,0.0,0.28,53,0,1
108971,1457,Beauty,760.28,4.6,COD,8,0,0.0,0.05,5,2,0
108972,1038,Home & Kitchen,1846.81,10.2,UPI,11,1,0.091,0.07,87,0,0
108973,1317,Furniture,7277.82,10.7,UPI,10,1,0.1,0.11,7,1,0
108974,924,Apparel - Mens,1486.26,3.9,COD,11,2,0.182,0.19,3,1,0
108975,852,Mobile Accessories,997.85,9.0,Credit Card,13,0,0.0,0.06,122,0,0
108976,293,Furniture,1143.91,19.5,UPI,14,1,0.071,0.11,46,1,0
108977,1262,Beauty,733.96,1.5,Credit Card,14,2,0.143,0.05,105,0,0
108978,1615,Electronics,3005.34,17.6,Credit Card,13,6,0.462,0.09,1,1,1
108979,2148,Home & Kitchen,1093.82,4.4,Debit Card,12,3,0.25,0.07,17,2,0
108980,842,Footwear,3266.59,9.9,Credit Card,12,5,0.417,0.24,31,1,0
108981,1750,Apparel - Mens,2564.79,15.0,UPI,16,5,0.312,0.19,40,2,1
108982,2182,Beauty,800.74,5.1,COD,10,1,0.1,0.05,25,0,0
108983,940,Home & Kitchen,1624.9,15.0,COD,17,3,0.176,0.07,24,1,1
108984,2189,Apparel - Mens,2082.86,18.1,Credit Card,12,6,0.5,0.19,70,3,1
108985,1500,Beauty,1656.74,15.7,COD,13,0,0.0,0.05,19,0,0
108986,1656,Beauty,1521.52,11.5,UPI,9,2,0.222,0.05,25,1,0
108987,589,Home & Kitchen,2125.91,3.9,UPI,12,5,0.417,0.07,38,1,0
108988,1377,Apparel - Womens,2597.55,5.7,UPI,12,0,0.0,0.28,28,3,0
108989,1502,Furniture,8358.81,1.9,Credit Card,9,1,0.111,0.11,21,0,0
108990,142,Mobile Accessories,652.53,17.9,COD,12,3,0.25,0.06,42,0,0
108991,709,Apparel - Womens,1865.88,16.1,Credit Card,13,6,0.462,0.28,3,0,0
108992,1690,Mobile Accessories,734.21,9.5,UPI,13,0,0.0,0.06,6,2,0
108993,252,Furniture,10399.73,20.4,Credit Card,9,1,0.111,0.11,7,1,0
108994,1268,Beauty,1181.63,1.4,Credit Card,18,2,0.111,0.05,24,0,0
108995,347,Apparel - Mens,1619.94,5.8,Credit Card,13,8,0.615,0.19,33,0,1
108996,846,Electronics,7590.14,7.7,UPI,13,6,0.462,0.09,55,0,0
108997,1416,Electronics,7361.04,28.7,Credit Card,19,4,0.211,0.09,3,1,0
108998,624,Mobile Accessories,536.11,24.1,UPI,13,5,0.385,0.06,48,1,0
108999,2082,Electronics,4392.84,10.2,Credit Card,13,0,0.0,0.09,2,2,0
